queue_length,token_position,active_counters,avg_processing_time_min,centre_workload_pct,hour_of_day,day_of_week,crop_factor,quantity_quintals,historical_avg_wait_min,actual_wait_minutes
39,21,4,6.6,37.0,16,5,0.95,60.3,54.8,43.1
52,16,4,9.4,107.4,15,0,1.4,37.0,43.1,63.6
29,14,3,8.3,51.2,9,3,0.95,99.9,16.3,43.5
15,7,4,8.0,85.2,14,1,1.05,89.9,31.9,22.7
43,28,3,7.3,37.3,15,2,1.0,76.7,37.1,74.8
8,8,5,9.2,103.1,14,4,1.25,108.3,28.0,30.5
21,19,4,7.8,77.3,16,4,1.4,104.0,58.1,59.4
39,9,3,5.1,82.5,14,1,0.9,31.1,37.5,17.8
58,58,3,5.4,92.5,14,1,1.1,106.0,47.5,122.8
19,13,4,6.1,78.5,8,4,1.05,48.0,44.5,26.6
23,22,3,9.2,35.7,9,3,0.9,54.7,50.5,65.4
11,5,6,9.3,64.4,12,4,0.95,116.8,62.1,14.1
11,7,2,8.5,51.0,8,0,1.35,92.4,50.1,43.4
24,5,2,8.5,68.9,17,2,0.9,42.0,62.9,20.7
53,42,2,10.2,62.3,14,1,0.95,79.5,50.4,204.5
36,32,3,8.5,96.1,12,5,1.05,67.0,43.6,115.1
40,10,5,9.0,49.8,12,1,0.95,18.4,45.9,23.6
24,7,1,8.0,46.1,15,3,1.35,107.1,10.5,76.2
3,2,4,7.3,106.6,16,0,1.4,99.5,36.5,16.8
22,15,4,7.6,106.0,17,4,1.1,94.4,40.3,44.2
53,7,4,11.1,109.5,8,0,1.1,69.3,47.3,35.2
2,1,3,6.4,75.5,17,0,0.9,30.4,41.7,4.7
24,15,4,8.5,39.1,11,3,1.4,106.6,46.0,57.9
44,3,1,5.7,100.4,9,3,1.35,45.6,26.1,26.9
30,19,4,7.1,41.6,16,5,0.95,7.3,23.0,34.7
38,10,2,9.2,42.4,16,4,1.1,117.9,27.8,56.2
2,2,3,5.3,45.5,8,5,1.1,104.0,60.9,10.5
21,15,4,9.4,82.3,10,4,1.35,76.6,26.8,60.4
33,6,2,11.1,38.6,17,2,1.0,6.4,32.5,27.7
12,12,2,8.5,92.3,15,0,0.9,31.2,43.3,49.1
58,47,4,9.9,34.7,9,4,1.25,57.0,22.9,151.3
22,6,3,8.4,38.8,9,3,0.9,77.2,31.5,23.0
44,13,3,9.1,64.8,9,2,0.95,86.4,50.1,40.3
25,19,2,8.7,60.3,12,5,0.95,95.7,36.7,93.4
49,3,1,7.2,109.2,16,2,1.4,68.9,62.2,30.0
27,8,3,7.1,107.3,14,3,1.35,80.5,21.6,33.7
59,8,2,9.8,45.2,14,4,1.05,98.3,37.9,45.0
42,20,5,7.9,105.7,9,3,1.35,87.8,36.7,55.3
28,15,1,7.8,85.4,9,4,1.35,114.8,41.9,158.0
16,4,3,7.8,62.7,12,3,1.05,105.6,27.3,18.3
15,3,2,8.5,89.2,14,3,1.1,24.5,35.0,13.5
47,21,2,6.2,102.0,14,1,1.1,114.0,51.5,79.6
51,3,4,7.7,44.4,16,4,1.0,28.5,38.8,16.3
44,8,3,8.5,45.7,10,0,1.1,119.0,29.2,30.1
55,23,1,6.1,62.7,8,1,1.1,85.7,67.0,152.2
52,16,1,8.3,43.5,16,1,1.05,77.2,42.6,139.2
57,13,2,6.7,58.8,8,1,1.25,42.3,49.4,58.5
3,3,4,8.5,81.7,15,1,0.9,20.3,51.2,11.5
37,9,3,11.2,95.0,12,0,1.1,19.5,41.2,45.3
51,14,1,7.8,54.2,15,1,1.4,104.7,32.5,146.9
7,5,3,6.4,52.5,14,5,1.25,54.7,44.4,17.3
21,21,4,8.4,92.4,16,0,1.25,69.4,33.6,56.1
9,9,5,8.7,60.5,9,5,1.0,112.2,46.5,23.4
39,7,5,6.6,95.5,16,0,1.4,34.4,40.0,20.0
18,15,3,5.4,109.5,17,5,0.95,92.9,54.4,36.8
4,3,2,6.6,108.4,12,1,1.25,59.1,28.3,18.5
25,6,2,7.9,83.0,12,2,0.9,29.5,50.6,24.6
14,2,4,7.3,60.0,8,0,1.4,103.1,49.4,6.9
50,41,6,9.6,35.2,13,1,0.9,83.2,39.1,74.2
58,22,3,8.8,89.0,17,3,1.0,15.9,50.8,74.4
9,8,3,8.2,108.2,17,3,1.0,67.3,47.0,30.9
26,17,3,5.4,35.4,17,4,1.1,103.0,50.0,38.9
53,37,3,8.9,30.5,17,0,0.9,12.7,49.2,101.9
2,2,2,11.0,96.5,10,0,1.05,52.9,42.6,12.6
20,1,3,9.3,38.2,17,5,0.9,97.6,34.8,5.5
28,10,1,7.0,36.5,10,3,1.0,103.7,34.7,79.4
47,43,2,7.8,102.8,10,0,0.95,94.2,39.4,192.5
7,6,4,8.7,36.4,11,0,1.05,40.2,52.1,20.6
44,8,1,10.1,39.1,16,3,0.9,63.3,49.6,70.6
8,8,2,6.9,75.6,15,1,1.4,90.2,54.1,44.0
47,25,2,7.3,90.5,13,5,0.95,22.5,55.3,105.8
35,12,5,7.9,62.0,15,3,1.1,73.4,39.4,28.8
14,9,4,7.8,63.6,15,2,1.1,87.8,65.5,22.7
17,17,1,9.2,80.6,8,3,1.4,102.7,40.8,209.5
36,26,3,8.4,70.4,16,5,1.25,17.8,36.1,88.4
50,46,2,5.9,31.5,8,3,1.35,42.9,46.0,188.3
40,14,3,7.0,39.1,9,5,1.05,67.3,47.8,37.6
4,1,4,7.1,76.5,16,1,1.05,85.6,33.1,10.1
2,2,5,4.7,93.5,14,3,0.9,89.0,40.1,8.7
6,1,3,9.4,91.0,17,3,1.35,34.1,36.6,7.6
54,23,6,8.2,89.2,8,1,1.35,6.6,43.7,46.0
42,6,6,7.2,91.7,10,3,1.25,84.8,51.6,15.1
4,3,5,9.4,33.6,8,1,1.25,109.5,38.8,15.2
54,5,3,8.5,101.6,12,2,0.9,96.7,48.9,21.2
29,11,3,6.1,101.1,11,1,0.95,76.6,25.3,31.0
18,18,3,8.9,72.6,15,0,0.95,117.4,52.7,58.6
26,13,1,10.1,49.9,16,0,1.35,54.8,36.6,171.8
44,43,2,7.8,77.4,11,5,1.05,65.4,36.3,206.2
34,14,4,7.9,74.6,10,1,1.35,6.4,46.8,40.7
10,2,3,8.2,47.8,11,3,1.0,113.8,47.4,10.7
36,28,5,6.2,78.3,10,4,0.95,72.1,40.7,45.9
14,3,2,8.2,93.8,13,4,0.95,49.9,31.3,22.7
31,24,2,6.7,94.5,8,2,0.95,10.1,36.2,82.8
48,27,4,8.0,34.8,9,2,0.9,46.7,43.1,52.5
15,15,3,8.2,45.8,15,4,1.0,5.4,47.9,40.2
8,1,2,8.8,83.5,10,4,1.4,42.3,32.1,11.1
14,8,6,8.9,98.8,11,1,1.0,114.4,34.3,24.1
23,20,4,6.6,71.7,8,4,1.25,22.7,45.2,43.8
57,28,3,8.3,86.6,10,0,1.25,67.7,41.0,115.1
40,33,4,9.4,31.7,8,2,0.95,26.5,43.8,74.5
21,4,4,6.3,78.7,17,5,1.25,95.1,10.6,16.6
16,14,4,10.6,107.0,12,2,1.35,69.7,38.5,69.0
45,34,4,6.5,82.9,8,0,1.05,28.3,52.2,66.6
18,16,2,10.4,103.8,16,2,1.35,104.6,34.6,120.4
47,3,3,6.6,75.3,14,4,1.05,95.2,47.8,12.0
53,26,1,7.9,97.5,15,2,1.0,114.4,27.5,210.5
24,8,1,7.7,39.9,16,0,1.25,5.1,23.2,74.4
26,6,5,5.9,39.9,17,2,1.1,57.6,47.0,16.2
25,16,3,9.0,39.6,15,5,0.9,120.0,41.3,51.5
45,24,4,9.1,69.1,10,5,1.25,98.3,38.0,84.2
41,39,4,8.9,56.4,14,5,1.05,100.6,52.2,95.1
29,13,5,7.6,87.5,14,5,1.0,76.4,38.3,30.8
15,13,5,6.9,102.2,14,4,1.25,87.0,34.4,31.9
45,5,3,9.6,79.5,15,5,1.35,97.6,33.1,28.7
1,1,3,8.3,47.1,11,5,1.0,15.6,30.6,11.3
25,25,2,6.9,104.5,13,1,1.35,84.6,47.6,141.8
7,4,3,8.3,72.2,9,5,0.95,98.8,38.3,19.1
9,6,3,5.5,87.6,14,4,0.9,9.7,55.7,10.2
24,18,3,8.2,101.2,16,5,1.0,39.2,10.0,53.9
1,1,4,9.0,109.2,12,2,0.9,42.3,53.1,14.7
44,18,6,7.7,70.5,11,5,1.25,103.3,46.3,38.5
8,2,4,9.1,94.6,9,3,1.35,94.7,40.9,9.1
24,10,3,9.2,75.3,14,2,1.05,80.5,26.5,32.8
11,7,3,8.4,68.9,9,5,1.1,97.5,22.1,26.2
51,45,1,10.7,73.0,9,5,1.25,57.1,51.0,592.6
17,15,2,10.0,68.7,16,2,0.9,105.6,44.9,74.1
8,7,4,8.9,63.7,9,0,0.95,31.9,44.7,16.6
35,12,2,8.5,87.9,17,3,1.05,86.0,40.8,60.8
35,13,4,7.6,50.0,10,0,1.4,32.8,52.2,40.1
33,11,3,7.0,79.3,10,5,1.4,9.6,35.0,39.0
59,19,2,9.2,87.0,9,0,0.95,37.7,38.0,85.6
5,3,2,7.7,101.4,17,4,1.4,61.7,39.9,21.2
42,39,3,6.5,56.6,10,1,1.35,102.0,39.4,137.2
39,26,3,6.8,98.8,16,2,1.25,63.5,58.0,77.6
58,46,4,7.0,105.6,10,3,1.0,25.6,26.9,101.2
41,14,4,10.6,81.9,12,2,1.1,119.2,18.5,48.1
28,22,3,9.3,91.7,14,0,1.05,36.1,24.6,69.6
7,5,4,8.1,62.5,8,1,1.1,118.3,50.2,22.0
9,8,3,8.6,106.2,8,0,1.05,112.7,40.8,36.3
8,1,6,8.8,83.7,17,2,1.35,67.4,22.8,7.6
12,1,2,6.7,54.8,9,4,1.25,15.6,43.2,1.0
34,22,4,6.2,62.3,8,2,0.9,85.0,38.1,36.4
33,23,3,9.6,79.4,8,0,1.25,102.3,48.7,97.3
48,19,2,6.0,48.7,17,3,1.4,56.2,51.5,81.4
55,18,2,8.0,90.3,11,3,0.95,32.5,72.2,84.3
23,12,3,6.9,48.0,17,3,0.9,97.3,27.8,32.7
24,23,2,8.3,77.3,10,3,1.1,67.7,19.6,121.2
37,28,2,7.6,85.8,8,3,0.95,27.7,49.1,99.8
35,28,6,8.8,98.8,10,5,1.25,114.2,53.8,69.9
44,33,4,4.5,88.7,8,1,1.0,114.0,26.7,46.9
40,19,4,9.7,93.9,10,1,1.0,47.2,26.7,59.9
22,20,4,9.1,103.0,11,4,1.35,12.4,46.1,79.3
27,17,6,9.5,77.8,15,3,1.1,77.5,62.6,36.9
35,26,3,9.3,97.7,10,0,0.9,41.5,31.5,89.5
1,1,2,8.5,48.5,10,0,0.95,12.6,43.0,6.6
35,35,5,7.0,95.2,16,2,1.4,107.6,19.2,79.8
37,34,4,8.7,47.7,16,3,1.0,119.8,39.6,81.8
47,35,3,8.4,104.8,13,0,1.0,45.3,40.6,120.6
14,8,3,9.3,56.4,17,5,1.25,90.6,59.6,37.7
3,2,3,8.9,43.7,11,4,1.05,12.6,33.5,8.5
1,1,5,8.1,41.9,17,0,1.35,47.5,50.2,5.8
5,5,3,8.6,45.0,12,5,1.1,17.5,32.7,20.1
26,23,6,8.8,65.8,16,5,1.0,11.4,43.1,35.9
55,54,5,9.6,71.8,8,4,1.25,72.7,66.9,135.2
14,6,3,10.6,103.1,14,3,0.9,97.2,63.5,25.3
39,16,3,8.9,60.5,14,2,1.05,57.1,65.5,56.5
27,16,3,8.8,47.4,17,2,1.0,65.3,46.8,52.0
9,3,1,7.7,89.5,8,1,1.35,36.1,39.5,29.0
15,12,2,7.5,40.8,8,3,0.95,89.7,45.4,48.4
15,13,4,6.9,101.4,16,0,1.1,46.5,47.6,30.3
26,14,3,4.0,62.8,14,2,1.25,12.8,46.7,29.7
42,8,2,6.7,79.1,11,5,0.9,24.0,33.5,29.7
13,12,2,7.7,44.9,16,4,1.25,19.8,33.0,57.8
51,22,5,7.5,41.6,12,5,1.4,55.1,34.8,58.8
32,21,3,8.7,93.9,10,4,1.1,12.5,54.8,79.5
39,26,5,6.8,64.4,9,0,1.1,97.7,56.1,52.1
49,40,3,6.9,108.9,16,0,1.05,109.4,80.2,108.3
52,21,3,4.8,71.9,11,3,1.0,33.6,47.1,42.2
32,25,1,8.7,97.7,14,0,1.05,60.8,32.5,233.5
4,1,3,6.7,108.4,8,0,1.25,64.7,36.3,8.1
30,1,3,6.9,52.5,16,0,0.9,118.3,40.1,7.4
37,6,2,8.8,94.1,16,2,0.95,12.5,60.1,25.3
23,23,3,6.7,31.8,17,3,1.0,81.8,50.8,56.9
39,23,3,8.6,84.4,13,0,1.1,44.8,25.8,87.3
45,43,4,6.2,89.6,13,0,1.25,62.7,41.3,102.0
15,11,4,8.0,68.2,13,5,0.95,30.0,24.3,29.0
43,23,3,7.1,43.0,12,5,0.9,23.4,49.1,61.1
29,13,3,7.6,79.3,8,4,1.05,33.0,33.5,38.1
36,18,6,10.3,101.8,11,2,0.95,13.2,34.7,42.7
13,7,5,5.5,104.5,17,0,1.1,37.0,19.5,13.5
32,15,6,10.1,89.7,8,2,1.35,84.4,51.1,33.5
7,1,3,6.6,51.1,12,3,0.9,79.9,56.5,9.8
59,21,4,9.3,99.6,11,3,1.05,68.8,33.7,65.4
51,39,3,9.6,101.1,15,5,1.25,5.0,40.1,162.3
22,13,2,8.6,59.4,8,1,0.9,19.5,36.2,54.7
28,12,4,6.2,44.6,15,4,1.0,101.9,39.4,26.8
2,2,4,8.4,100.0,15,1,1.0,36.2,32.2,9.9
42,24,2,11.8,100.8,8,2,1.35,109.9,28.8,196.7
45,40,2,8.0,38.1,16,4,1.25,105.6,58.4,202.8
57,51,4,7.8,107.4,16,5,1.05,22.8,10.3,113.2
53,42,2,7.7,72.6,13,0,1.1,108.3,48.0,207.4
6,2,2,8.8,109.5,8,5,1.4,77.2,45.4,19.5
28,16,3,7.9,65.6,14,5,1.4,77.5,61.8,62.3
28,20,2,8.4,72.7,14,4,1.4,103.1,39.2,122.9
44,27,5,7.6,51.3,16,4,1.1,51.6,37.5,51.5
44,6,3,6.4,101.9,8,3,1.35,89.6,32.3,24.3
20,9,3,11.5,65.5,15,1,0.95,81.8,46.3,35.9
30,21,5,7.9,95.2,15,3,1.0,93.7,33.5,37.7
11,9,3,12.8,36.4,14,3,1.0,80.9,28.5,37.2
58,31,3,8.6,93.1,13,1,1.05,14.2,33.2,112.3
55,21,4,8.9,69.2,8,3,1.05,38.7,30.6,52.5
28,26,3,7.5,30.4,17,4,1.0,113.1,29.9,68.3
25,8,3,7.1,48.1,15,2,1.05,30.7,43.0,24.8
39,13,4,7.6,45.5,12,0,1.25,59.3,39.7,38.2
33,23,4,6.8,90.1,11,0,1.05,46.0,48.6,51.6
1,1,4,6.6,68.2,12,3,1.0,14.9,43.8,1.8
57,20,6,10.7,42.8,12,1,0.95,25.8,27.6,44.5
27,5,4,9.2,50.5,17,4,1.05,38.0,16.5,16.5
57,54,4,10.2,70.3,10,3,1.0,58.3,29.3,164.7
52,28,5,9.7,31.6,11,4,1.0,105.6,51.2,67.5
13,1,1,7.1,63.9,11,4,1.35,64.3,50.9,8.1
41,28,3,5.7,84.2,15,5,1.35,80.0,53.8,73.4
3,1,4,7.3,71.4,12,0,1.4,54.0,52.1,12.9
39,2,3,8.1,77.8,13,2,0.9,105.1,55.0,12.2
6,1,2,9.7,56.1,17,2,1.0,81.2,46.9,12.2
8,2,3,7.9,44.6,9,1,0.9,15.4,63.6,6.7
27,18,3,12.4,94.8,16,2,1.05,59.9,45.5,80.0
9,9,3,7.4,102.5,15,3,1.35,100.1,66.0,36.7
37,6,4,8.9,70.9,15,0,1.0,89.4,34.5,19.1
33,11,5,7.1,54.4,17,0,1.4,109.1,34.2,28.1
51,38,4,8.6,70.9,12,4,0.95,31.2,39.7,97.9
42,6,4,7.8,100.3,12,3,1.4,117.4,41.6,24.8
44,11,3,7.6,85.3,10,3,0.95,37.8,38.1,32.8
24,14,3,7.1,98.7,9,4,1.05,10.8,48.5,40.6
15,2,3,8.2,56.3,16,5,1.05,62.0,40.8,6.4
59,40,3,9.3,87.0,13,5,1.05,17.7,34.7,150.4
54,3,2,6.5,82.2,15,4,0.9,83.4,37.2,14.2
32,23,3,7.9,75.7,11,0,1.35,108.6,56.6,99.8
32,21,4,8.7,72.3,12,3,1.35,111.0,45.8,77.2
24,3,3,9.0,74.1,17,2,1.4,74.8,21.9,21.2
41,33,6,10.8,98.0,12,2,0.95,66.6,60.1,70.3
52,24,3,8.9,103.3,17,0,1.35,119.3,47.2,102.1
49,19,2,7.4,39.0,11,2,1.25,71.6,49.7,105.0
49,18,3,7.1,75.5,9,2,1.1,111.7,53.1,53.6
58,49,4,7.1,103.5,13,3,1.35,110.4,53.8,145.6
52,52,3,7.0,40.8,11,3,1.1,38.3,31.0,154.6
12,8,2,8.3,63.0,11,1,1.05,6.6,29.2,44.3
39,35,3,8.6,37.1,17,3,1.0,55.5,70.8,106.2
2,2,5,9.2,39.1,10,1,1.4,104.1,33.6,7.4
3,1,3,9.0,102.3,15,5,1.1,101.2,46.5,12.9
49,36,5,9.9,65.7,13,3,0.9,74.4,61.6,76.5
37,25,4,7.0,85.1,16,4,0.9,23.0,36.7,45.8
49,45,2,10.5,41.1,12,3,1.05,17.4,37.7,279.7
56,49,4,7.1,31.8,13,1,0.9,114.8,53.1,98.7
17,11,3,8.5,101.2,16,2,1.0,53.5,44.6,35.4
59,34,2,7.7,76.0,11,3,0.95,79.5,47.9,144.4
49,25,4,8.0,31.6,17,2,1.1,109.2,41.0,61.4
2,2,4,9.0,109.4,14,2,1.1,105.0,35.7,14.2
2,2,2,5.8,69.4,17,3,1.1,70.2,38.0,9.5
28,19,5,6.8,68.1,17,3,0.9,61.1,56.3,25.5
54,23,4,9.1,79.7,13,4,1.05,89.6,38.5,67.9
23,19,5,8.0,30.6,13,5,0.9,45.2,47.1,38.9
37,25,3,7.6,75.5,13,1,1.0,76.9,30.4,82.6
32,16,5,6.3,80.4,11,3,1.05,7.7,66.5,28.8
33,9,3,7.6,53.8,17,2,1.25,99.8,45.8,35.4
1,1,2,9.0,88.1,13,2,1.1,119.8,46.1,4.4
19,1,4,7.2,60.2,14,3,1.0,114.8,53.1,8.5
2,2,4,10.0,87.4,9,1,0.9,46.4,36.2,7.6
53,19,3,9.6,41.5,16,5,1.25,66.1,56.3,75.9
44,33,3,7.5,103.1,14,2,1.4,32.2,23.8,118.0
26,2,1,7.1,100.4,10,5,1.25,39.8,34.6,21.2
32,16,3,4.0,42.1,17,5,1.35,57.6,32.4,32.9
6,4,3,6.4,105.1,17,4,1.0,90.9,19.4,14.6
32,8,3,6.3,74.6,14,2,1.25,7.1,35.7,20.5
55,55,3,5.9,86.1,17,1,0.95,50.3,41.4,107.9
4,2,6,7.9,97.2,17,0,0.9,69.0,28.9,9.0
55,34,3,8.5,36.7,12,4,1.25,29.7,27.2,137.0
11,9,4,10.7,43.5,16,4,0.9,14.0,42.5,21.9
56,45,5,8.1,53.2,13,0,1.25,67.1,41.0,112.3
59,6,3,4.9,68.2,14,4,1.0,78.3,38.8,10.9
17,6,1,6.9,57.7,11,4,1.4,78.7,26.8,62.6
38,32,1,8.9,70.5,9,4,1.1,46.0,37.3,310.7
24,9,4,7.9,44.9,11,2,1.25,32.3,34.0,27.1
5,3,2,9.3,84.6,16,2,1.4,30.3,43.0,16.8
52,39,3,7.2,34.5,10,3,1.25,9.7,35.3,138.4
34,31,2,9.7,58.9,14,3,1.05,26.2,41.5,161.6
6,2,2,8.4,44.3,11,2,0.95,99.1,26.3,13.1
22,10,3,8.4,88.4,10,4,1.4,5.4,25.2,42.6
11,9,6,8.2,100.7,12,1,0.9,10.0,48.7,18.6
48,18,3,6.9,36.3,9,0,1.4,19.6,51.2,60.8
16,12,5,7.9,92.8,17,3,1.1,53.3,37.3,26.8
33,24,6,8.4,101.7,11,4,0.95,43.4,42.3,46.2
9,4,2,5.9,107.9,14,3,1.4,25.5,36.6,21.9
59,9,3,8.1,76.4,9,5,1.35,17.8,55.2,26.6
6,4,4,9.8,56.2,17,1,1.1,113.0,39.6,16.1
16,15,5,8.7,55.8,13,5,1.1,109.8,36.0,40.8
29,8,3,10.1,60.3,12,4,1.4,93.8,53.6,46.0
3,1,6,8.6,79.0,10,2,0.95,34.0,32.7,7.3
20,13,1,6.7,69.2,12,1,1.35,42.2,43.9,130.1
59,9,2,9.2,82.3,17,3,1.1,81.6,29.4,47.9
36,26,3,6.3,33.1,14,4,1.1,38.5,50.0,64.7
19,4,3,7.7,38.5,10,5,1.05,66.0,51.8,21.7
26,17,2,7.6,108.1,15,4,0.9,79.9,26.5,69.2
3,3,3,7.0,109.6,14,0,1.35,64.7,24.7,20.5
19,3,1,11.6,89.7,11,0,0.95,52.5,45.5,33.0
20,20,3,7.9,50.5,12,5,1.0,45.0,65.3,61.0
32,5,5,10.7,106.3,17,0,0.95,94.4,52.6,23.5
7,7,5,8.5,47.1,11,2,0.9,90.0,39.5,21.0
52,5,4,6.8,88.5,9,4,1.0,85.1,31.7,15.7
41,20,3,7.4,39.2,16,4,1.0,48.1,27.4,53.7
33,15,3,7.9,81.9,8,3,0.9,94.2,50.6,42.9
40,18,2,7.5,90.8,15,2,1.1,115.1,53.1,78.2
39,2,3,7.6,98.8,11,0,1.05,84.2,34.4,15.1
18,13,2,8.9,88.7,16,4,1.35,51.9,39.0,76.8
40,4,4,8.5,103.9,10,0,0.9,96.6,42.6,13.6
1,1,5,9.0,71.7,14,1,1.1,75.1,63.8,4.8
11,10,3,10.3,84.2,10,2,0.9,105.9,42.8,40.7
28,13,4,7.3,59.6,17,0,0.95,87.0,30.2,28.1
57,10,2,9.7,30.8,14,2,0.9,93.5,28.1,47.0
25,9,3,10.1,90.5,9,5,0.95,81.8,31.1,30.4
50,8,4,9.9,99.6,10,4,1.05,15.6,57.2,29.2
23,3,3,5.4,43.9,15,1,1.25,60.8,48.2,9.3
31,16,2,10.7,32.3,14,3,1.4,11.5,37.9,118.1
30,14,5,7.0,43.2,10,1,0.9,56.5,10.0,22.7
42,9,4,5.2,101.6,15,2,1.4,87.4,31.8,23.5
35,30,5,10.7,53.6,16,1,1.1,53.4,46.1,72.8
7,5,4,8.8,48.7,9,4,0.95,5.2,46.2,13.0
16,11,6,8.8,31.2,9,2,1.25,47.5,46.1,24.2
26,3,2,7.5,53.8,14,2,1.05,12.8,25.8,13.7
48,37,2,8.3,87.3,15,4,0.95,94.8,44.1,152.5
57,42,3,7.8,106.7,12,5,1.25,95.1,30.3,169.9
52,13,2,7.1,55.0,9,0,1.0,97.7,42.0,51.2
49,36,3,8.0,49.3,17,3,1.35,8.5,32.8,127.8
2,2,3,8.2,101.0,12,5,1.35,8.7,54.8,14.2
1,1,3,6.0,98.2,10,5,0.95,108.9,46.0,14.3
48,13,2,8.1,56.3,16,1,1.05,19.2,40.3,56.2
12,12,5,5.3,35.5,9,5,1.35,82.1,58.6,27.0
5,5,1,10.9,109.4,16,3,1.05,96.5,37.5,59.6
37,10,3,7.8,84.5,9,3,1.4,56.5,25.0,36.1
32,28,4,6.4,104.1,8,5,1.25,67.8,54.7,63.5
59,56,4,8.8,57.3,17,4,1.1,31.1,45.0,137.6
55,9,3,6.9,81.8,13,0,1.0,111.2,38.2,28.7
9,4,1,8.0,84.0,13,3,1.25,39.7,34.3,38.6
41,7,3,8.7,99.8,11,2,1.1,30.0,48.1,28.2
35,2,2,6.5,109.4,9,5,1.4,65.4,51.8,20.3
19,7,2,10.9,38.7,17,0,1.1,26.9,32.8,37.7
48,40,4,11.1,80.5,10,4,1.1,84.0,48.8,142.7
16,16,3,7.2,56.9,13,5,1.35,64.2,45.0,65.1
3,3,3,6.3,94.9,11,3,1.35,22.0,32.0,12.0
20,14,3,7.2,90.3,12,5,0.95,12.7,42.0,39.9
24,19,6,7.3,101.4,16,4,1.1,20.7,35.4,31.4
54,5,6,9.7,57.5,12,1,0.9,20.7,56.9,13.3
56,55,3,7.2,44.8,17,4,1.05,41.0,34.2,140.8
33,31,2,6.3,31.7,15,2,1.25,100.8,60.1,121.0
24,18,3,8.2,50.4,9,4,1.1,11.6,43.6,54.4
52,20,2,5.8,59.4,13,0,0.95,19.7,21.1,60.8
11,7,3,9.6,105.7,13,1,1.0,39.8,15.9,32.5
49,17,3,8.9,69.3,12,5,0.9,68.6,39.5,53.9
8,5,3,7.1,74.5,13,5,1.1,92.7,58.0,17.3
36,2,3,7.3,100.4,12,2,1.1,110.9,56.8,17.8
38,25,2,8.4,100.8,9,1,1.05,52.4,44.0,116.0
40,13,3,6.3,72.2,12,2,1.25,17.2,33.2,37.9
20,7,3,6.8,39.1,8,5,1.35,29.6,37.0,24.4
35,28,3,7.7,51.6,10,1,0.95,38.0,44.5,81.6
48,42,4,6.0,66.6,14,3,0.95,95.4,55.0,61.7
25,23,3,7.3,90.1,11,4,1.35,84.0,48.8,92.2
35,6,3,6.4,86.9,15,0,0.9,29.0,53.6,18.1
25,3,3,10.1,81.4,10,0,1.1,101.5,49.7,15.8
29,26,2,7.4,100.4,14,3,1.1,103.8,53.3,111.9
18,3,1,6.6,94.2,9,1,1.4,106.5,14.9,26.5
46,18,3,9.0,108.6,15,4,1.0,36.6,31.3,63.2
18,11,2,7.1,101.1,10,3,1.0,20.4,28.7,48.3
2,2,4,6.3,45.7,13,1,1.25,17.0,27.6,7.0
54,20,4,9.3,34.6,9,4,1.35,51.0,42.1,64.9
35,5,5,7.5,63.2,14,1,0.9,54.4,24.6,17.7
16,3,6,9.3,79.4,11,0,1.05,104.8,30.7,11.5
41,22,1,8.0,81.4,13,4,1.05,35.8,40.8,210.5
36,19,6,8.2,51.4,9,0,1.1,77.1,22.8,35.5
33,16,4,8.8,98.8,10,0,1.35,95.6,36.2,55.5
4,4,3,7.0,56.3,10,4,0.95,36.0,49.7,13.3
33,24,1,6.8,103.5,11,3,1.35,35.7,27.3,249.2
14,9,5,9.8,67.7,8,1,0.95,82.0,51.6,25.3
21,4,2,8.9,30.8,13,4,1.05,88.5,32.3,21.0
48,15,4,7.9,43.0,13,5,0.9,115.4,45.3,38.4
20,12,1,9.2,38.2,11,0,1.25,102.7,28.7,156.2
56,55,3,8.8,33.5,15,1,1.35,99.5,47.4,223.1
8,3,3,9.4,87.1,12,4,1.4,84.6,38.4,18.1
7,7,2,6.3,45.4,17,3,1.25,18.6,47.6,27.9
3,2,2,7.9,97.1,11,4,1.0,98.1,35.5,14.3
17,17,3,9.7,51.2,14,4,1.35,112.6,48.7,75.0
33,19,2,10.5,32.6,17,2,1.4,49.9,52.2,140.0
48,38,3,7.2,95.7,17,5,1.1,41.1,43.4,108.4
12,4,3,8.2,67.3,15,1,1.25,65.1,36.2,15.7
59,7,4,8.0,78.0,9,4,0.9,115.0,39.2,19.4
51,30,4,6.1,56.9,8,0,0.9,10.8,26.8,44.2
22,19,2,7.6,33.7,13,0,1.0,86.5,44.4,87.2
55,49,3,5.6,59.6,9,2,1.0,98.7,49.5,97.1
22,16,2,7.7,71.5,15,0,1.05,95.7,60.8,65.5
46,40,5,6.4,30.9,12,4,1.0,70.2,57.7,62.7
30,19,5,8.3,75.9,9,1,1.35,110.9,30.3,42.8
38,8,3,7.5,101.4,12,2,1.35,20.5,44.5,37.6
38,18,2,7.5,47.4,9,5,1.35,33.2,40.4,93.5
45,28,5,10.3,104.1,13,2,1.35,40.3,56.6,96.8
51,16,5,8.1,37.8,15,3,1.0,6.0,33.5,26.1
54,52,5,10.8,96.0,9,3,1.1,47.6,52.5,129.5
8,3,4,8.7,97.2,13,1,1.4,23.5,30.2,14.5
27,10,3,9.2,50.6,13,1,1.05,88.3,40.7,40.2
27,17,2,6.7,106.6,8,2,1.0,52.7,31.4,63.7
34,13,3,7.0,63.3,16,4,1.25,86.0,18.4,46.1
21,7,3,8.0,41.3,15,4,1.1,38.8,31.1,21.2
30,27,3,9.8,77.3,11,3,1.4,20.2,38.9,145.0
33,10,3,7.5,109.7,14,1,1.1,20.2,59.1,31.0
28,2,2,5.9,101.9,11,1,0.9,28.4,29.0,16.1
47,36,3,8.6,52.3,15,4,1.1,18.2,34.7,109.7
33,25,3,8.1,76.2,17,3,1.05,30.4,24.7,75.4
5,2,2,7.2,39.2,9,4,1.35,71.6,55.9,10.9
48,23,3,7.4,66.9,9,4,1.1,34.5,36.5,66.0
19,6,4,6.7,71.8,10,2,0.9,44.4,37.9,15.2
4,1,4,9.4,55.2,11,1,0.9,11.1,37.8,6.0
35,25,3,8.0,68.7,13,2,0.9,107.6,18.6,70.1
49,17,3,8.4,103.6,12,2,0.95,20.9,24.4,57.6
17,14,1,7.1,70.0,17,4,1.05,45.1,30.6,104.3
44,24,4,10.0,96.5,17,3,1.05,48.6,49.4,67.4
28,11,3,8.3,55.4,14,4,1.1,93.8,12.0,38.5
30,26,3,4.8,107.7,13,5,0.9,60.6,48.5,51.5
29,19,5,8.7,37.5,11,3,1.0,49.0,46.1,44.4
46,34,3,7.6,76.8,17,1,1.25,85.0,20.2,113.5
53,28,1,7.8,93.2,16,5,1.35,73.7,38.2,291.7
6,3,2,9.5,95.1,14,5,1.25,14.0,56.0,19.7
35,11,3,8.1,45.9,8,5,1.35,41.0,29.2,46.4
41,38,3,10.6,62.1,15,0,0.9,117.5,35.4,123.4
37,14,5,8.2,79.9,11,1,1.4,60.6,75.1,47.1
24,19,3,7.3,55.3,14,4,1.35,53.8,45.9,67.3
29,26,4,5.3,82.7,9,3,1.1,22.2,38.9,40.7
49,48,3,6.9,60.3,10,5,1.25,101.5,36.3,170.0
46,21,3,7.5,58.1,8,0,1.05,20.3,46.5,57.1
53,39,3,10.2,38.6,9,5,1.05,17.1,50.2,137.8
31,30,3,7.3,33.1,12,3,1.35,55.5,16.1,115.7
35,8,3,10.5,96.8,9,3,1.0,55.2,15.2,32.0
33,20,2,6.3,69.2,13,0,1.4,117.9,30.0,107.3
52,48,5,6.8,75.0,13,0,1.4,19.7,40.2,108.7
21,7,3,9.7,59.8,13,1,1.0,60.6,42.9,30.0
32,9,2,7.1,40.9,10,2,1.1,28.1,21.6,42.2
23,13,2,9.6,66.0,10,5,1.1,85.7,39.5,84.2
33,1,1,6.8,48.3,17,0,0.9,50.0,41.1,6.3
3,1,3,6.9,97.0,14,5,1.35,79.6,31.8,9.1
18,8,2,9.0,108.9,11,2,0.95,43.9,35.6,44.1
25,24,1,6.8,101.1,13,2,1.0,69.9,33.3,188.8
42,4,3,7.6,72.3,15,2,1.0,59.0,47.6,16.3
31,3,4,8.6,80.3,10,2,1.05,48.1,42.1,14.0
54,3,2,7.6,105.8,16,0,0.95,66.8,28.3,23.0
58,54,3,7.2,73.1,16,5,1.35,49.1,53.5,177.5
3,1,4,6.2,81.1,10,3,1.0,97.7,25.6,7.6
40,40,6,10.2,80.3,13,5,0.9,62.0,21.4,76.9
46,7,4,10.5,86.6,12,5,1.25,108.9,39.1,29.8
24,1,2,8.5,81.2,11,0,1.1,30.6,39.0,4.6
50,27,4,7.7,83.7,15,0,1.35,17.9,42.9,73.2
32,16,3,7.7,88.1,17,4,0.9,48.8,27.8,40.9
47,38,2,9.2,94.7,16,4,0.95,26.1,52.7,168.9
22,7,5,9.5,62.2,16,1,1.35,50.2,62.6,24.1
23,12,3,7.2,89.7,12,2,1.35,28.9,41.7,47.8
2,1,6,9.6,38.0,12,2,1.35,104.8,45.8,13.4
27,9,4,8.9,100.1,10,4,0.9,70.3,16.6,31.0
42,11,3,9.6,53.2,16,3,1.05,62.2,36.8,39.1
2,2,4,5.6,62.3,8,1,0.9,95.6,33.6,8.5
26,21,3,7.4,94.3,10,5,0.95,20.0,31.7,56.8
17,1,3,7.7,81.0,14,3,1.05,103.6,34.1,5.9
40,36,5,7.3,54.7,14,4,1.05,60.6,35.3,64.2
33,17,4,10.9,48.0,12,5,1.35,20.7,24.5,72.4
9,3,5,7.4,106.6,13,3,1.0,99.2,36.2,12.4
43,5,5,8.7,37.0,11,2,0.9,58.0,29.5,9.7
54,48,6,8.2,30.3,15,4,1.25,74.5,51.5,84.7
48,32,4,7.6,83.8,11,5,1.35,107.8,46.0,97.5
39,3,3,6.9,79.2,17,3,1.4,107.4,46.0,14.9
29,20,2,11.1,89.0,13,1,0.95,107.7,53.7,122.5
42,35,4,7.7,88.5,12,1,0.95,52.9,32.1,80.1
55,52,2,9.3,99.1,17,0,0.9,91.2,45.2,221.8
26,14,2,8.0,103.8,13,5,1.35,31.8,54.8,93.4
35,31,2,7.3,92.0,10,4,1.05,100.6,31.2,140.9
50,31,5,8.2,48.6,10,4,1.25,44.3,17.6,78.4
25,17,5,8.5,67.1,17,5,1.05,58.3,33.7,34.5
24,24,3,7.3,81.3,14,4,1.0,107.5,53.5,66.9
13,4,3,6.9,73.1,8,2,1.4,97.7,30.6,14.5
58,23,4,8.7,42.7,8,2,1.1,114.5,36.4,58.2
7,2,3,8.2,77.1,8,4,1.1,46.8,32.6,7.5
57,50,3,7.0,100.9,13,5,0.95,22.4,39.7,136.6
36,14,3,6.6,63.5,11,3,1.0,109.7,29.4,40.7
45,15,3,8.5,83.5,13,2,1.35,61.7,24.2,66.8
20,15,3,5.1,79.3,8,5,0.95,107.3,36.7,30.7
1,1,3,7.6,60.2,11,4,1.0,89.2,38.8,8.5
8,6,3,8.2,75.2,11,2,1.1,105.6,55.4,23.0
46,27,6,10.6,46.8,9,5,1.0,80.3,42.8,54.3
16,15,2,8.0,73.7,8,0,1.35,98.4,27.9,83.7
14,2,3,7.5,93.9,15,1,1.1,18.8,33.2,7.9
12,4,3,8.4,90.7,13,0,1.0,116.4,50.6,15.3
51,8,1,6.9,58.6,11,4,1.1,25.8,36.9,69.5
23,15,3,7.7,39.0,9,5,1.25,7.8,28.9,47.5
15,3,2,8.0,94.0,12,1,0.95,66.0,43.0,10.0
28,15,3,8.9,51.2,16,3,1.0,86.9,32.5,50.7
34,13,3,7.0,34.2,14,4,1.1,87.4,47.7,39.8
2,1,4,8.0,65.6,11,3,0.95,44.0,46.4,9.2
32,2,3,5.3,89.2,12,3,1.0,91.7,28.2,11.2
23,8,2,8.8,94.7,15,2,1.35,101.9,63.4,51.3
22,20,4,7.7,108.6,12,2,1.1,75.2,40.5,57.2
51,49,2,10.8,45.2,13,1,1.1,49.4,10.0,334.5
25,13,4,8.5,53.5,17,1,1.05,75.6,46.6,36.4
58,1,5,6.7,78.8,13,5,1.05,104.2,10.8,8.0
22,2,3,6.4,94.9,15,2,1.35,108.6,54.5,8.9
58,15,5,9.0,48.7,12,1,1.4,8.6,42.7,43.8
58,44,4,10.7,62.8,8,5,1.35,19.1,40.2,160.5
22,14,5,10.2,62.7,11,0,0.95,5.5,41.0,27.5
49,29,4,6.2,91.8,10,4,1.0,61.6,48.0,59.5
52,34,2,8.3,49.3,9,0,1.25,55.2,35.2,178.5
42,18,5,9.7,107.5,14,4,0.9,67.8,40.9,38.2
6,6,2,6.0,70.8,14,5,0.9,83.6,42.4,20.7
15,7,2,9.6,52.6,15,2,1.05,47.1,10.0,36.8
54,29,2,6.9,52.7,17,0,0.95,29.0,48.1,100.9
43,31,3,7.7,31.5,12,3,1.0,50.4,50.1,97.7
37,25,3,8.4,85.4,8,0,0.95,6.0,46.4,70.2
33,14,4,9.6,92.1,13,1,1.05,100.4,45.6,47.5
8,8,5,10.3,32.6,13,0,1.1,49.1,60.1,23.7
53,27,2,7.5,76.9,15,2,0.95,76.6,40.5,98.4
44,2,6,7.3,92.5,17,2,1.1,42.3,40.9,7.0
44,17,5,7.2,60.1,9,1,1.25,75.7,33.2,36.4
5,5,2,9.2,64.6,16,4,1.0,67.2,18.0,25.9
39,14,3,9.5,58.9,13,1,0.9,29.0,46.5,51.3
4,1,4,9.3,55.3,8,5,1.25,76.9,34.4,7.2
6,6,3,8.4,69.3,16,4,1.35,17.6,17.9,19.1
45,29,4,8.6,43.3,15,2,1.0,60.3,40.1,64.3
32,20,4,7.7,65.3,17,2,0.95,87.8,39.7,40.2
52,21,3,7.8,105.3,8,5,1.0,68.1,38.2,61.0
30,29,1,9.3,32.2,15,4,1.05,90.8,42.6,274.0
47,22,3,8.4,43.2,14,0,1.05,36.4,22.2,72.2
35,35,1,7.3,92.2,12,0,1.0,10.6,52.9,284.6
55,37,3,9.6,40.6,13,1,1.4,11.4,46.2,189.5
40,16,4,7.1,51.7,11,2,1.25,35.9,55.9,46.4
52,50,3,8.2,66.4,16,0,1.0,51.9,34.3,142.9
16,10,6,6.1,105.5,16,2,0.95,66.8,46.1,16.5
13,1,3,6.6,44.7,17,1,1.35,92.1,18.6,11.2
50,43,4,8.0,103.8,8,3,1.05,101.6,31.0,103.0
42,17,4,7.0,87.5,16,2,1.35,84.8,24.5,45.1
30,16,6,7.7,83.7,10,3,1.25,58.3,44.1,34.9
19,2,4,9.8,87.9,9,2,0.9,35.4,27.7,6.4
17,4,2,7.8,32.5,11,4,1.0,54.2,35.7,21.3
56,21,6,9.3,37.9,11,5,0.95,36.4,40.9,41.1
19,7,4,6.8,56.8,16,3,1.1,76.8,36.1,17.9
28,2,2,8.8,35.9,11,4,1.0,99.1,25.2,15.0
58,30,4,6.5,109.0,12,5,1.0,64.6,60.7,67.3
55,6,5,7.6,76.4,13,4,1.25,10.3,42.4,23.4
26,17,3,8.9,69.0,11,1,1.35,113.1,60.8,79.8
37,25,3,8.0,92.8,8,1,1.25,38.8,28.6,90.9
26,5,4,9.4,108.2,9,0,1.05,110.2,36.5,20.8
53,5,4,9.0,106.4,10,3,1.4,98.5,42.0,28.2
23,20,3,7.5,93.4,11,0,1.0,52.5,59.4,56.4
9,3,2,9.9,60.2,12,3,1.05,11.5,60.8,15.3
12,9,2,8.7,35.3,17,1,0.9,114.0,35.8,40.9
53,37,4,7.6,37.9,17,1,1.25,80.8,32.2,94.4
1,1,4,8.2,30.1,10,5,0.95,33.7,40.9,1.4
58,40,2,8.1,30.2,8,5,1.4,66.4,55.4,228.7
58,9,3,8.3,104.9,15,1,1.35,78.1,42.6,45.2
1,1,2,7.8,104.2,15,3,0.95,31.1,44.8,12.4
47,5,4,8.6,83.4,11,1,1.1,15.8,55.3,18.3
34,2,1,9.2,88.1,14,0,1.1,35.8,53.3,22.5
32,9,1,8.6,71.1,11,4,1.4,10.5,53.8,111.3
54,43,1,8.6,49.0,10,5,1.05,13.0,49.5,439.3
48,36,3,7.8,103.2,14,3,0.95,23.0,58.2,96.1
25,22,3,6.7,52.2,13,4,1.35,23.2,27.4,76.4
40,22,2,6.3,89.2,8,0,1.1,33.5,69.0,79.5
45,22,5,6.9,49.6,16,2,1.0,112.8,54.7,40.9
53,34,2,7.4,99.6,9,5,1.25,71.2,40.1,162.5
1,1,3,10.5,82.1,10,1,0.9,53.6,55.3,1.7
16,7,5,9.9,81.4,12,5,1.1,69.8,37.8,24.4
39,29,3,7.1,37.8,10,5,1.0,5.7,47.7,79.7
5,3,3,8.7,63.6,10,5,1.35,107.9,49.1,12.0
22,14,2,7.9,72.0,15,0,1.05,66.2,52.3,59.9
29,1,4,8.4,53.5,11,2,0.95,56.9,36.5,3.0
55,18,3,7.2,100.5,17,3,1.25,113.3,52.6,61.3
3,3,4,11.4,97.0,9,0,1.0,89.0,36.7,14.3
12,1,2,10.8,69.5,12,3,1.0,43.8,50.8,3.0
26,1,3,7.6,57.2,9,4,1.05,112.7,41.8,9.1
16,1,4,7.1,94.1,17,4,1.25,103.0,20.1,6.7
51,24,6,9.4,45.8,15,3,1.1,114.8,33.2,51.4
37,4,2,6.2,35.7,10,4,1.35,16.1,52.2,19.9
22,4,4,9.3,33.7,9,4,1.35,114.9,38.4,17.3
57,18,3,8.2,33.1,10,1,0.95,67.4,56.6,61.4
29,27,3,5.8,69.1,10,3,1.1,82.3,27.4,72.7
14,11,2,7.8,50.4,8,3,1.0,29.4,50.4,45.9
28,27,3,7.0,85.2,10,2,1.4,21.1,41.4,103.3
5,1,3,8.2,82.3,10,5,1.1,14.1,39.0,4.1
47,28,3,8.1,73.4,11,1,1.0,53.6,27.9,91.9
49,42,1,6.0,58.2,15,0,1.05,30.5,44.5,267.4
30,9,2,7.5,98.0,16,1,0.9,14.4,29.9,25.4
46,36,5,8.9,86.8,8,0,1.35,114.8,34.4,97.0
52,6,6,9.1,51.7,8,3,0.9,89.3,40.3,12.4
5,2,4,7.5,70.1,13,1,1.4,64.6,37.6,11.0
12,7,2,8.7,42.5,8,2,1.05,90.5,54.3,31.2
16,2,3,8.4,56.3,12,5,1.0,75.3,10.9,14.8
26,10,4,7.9,109.8,8,4,0.9,25.5,39.9,23.4
26,24,6,8.7,47.9,15,0,1.35,77.8,37.6,55.7
48,13,3,6.6,85.9,12,4,1.05,83.3,41.9,39.3
21,18,4,8.0,49.1,13,5,1.1,32.3,35.5,48.9
39,13,6,5.6,105.1,11,3,0.95,41.8,54.3,19.6
36,17,5,7.9,54.8,15,3,1.0,49.1,38.9,35.4
33,15,2,10.1,57.7,16,3,1.4,74.3,43.6,106.8
30,18,1,7.5,77.5,16,4,1.4,19.6,52.7,186.2
37,23,3,10.0,77.0,8,5,1.1,90.5,42.6,83.5
23,22,3,7.5,76.3,14,3,0.95,44.8,26.8,54.8
58,51,2,6.4,75.9,11,3,0.9,84.6,36.9,173.5
10,10,2,9.0,55.0,17,4,1.05,112.3,40.5,47.1
54,34,4,8.7,64.8,15,3,0.9,105.0,22.2,73.9
5,2,3,11.5,77.5,14,5,0.95,89.8,33.5,10.1
36,4,3,6.5,83.7,8,0,1.4,27.2,41.2,13.2
34,3,3,8.5,50.3,8,1,1.25,89.2,66.1,16.5
52,7,4,8.6,86.1,8,0,1.05,78.1,46.5,21.8
31,24,4,9.6,103.9,9,3,1.35,93.8,43.9,83.3
10,2,2,8.8,90.6,17,5,1.05,104.9,62.3,16.0
58,42,4,7.6,36.7,9,5,1.05,40.8,49.1,89.4
19,7,3,6.4,67.5,16,3,1.4,79.1,50.7,20.8
58,40,2,8.5,64.8,12,3,1.05,36.6,37.1,206.4
32,6,4,8.6,56.9,8,3,1.4,44.8,26.8,22.8
1,1,3,8.9,69.3,14,4,1.0,64.9,45.1,7.3
56,22,3,7.6,65.2,17,5,1.1,54.9,63.9,57.2
5,2,3,8.4,30.5,9,1,1.0,74.1,60.2,10.7
45,1,3,5.7,48.9,10,4,1.4,92.3,49.9,10.1
4,4,3,6.5,47.1,11,4,1.0,74.6,33.8,15.0
16,14,4,9.4,57.9,10,5,0.9,116.5,23.4,40.3
24,17,2,8.3,44.0,10,3,1.4,89.9,32.1,117.2
16,4,6,8.7,35.4,16,0,0.9,118.3,44.6,8.6
55,50,3,7.1,45.7,11,5,0.95,90.5,36.3,136.7
2,1,2,6.9,98.3,15,0,0.9,63.4,54.0,10.4
49,29,2,7.4,93.8,8,2,1.1,52.3,24.1,117.5
28,21,3,8.4,65.4,13,5,0.9,89.6,40.5,67.5
32,26,3,9.0,100.2,8,1,1.0,84.0,32.8,90.3
27,14,2,7.6,48.6,12,5,0.95,81.9,53.9,62.9
20,9,2,5.5,76.7,14,2,1.0,88.0,48.5,31.5
24,15,4,8.6,41.4,8,4,1.05,105.3,32.0,37.3
12,12,1,8.4,96.7,16,2,1.25,31.2,52.3,121.9
50,42,5,8.7,40.4,16,2,1.1,70.0,22.5,83.8
35,6,4,9.3,32.5,13,5,1.05,74.4,20.6,22.8
33,20,3,9.2,51.9,9,2,1.05,38.7,31.4,66.3
33,24,3,10.0,102.1,9,1,1.05,118.6,18.2,91.0
51,27,1,8.0,40.4,16,5,1.25,95.3,40.6,271.4
43,38,4,7.4,56.5,11,0,0.9,41.9,41.0,81.3
37,8,2,9.6,55.3,13,0,1.05,46.2,37.1,47.1
12,1,3,9.4,94.1,17,2,1.4,87.6,48.5,5.2
3,2,3,7.7,63.7,9,5,1.0,6.3,33.3,6.2
1,1,2,9.7,78.9,11,1,1.4,58.4,26.4,7.8
33,24,3,8.1,62.4,9,0,1.25,44.5,32.4,86.7
40,7,4,9.9,74.1,10,3,0.95,103.2,27.4,23.8
10,3,3,10.6,35.0,9,5,1.05,96.0,34.7,17.9
43,22,5,12.0,59.9,15,5,1.35,43.2,49.2,76.5
44,35,4,8.1,98.4,12,0,1.35,104.5,20.9,116.5
29,29,3,10.1,85.3,12,0,1.35,110.1,37.9,157.2
13,6,3,9.3,108.5,15,1,1.25,68.5,53.5,33.9
12,11,3,9.4,93.0,15,1,1.0,23.3,54.9,35.2
31,20,3,8.6,66.1,14,0,1.35,93.6,33.8,84.4
46,29,2,9.4,84.1,12,3,1.05,41.7,68.6,165.8
2,1,6,5.9,92.1,14,3,1.25,65.6,29.4,7.5
51,41,3,8.0,51.6,8,2,1.4,10.2,39.3,152.6
50,42,3,7.0,34.8,10,2,1.25,62.5,28.0,148.5
35,34,3,6.9,62.5,10,0,1.4,48.7,47.2,132.2
23,1,3,5.8,41.6,9,0,1.35,83.9,75.6,9.2
17,16,4,7.2,52.2,13,0,0.95,9.7,64.1,34.5
26,18,3,7.7,105.7,10,5,1.05,76.9,52.2,64.5
8,7,1,8.3,97.8,11,3,0.95,93.8,34.7,71.1
29,26,2,8.0,77.4,10,4,0.9,6.5,40.0,105.2
26,17,5,9.6,62.1,14,2,1.05,91.2,55.4,39.2
10,6,3,6.7,51.1,11,2,1.1,20.0,51.0,20.3
26,14,6,5.1,75.7,12,4,1.0,85.3,43.0,18.4
34,23,2,8.8,72.7,14,0,1.25,57.4,43.7,130.9
51,25,2,7.9,92.5,11,2,1.35,68.5,54.7,152.3
41,15,2,7.9,104.2,13,3,1.05,43.8,57.6,75.4
7,6,3,6.9,56.3,16,4,1.0,33.2,24.0,16.9
4,4,3,9.4,46.5,13,3,1.25,13.2,44.7,15.7
58,22,2,7.4,62.2,12,5,0.95,104.4,48.9,95.5
53,3,3,6.7,65.0,8,0,0.95,75.2,35.6,8.7
50,19,3,10.5,33.2,15,2,1.35,118.0,57.3,91.3
45,44,2,9.0,98.9,12,3,0.9,102.8,38.5,210.0
11,2,3,7.9,109.6,12,4,1.35,105.0,57.7,19.5
29,3,4,4.3,103.9,10,0,1.35,73.8,37.6,18.2
56,50,2,7.6,98.9,17,2,1.4,14.3,45.1,270.7
36,1,2,8.0,109.4,9,2,1.0,110.0,44.8,10.0
25,20,3,10.2,102.6,8,0,0.9,18.6,62.0,65.1
21,21,4,5.4,85.1,16,0,0.9,64.5,50.9,35.6
57,29,4,10.3,43.3,12,0,1.1,103.5,36.5,100.0
36,6,3,8.7,42.5,17,5,0.9,59.3,38.7,16.7
10,5,2,6.2,33.9,11,3,1.1,24.1,38.7,26.9
37,1,5,9.4,62.9,14,1,1.35,47.9,42.2,5.6
9,3,6,7.6,94.7,11,5,0.9,118.7,30.7,12.2
24,1,4,5.5,69.2,9,2,1.35,120.0,41.0,6.9
35,27,6,7.3,59.3,16,3,1.4,86.7,58.4,50.2
49,21,4,8.4,38.7,15,4,0.95,107.1,57.9,51.5
35,16,4,8.1,34.1,11,2,0.95,10.1,23.2,38.0
48,44,3,9.0,61.9,15,5,0.9,36.7,21.3,123.0
36,26,3,9.6,38.0,16,1,0.95,47.4,34.9,80.2
18,16,2,6.4,38.3,9,4,0.95,6.4,20.7,48.1
49,28,4,8.0,61.6,11,2,0.95,48.4,26.8,64.2
39,1,5,7.1,70.2,13,1,1.05,15.7,46.2,3.0
32,4,3,6.1,44.9,14,0,1.4,64.5,41.5,17.3
24,10,3,7.9,84.8,12,1,1.25,5.5,21.3,36.7
23,11,2,8.6,63.5,17,2,0.95,36.1,56.0,49.3
32,17,2,8.7,37.4,17,1,0.9,104.6,36.9,73.1
37,23,2,7.4,81.0,14,5,1.35,29.5,35.8,115.1
12,7,3,6.5,58.6,11,2,0.9,12.5,54.2,19.2
49,44,5,7.0,34.2,15,2,1.25,33.7,46.9,80.8
55,53,1,5.2,105.8,10,1,1.35,100.2,41.5,428.9
13,7,1,6.2,75.7,10,1,1.1,72.5,36.1,52.3
23,12,3,6.3,68.2,12,5,1.4,72.4,48.8,45.4
25,15,2,9.3,98.7,13,4,1.25,5.1,36.8,96.8
35,34,5,9.3,104.9,10,4,1.25,59.3,39.3,102.5
41,4,3,11.2,47.6,17,3,1.05,35.5,27.9,22.3
30,14,2,8.4,94.8,9,2,1.35,43.7,55.7,82.6
17,14,2,7.3,96.5,12,4,1.0,73.8,60.6,64.4
49,16,2,8.0,34.4,17,3,1.25,105.5,44.5,83.6
20,7,3,7.7,87.0,13,5,0.95,25.9,36.2,28.8
48,32,2,7.1,35.0,10,2,0.95,93.3,53.2,132.5
25,19,3,8.5,77.6,14,5,1.1,10.6,49.1,59.9
22,2,3,8.3,83.5,10,3,0.95,42.6,36.7,9.3
13,10,1,7.9,59.4,9,4,1.1,30.2,55.8,85.0
59,50,1,7.6,100.5,17,3,0.95,110.3,36.9,360.0
19,17,3,8.9,94.0,11,1,1.1,25.5,26.6,62.8
49,37,4,7.2,104.1,10,5,1.35,71.5,41.2,108.1
36,12,5,7.4,55.2,14,3,1.4,24.0,55.0,27.8
12,6,2,8.7,31.7,15,5,1.4,59.5,43.2,35.5
41,22,2,9.5,94.9,10,0,0.95,52.5,27.9,121.2
19,9,2,9.4,47.8,13,0,1.35,9.8,37.2,58.9
12,4,3,7.6,67.4,8,3,0.9,100.0,56.4,11.8
9,1,3,6.1,95.4,12,0,1.25,94.7,45.3,5.0
7,6,4,7.6,47.3,9,3,1.05,37.0,41.8,14.9
28,15,4,8.1,55.0,8,5,1.1,75.6,40.4,38.0
14,5,2,6.3,65.1,14,3,1.25,46.7,55.0,22.6
31,26,3,7.5,51.7,17,3,0.95,93.5,54.2,67.8
52,6,5,9.8,66.9,11,0,1.35,84.6,25.2,21.7
19,19,3,8.2,30.8,12,2,0.9,15.4,53.3,53.5
58,18,3,7.2,47.0,9,3,1.35,102.1,48.2,64.4
47,6,6,8.0,96.6,15,3,0.9,25.6,61.1,11.3
16,13,4,8.1,63.1,17,1,1.1,25.0,41.2,34.6
53,33,4,7.4,80.9,10,1,1.25,89.4,55.6,90.0
5,2,2,9.2,48.6,14,4,0.9,26.1,47.6,8.2
35,13,3,5.3,82.0,8,0,1.0,19.1,28.6,31.5
12,7,2,8.7,110.0,17,2,1.4,43.6,54.2,53.9
25,15,3,7.1,77.6,8,3,1.25,101.5,51.7,46.6
52,44,2,9.6,80.3,14,3,1.1,25.3,34.2,235.2
59,27,4,6.1,38.9,8,0,0.9,44.0,45.5,46.5
21,1,4,9.4,62.3,16,4,0.9,37.9,67.3,9.2
36,15,3,6.8,98.9,16,4,0.9,45.9,36.2,37.6
53,36,2,8.5,96.7,15,1,1.4,87.1,50.7,212.8
23,13,1,7.3,71.8,15,0,1.25,51.6,28.9,116.9
16,7,4,9.7,102.3,11,4,0.9,92.4,35.2,27.3
57,27,3,7.7,41.4,11,4,1.05,78.6,51.7,89.2
39,5,4,6.9,82.7,12,2,1.4,46.5,45.1,19.3
45,2,3,10.1,49.9,16,1,1.0,54.7,39.6,8.6
53,33,3,7.6,81.6,10,1,1.25,85.9,62.4,123.1
42,16,4,8.8,37.0,11,1,1.1,66.5,30.9,43.3
58,23,3,9.4,105.5,17,5,1.25,104.9,40.2,100.7
39,38,3,6.7,92.9,12,4,0.9,112.3,47.9,92.3
14,7,4,8.6,46.1,14,3,1.35,87.5,31.5,24.9
31,16,2,8.8,81.0,12,5,1.1,118.8,48.1,93.1
58,14,2,5.7,90.7,16,4,1.05,73.6,54.9,45.3
5,5,3,8.5,46.8,13,4,0.95,9.6,40.6,13.9
35,26,2,7.5,37.5,10,0,1.25,63.1,33.8,142.3
23,3,4,10.4,58.1,13,1,1.1,31.5,38.3,8.4
29,15,4,9.3,40.9,13,1,1.25,43.4,10.0,55.5
43,3,5,8.7,75.3,17,2,1.05,61.4,54.1,12.7
11,7,3,4.9,63.9,8,1,1.0,38.9,45.2,15.1
18,2,2,8.7,67.0,14,4,1.0,40.6,39.9,9.8
47,33,2,6.9,73.4,10,0,1.0,51.2,22.0,130.8
12,9,4,9.3,108.6,8,2,1.25,37.9,55.3,33.6
9,9,2,7.8,93.4,8,4,1.1,24.5,36.7,40.3
10,7,4,7.2,80.4,12,4,1.0,93.0,48.8,19.8
58,7,4,7.3,59.1,17,5,1.4,50.4,41.9,26.1
44,3,3,7.4,32.2,17,2,1.4,100.7,22.6,10.9
17,11,3,6.0,39.3,9,5,0.95,106.5,57.2,25.1
38,7,3,6.2,88.5,9,4,1.0,91.4,54.9,22.3
7,1,5,7.5,59.5,11,4,1.0,50.6,51.2,12.2
46,1,2,10.3,56.8,17,5,0.95,88.0,45.8,5.9
13,13,5,9.1,101.1,14,0,0.9,22.9,27.6,30.6
40,14,3,9.2,68.8,15,0,1.35,81.0,52.4,58.9
42,32,6,9.8,102.0,17,5,1.4,51.7,68.5,80.0
9,6,2,8.4,100.9,14,0,0.95,80.4,43.4,30.7
50,39,2,7.3,36.4,16,1,1.35,91.8,43.6,194.1
27,10,4,7.4,105.6,14,2,1.4,69.7,28.8,33.8
58,7,5,6.8,36.2,11,0,1.0,78.9,17.2,13.8
2,2,3,9.2,107.1,16,4,0.95,29.6,37.7,15.0
5,2,4,6.6,66.2,16,1,1.05,73.2,59.8,7.2
29,4,5,11.1,90.9,10,2,0.9,58.0,58.1,12.8
37,21,1,6.6,86.5,17,0,1.1,54.2,41.2,151.5
38,17,3,9.8,71.5,15,0,0.9,52.2,47.2,52.5
19,1,5,9.8,79.6,8,2,0.95,40.8,27.4,7.1
8,2,3,8.9,106.0,9,0,0.9,40.1,43.3,13.5
48,47,3,10.4,104.2,15,5,1.4,85.5,35.7,241.8
45,42,4,7.7,82.3,15,2,1.0,69.1,42.7,86.0
1,1,3,8.2,82.6,13,2,1.0,8.4,38.7,3.8
22,19,1,8.3,49.8,15,4,1.35,10.6,38.5,210.3
52,12,6,8.9,96.3,15,2,1.0,70.6,54.0,26.1
17,16,3,5.3,80.6,9,3,0.9,102.3,65.6,31.8
7,1,4,7.8,96.1,10,0,1.35,10.1,40.0,5.5
25,15,4,9.3,82.6,14,4,1.35,63.3,59.0,51.9
45,27,2,7.4,53.9,10,1,0.9,102.9,27.1,110.9
4,4,2,10.9,45.2,9,3,1.05,5.5,40.9,24.0
36,17,3,8.2,36.2,13,2,1.25,36.7,26.4,71.9
6,6,3,8.8,76.9,9,1,0.95,110.8,38.3,23.5
31,27,4,10.3,52.7,9,1,1.1,14.4,50.6,79.3
19,18,3,8.2,80.4,9,1,1.25,74.8,55.4,70.9
44,2,3,10.3,34.7,11,1,1.05,63.3,32.7,10.5
54,36,2,8.9,60.1,14,4,1.1,22.4,47.5,178.3
39,7,3,8.9,50.8,13,4,1.35,9.9,56.8,34.8
27,13,3,6.7,59.6,12,1,1.25,62.8,55.1,48.4
10,9,3,9.7,34.3,11,3,1.25,89.5,45.1,43.2
26,23,2,7.1,87.9,9,0,1.25,25.4,34.9,110.4
19,1,3,7.7,39.3,15,5,1.25,84.5,33.7,12.2
39,11,2,9.9,31.2,9,0,0.9,67.8,31.9,54.8
3,2,3,7.4,105.7,15,4,1.1,46.2,41.6,11.1
45,25,4,8.5,45.4,17,3,1.05,81.4,32.1,64.1
13,5,1,7.9,96.2,11,3,1.25,27.1,50.1,47.3
50,48,3,8.0,107.2,12,2,1.25,57.5,44.7,190.6
28,11,3,7.8,72.7,8,4,1.05,68.2,44.2,35.1
58,53,1,6.4,72.1,9,3,1.0,57.7,19.9,341.4
20,6,2,8.8,59.4,15,3,0.9,50.7,42.3,30.9
28,9,5,9.0,64.0,8,0,1.4,90.2,36.5,28.4
8,5,3,7.1,68.6,10,3,1.0,80.5,68.0,16.4
41,24,6,7.3,42.2,9,3,1.05,78.5,26.6,39.3
39,33,3,9.4,59.2,17,1,1.4,107.6,39.5,149.4
1,1,3,7.6,95.3,12,0,1.25,119.3,46.6,5.6
3,1,3,8.1,44.6,11,0,1.1,70.2,30.3,11.0
13,8,3,6.7,88.4,11,1,1.35,45.1,65.1,31.3
28,5,2,7.9,82.1,11,0,1.4,94.6,65.4,36.1
57,57,3,6.7,34.6,11,2,0.95,21.3,31.7,143.0
49,2,3,7.1,31.8,11,5,1.35,64.0,34.9,10.3
25,25,2,6.9,58.2,13,2,1.35,65.3,67.8,136.3
56,24,2,9.3,85.4,9,4,0.95,118.1,58.7,109.9
33,9,2,6.0,56.4,11,5,0.95,119.0,37.6,35.6
38,4,3,8.4,83.4,14,0,1.4,96.9,47.2,21.5
53,17,4,7.7,83.2,14,0,1.4,59.4,25.4,50.7
6,1,5,10.1,94.5,8,2,1.35,67.9,68.4,9.9
58,53,2,9.2,38.0,17,4,1.1,41.8,42.9,268.1
44,30,2,6.1,76.2,16,4,1.0,100.4,49.0,95.9
45,40,3,7.2,35.0,14,2,0.9,90.9,30.8,93.8
32,26,5,8.0,44.1,13,2,1.1,93.7,28.4,62.3
45,11,1,7.2,56.0,9,5,1.0,20.9,47.4,75.9
47,21,4,9.4,86.6,13,1,1.25,50.8,65.0,75.2
21,21,3,8.3,107.9,12,4,1.0,66.8,35.5,71.8
16,2,2,7.7,57.4,16,4,1.4,19.3,30.3,15.3
54,29,3,9.5,71.7,8,1,1.0,47.4,45.7,98.2
21,10,2,6.2,50.7,12,2,1.35,15.1,61.6,47.1
11,1,5,7.6,84.0,10,1,1.0,115.3,34.3,7.7
37,18,3,8.4,59.3,16,1,1.35,91.4,39.0,75.2
36,20,3,7.8,68.5,8,3,0.95,76.4,52.0,55.1
35,18,3,4.0,75.4,13,4,1.25,28.6,53.3,40.3
19,17,3,8.5,84.9,10,2,1.25,43.4,38.6,69.6
20,9,3,8.8,34.8,8,3,1.0,21.6,55.2,30.4
57,14,1,6.5,74.4,10,5,1.1,66.7,48.3,113.8
18,17,3,4.7,64.5,9,3,1.35,99.4,42.2,43.1
47,29,2,7.0,40.7,17,3,1.25,7.2,52.8,125.0
41,31,4,7.7,46.6,15,2,1.4,16.9,51.2,85.5
49,4,2,7.8,100.7,10,1,1.35,31.4,29.4,27.4
14,2,3,5.0,99.7,14,2,1.1,87.1,59.8,10.9
15,11,2,8.3,32.7,17,4,1.05,107.8,46.1,57.7
31,20,5,9.5,85.2,13,5,1.0,91.6,58.5,47.2
1,1,3,9.4,74.3,14,5,1.05,65.4,42.6,8.8
53,47,3,9.8,105.2,14,5,1.35,17.1,45.0,213.3
54,43,5,6.2,102.6,17,4,0.95,91.8,46.8,62.5
54,44,3,9.3,76.4,8,1,1.4,17.1,48.6,186.0
3,1,6,6.6,41.1,11,2,1.4,45.0,60.3,2.7
16,13,1,9.2,66.8,11,1,0.95,40.4,47.6,125.7
23,15,3,6.9,88.0,12,1,0.95,46.3,41.7,44.4
57,27,4,8.5,106.1,17,2,1.1,42.9,54.1,71.2
11,5,5,10.3,59.1,12,4,1.0,93.5,47.2,16.9
12,7,2,9.4,92.8,15,2,1.4,24.7,77.5,46.1
10,3,5,6.6,84.7,11,5,1.05,102.3,45.5,9.4
32,26,3,6.3,36.3,8,4,1.35,103.7,56.9,80.3
16,4,4,9.2,74.6,12,0,1.05,61.5,52.6,16.2
8,2,3,10.0,44.7,8,0,1.25,17.2,17.4,10.6
38,25,2,8.6,84.7,10,0,0.95,71.2,33.2,124.8
12,10,5,7.2,78.8,15,5,1.25,99.4,36.7,24.0
24,14,5,8.1,107.8,17,3,1.1,38.3,24.0,34.4
28,28,3,8.6,104.8,12,4,1.35,101.3,37.3,130.4
53,49,1,7.9,30.7,14,4,1.35,82.8,25.5,514.5
8,2,2,6.6,36.4,8,2,1.35,118.5,28.7,13.1
58,32,3,9.6,91.5,13,4,1.25,99.8,44.9,151.5
28,21,1,10.8,84.9,15,2,1.35,28.2,65.0,299.9
36,3,3,10.1,94.1,13,3,0.9,56.6,25.7,16.8
26,2,3,4.7,51.3,11,2,1.0,16.9,27.4,7.6
8,1,4,9.7,97.9,15,0,1.4,13.0,35.6,11.0
58,42,2,8.9,65.4,15,2,1.4,86.2,40.2,261.8
50,19,3,7.0,51.0,13,2,1.1,110.0,23.5,61.2
28,17,3,5.1,30.8,15,2,1.1,117.0,33.6,39.0
28,12,3,7.8,99.7,13,4,1.4,36.1,32.5,52.2
37,33,3,8.5,72.8,11,1,1.25,28.2,45.8,138.8
41,12,3,6.3,108.0,13,1,1.1,69.4,47.1,41.8
36,3,4,9.8,87.2,16,5,0.9,28.1,40.2,10.7
27,11,4,9.8,36.4,15,1,1.1,39.0,37.5,35.0
54,49,4,8.7,77.1,14,5,1.25,101.3,33.5,139.8
17,3,5,5.9,31.4,12,4,1.0,98.2,42.6,12.0
9,8,4,7.6,74.6,14,0,0.9,107.9,30.3,19.4
33,7,4,9.1,58.0,8,1,1.1,60.5,60.6,26.3
53,46,2,9.0,81.5,15,1,1.0,69.9,24.0,206.2
20,14,3,7.0,73.3,12,3,1.0,93.6,34.1,41.1
13,4,3,7.2,50.9,14,5,0.95,32.5,52.4,11.8
28,16,2,6.9,43.0,14,5,0.95,99.7,37.2,55.8
48,24,3,7.6,62.4,15,3,1.05,7.0,50.1,60.4
29,29,2,7.3,108.9,14,0,1.4,96.7,62.6,159.6
13,6,4,7.0,64.9,13,2,1.25,94.2,52.0,22.4
46,1,3,7.8,89.9,13,2,1.4,39.7,27.6,5.1
35,25,3,8.1,34.6,12,3,1.05,88.7,28.1,87.7
6,2,6,9.6,60.3,12,3,1.25,29.6,39.8,8.1
18,16,3,5.3,76.4,11,0,1.05,71.3,47.3,39.1
51,16,3,9.8,90.1,14,0,1.0,85.6,56.5,54.8
5,2,3,6.9,72.3,10,4,1.1,87.2,32.6,11.0
47,8,5,10.8,71.2,12,2,1.25,118.0,36.2,28.7
25,7,3,9.0,91.1,10,4,1.25,25.9,39.0,29.7
2,2,3,8.8,55.1,15,1,1.0,60.3,38.8,12.7
10,6,2,7.8,37.2,12,5,0.9,106.2,59.9,26.7
56,16,3,11.1,57.8,17,5,1.0,69.6,40.8,66.6
30,20,2,8.0,42.7,13,0,1.05,105.8,43.8,97.9
50,16,4,10.3,107.3,8,2,1.0,54.9,52.9,46.3
59,7,4,7.1,76.2,11,2,0.95,96.5,61.1,21.3
45,41,4,9.1,65.7,16,4,1.25,105.1,41.6,120.7
5,3,4,10.8,103.0,12,3,1.0,102.3,57.1,13.9
55,26,3,6.7,102.0,8,3,1.4,105.2,63.9,90.5
56,26,4,8.7,63.3,11,0,1.0,30.2,40.7,65.7
33,14,3,6.9,100.0,13,5,1.1,55.5,35.2,42.8
54,7,4,8.6,35.1,14,3,1.35,25.1,68.2,25.1
1,1,2,10.8,100.9,14,1,1.0,25.8,55.5,12.4
18,1,2,6.6,54.8,15,2,1.0,61.1,42.1,6.4
32,26,3,8.2,75.2,12,3,1.35,115.4,49.8,118.1
47,45,3,6.7,51.6,13,0,1.1,73.1,29.5,135.0
49,20,2,7.8,108.8,9,1,0.9,103.2,55.3,81.5
11,3,4,8.9,35.7,17,5,0.95,112.8,20.4,12.3
21,20,2,7.6,65.8,9,5,0.9,15.0,54.8,68.1
26,4,2,10.4,79.7,10,4,0.95,23.6,33.3,23.6
25,11,4,8.7,79.2,11,4,0.9,38.4,22.2,30.8
22,2,3,6.0,89.1,13,1,1.4,75.9,18.0,7.9
59,14,4,8.5,88.0,13,0,1.1,12.1,36.3,38.7
27,12,3,10.2,93.5,10,4,1.4,95.5,50.5,68.8
49,30,6,8.8,48.7,8,2,1.4,12.3,25.3,63.6
13,1,3,8.4,59.6,10,5,1.05,23.2,27.2,4.0
33,12,1,7.6,60.6,11,5,1.4,48.9,36.1,137.5
34,26,3,7.9,106.5,16,2,1.1,69.1,51.7,83.0
41,33,2,8.0,62.7,17,5,1.25,106.4,53.2,168.0
35,13,5,4.3,47.7,15,5,1.25,115.8,43.7,20.4
1,1,2,8.7,80.6,11,5,0.9,106.7,53.8,10.0
21,14,3,9.5,64.2,14,0,1.4,17.3,50.3,59.4
48,24,2,6.9,50.0,16,0,1.35,77.6,37.0,115.3
55,34,4,8.3,87.2,9,2,0.9,55.8,52.9,64.8
6,4,3,8.5,45.4,10,0,1.4,19.5,26.6,19.0
28,26,6,9.2,80.7,8,1,0.9,68.8,47.8,36.6
17,16,1,8.0,64.4,15,0,1.0,46.0,28.0,125.0
5,4,2,8.8,55.5,9,5,1.1,44.8,43.7,21.4
31,8,2,6.3,105.7,14,2,1.4,15.9,56.6,36.1
5,2,4,6.5,56.0,14,3,0.95,117.6,44.6,6.6
38,9,5,8.6,57.8,10,0,1.05,88.5,41.8,27.2
3,3,2,7.7,99.7,9,4,1.4,37.2,44.7,15.7
53,15,1,5.6,40.3,10,1,1.4,110.5,50.0,135.1
23,13,4,8.5,38.6,15,1,1.1,114.0,67.6,40.4
37,23,2,6.1,52.6,16,1,1.0,98.2,49.8,75.6
53,17,2,12.1,77.3,15,4,0.95,80.8,36.0,99.6
37,2,1,4.7,60.7,9,4,1.25,48.3,39.5,11.2
10,4,1,8.1,78.7,16,1,1.1,54.9,31.2,32.1
10,4,2,6.3,42.8,13,1,1.0,57.3,27.1,17.8
19,14,2,9.4,50.9,9,1,0.9,114.1,12.8,58.4
17,3,3,7.4,75.2,16,0,1.4,92.4,36.5,17.6
21,12,4,9.5,47.4,12,5,1.35,38.6,25.1,47.8
14,8,3,9.2,63.8,13,4,1.4,76.8,43.2,37.8
9,2,4,6.4,75.8,8,2,1.25,73.3,35.9,12.3
46,36,2,6.9,107.9,9,5,0.9,98.4,29.0,123.3
1,1,4,7.5,36.4,8,0,1.0,16.0,16.8,6.2
51,14,3,7.9,66.8,11,2,0.95,85.6,37.8,51.0
45,16,4,7.7,61.7,9,0,0.95,43.1,21.0,34.5
13,3,2,9.1,95.9,8,0,0.9,19.9,50.5,19.0
4,2,5,8.4,102.0,10,2,0.9,89.2,45.1,12.9
1,1,2,7.1,102.6,11,1,1.25,43.1,39.3,11.1
49,44,3,6.6,60.0,11,5,1.0,89.0,59.4,116.0
40,6,6,6.8,54.4,10,2,1.25,23.7,42.1,9.2
32,13,3,8.5,65.9,9,3,1.0,118.4,46.6,38.0
34,22,3,7.7,57.5,15,4,1.1,97.4,50.2,67.4
28,18,5,11.1,87.5,17,3,0.95,38.3,35.8,41.9
31,12,3,8.0,47.1,9,5,1.1,90.2,35.9,37.4
8,4,2,8.3,82.7,12,0,1.35,20.6,42.5,24.1
39,30,6,5.3,104.2,14,2,1.4,80.1,25.8,48.4
26,21,2,6.0,52.4,16,1,1.25,11.9,63.4,82.7
58,51,5,6.3,84.2,10,5,1.1,43.3,43.9,85.0
34,7,2,7.2,41.5,8,1,0.95,117.5,39.6,30.1
54,32,4,5.8,39.7,16,3,1.35,18.9,67.0,70.2
54,48,3,6.3,39.3,8,3,1.05,73.7,28.8,112.7
3,3,6,9.0,41.1,15,0,0.95,13.1,60.4,5.7
59,6,3,6.7,47.3,9,4,0.95,82.0,51.8,18.8
50,20,1,7.9,75.0,14,0,0.9,37.0,55.4,142.8
12,11,3,8.9,91.4,10,5,0.9,40.6,39.9,39.3
1,1,2,9.4,40.1,13,1,1.1,43.8,42.7,6.9
54,53,4,8.4,99.6,13,5,1.25,28.6,37.9,167.4
44,43,5,8.5,97.4,11,2,1.4,113.3,54.0,128.3
5,5,3,9.5,88.2,15,3,1.35,109.2,46.7,22.9
30,16,4,8.6,64.1,12,1,0.9,105.1,35.3,38.6
30,7,2,9.6,30.1,14,0,1.4,17.2,35.8,46.9
59,59,3,4.8,88.8,12,4,0.9,31.8,41.8,101.6
57,5,3,7.9,100.3,11,2,1.35,75.4,38.0,28.8
17,11,3,8.1,56.8,13,4,1.0,116.6,59.3,42.3
48,15,1,7.8,87.4,10,0,0.95,74.6,51.7,122.8
47,3,4,8.2,35.0,13,0,1.1,42.6,51.7,9.9
23,5,2,7.4,86.8,13,1,1.25,99.0,44.8,29.2
15,7,4,9.2,35.5,13,2,0.9,20.6,32.1,17.2
37,37,1,7.2,77.0,10,5,1.1,106.4,50.4,335.0
21,9,4,7.7,77.8,15,0,1.4,117.1,16.8,26.9
14,3,2,10.2,54.2,11,1,1.25,116.3,44.1,22.1
2,1,3,10.0,36.3,9,0,1.25,22.0,32.3,3.2
11,6,2,8.2,105.9,14,1,1.1,68.2,31.3,35.1
51,17,4,7.0,72.8,15,4,1.1,72.3,36.4,41.0
39,26,3,5.5,76.4,11,1,1.35,27.4,41.0,78.8
38,21,4,7.8,79.2,13,5,1.1,67.9,41.7,63.5
34,8,2,8.8,101.3,15,4,1.0,79.4,51.5,43.7
38,21,4,6.9,34.8,12,3,1.0,42.8,39.9,48.8
50,11,1,8.0,101.5,16,0,1.25,41.3,40.8,109.5
34,8,2,7.5,49.2,13,3,0.95,11.9,25.3,32.4
18,10,3,5.4,36.2,13,2,1.1,115.0,26.8,32.3
30,24,1,8.2,82.6,9,3,1.05,97.4,45.4,205.1
15,13,2,8.7,108.2,14,1,1.05,92.3,49.6,67.3
27,3,5,8.2,34.6,16,1,1.0,7.5,38.9,6.7
51,14,6,10.4,64.1,12,2,1.25,76.8,53.2,41.6
34,14,4,7.5,72.4,12,2,0.9,25.8,25.1,33.4
52,10,2,7.4,50.2,12,0,0.95,81.1,46.8,47.0
57,12,2,11.2,108.6,8,1,1.35,76.4,31.8,95.3
38,38,3,6.1,81.3,12,2,0.95,103.0,30.8,91.4
33,10,2,7.1,97.5,17,5,1.05,34.4,32.8,42.5
24,17,5,8.5,63.3,15,3,1.1,8.2,41.0,37.7
15,1,2,9.7,58.3,10,1,1.0,110.1,47.3,4.0
30,3,6,9.4,74.3,16,5,1.25,109.5,46.4,12.4
55,31,3,6.4,64.8,16,2,1.1,57.4,38.5,76.6
42,1,4,10.4,87.2,13,0,1.25,14.0,49.6,3.5
51,12,1,8.7,51.3,11,5,0.9,62.3,62.2,104.3
17,7,5,6.8,66.0,11,4,1.05,65.3,40.6,18.7
5,4,2,6.9,101.6,8,1,1.25,99.5,43.1,18.0
29,10,4,8.1,90.5,17,1,1.35,87.5,34.7,32.5
4,1,4,11.2,43.4,12,1,1.35,13.1,37.3,1.0
10,2,2,8.3,100.9,12,1,1.25,86.1,57.0,15.0
56,42,3,11.2,77.1,12,4,0.9,20.6,57.1,163.6
17,4,3,9.3,84.3,8,4,1.4,15.3,39.6,17.1
10,2,3,6.1,53.5,8,5,1.35,50.8,47.9,11.6
17,5,3,10.1,65.3,17,5,1.1,13.9,53.0,22.8
20,19,3,6.6,94.5,9,0,0.9,100.4,36.6,49.9
24,2,3,7.1,56.5,8,1,1.35,58.3,26.3,10.5
5,4,4,8.4,43.2,15,2,1.05,72.5,50.3,17.3
34,17,3,8.0,60.3,11,3,0.9,71.3,52.8,55.3
6,2,2,9.3,35.5,13,1,0.95,117.5,51.0,12.5
53,34,5,8.8,87.4,15,5,1.05,110.3,37.5,72.2
2,2,5,7.8,41.8,12,4,0.95,102.6,60.3,4.6
13,8,3,10.5,52.8,13,0,1.1,49.1,45.4,38.9
43,11,3,7.3,100.5,11,1,1.05,21.7,28.2,41.6
43,12,3,6.5,73.2,13,0,1.25,73.1,22.8,42.3
48,9,4,8.7,55.7,13,2,1.0,55.6,38.4,26.8
11,2,4,8.0,73.8,10,2,1.1,30.9,44.7,8.3
51,8,2,8.4,47.5,11,2,0.95,16.2,38.5,40.8
47,11,4,9.1,32.0,13,2,0.9,55.2,65.9,26.8
57,53,2,7.7,78.3,15,3,1.25,79.8,46.8,257.9
23,4,1,10.8,87.1,14,0,1.05,76.9,30.3,43.9
55,10,4,8.4,100.4,11,1,1.4,94.0,14.8,42.0
16,5,3,7.3,91.8,10,3,1.25,58.7,44.8,24.8
31,20,3,8.9,104.1,15,1,1.0,42.0,53.9,68.3
11,8,3,7.9,108.9,13,4,1.25,67.0,64.4,37.5
54,36,5,8.2,89.6,15,5,1.35,117.1,39.6,87.2
16,13,3,6.3,99.4,16,3,1.0,10.2,62.7,28.8
8,2,4,6.5,83.9,16,5,1.4,65.8,25.7,4.8
4,4,2,9.6,43.7,17,3,1.4,42.9,37.9,25.4
40,14,2,6.1,44.5,16,5,1.25,17.1,29.8,55.4
4,4,3,7.8,38.8,17,5,1.1,55.0,51.5,13.8
56,54,3,8.5,105.4,8,4,1.1,78.7,26.4,177.1
25,18,4,10.1,83.8,10,5,1.1,65.7,46.8,62.1
3,1,3,7.3,93.2,16,3,1.05,8.4,27.1,1.0
32,22,3,9.1,56.5,11,5,1.05,71.6,63.1,83.6
3,1,2,7.8,66.8,17,0,1.4,31.7,37.5,8.6
27,12,2,4.7,33.2,9,5,1.35,44.3,46.5,43.2
29,18,5,8.1,101.1,8,2,1.0,40.9,20.5,35.2
32,30,3,7.9,98.2,12,5,1.05,103.7,24.1,104.2
50,39,2,8.6,92.8,11,1,1.05,10.5,32.7,207.6
58,20,4,7.0,34.7,12,4,0.9,45.0,52.2,40.4
51,24,4,7.2,43.9,12,2,1.25,50.4,49.9,68.4
19,7,4,9.8,56.7,15,3,1.05,76.2,55.0,24.7
21,9,2,7.5,51.0,13,0,1.05,95.7,23.9,43.2
5,1,3,5.1,97.1,10,5,1.0,88.7,48.1,7.0
18,6,2,8.7,45.6,16,5,0.9,91.6,35.3,31.9
28,6,4,9.3,72.6,15,3,1.4,27.1,32.3,25.0
42,22,4,9.3,75.7,16,4,0.9,109.8,35.6,51.6
22,12,3,7.1,64.0,11,3,1.35,52.6,40.6,50.5
21,10,3,8.0,49.3,15,0,1.4,6.3,49.9,38.6
6,6,2,8.8,106.8,10,5,1.4,81.8,55.5,50.6
1,1,2,9.4,63.1,12,3,1.05,74.5,48.3,3.3
5,2,6,8.8,88.2,14,3,1.05,19.5,49.6,5.9
41,6,2,9.2,44.7,8,5,1.05,115.4,63.9,36.6
12,1,2,6.9,95.8,8,3,1.0,69.6,50.4,15.7
26,19,6,4.6,47.3,10,5,1.1,59.0,39.4,23.7
46,38,3,9.6,84.0,11,3,1.35,50.8,49.0,189.5
34,24,4,6.6,70.5,8,0,1.1,29.1,62.5,49.5
49,10,1,7.7,41.7,15,1,1.0,114.6,31.6,79.1
14,8,3,9.2,32.0,9,2,0.95,85.7,36.8,29.8
26,8,3,8.0,104.5,12,4,1.25,70.3,59.4,32.9
45,21,4,9.1,40.1,13,1,1.4,77.6,38.5,80.1
27,24,1,11.7,86.4,13,0,1.25,101.6,51.2,396.6
9,6,3,8.8,82.2,13,4,1.35,78.1,57.5,24.8
26,21,4,6.9,57.3,8,4,1.4,18.2,26.9,49.6
57,57,3,5.8,44.8,10,5,1.05,85.2,37.1,135.0
47,39,3,9.0,44.3,10,5,1.4,70.0,56.5,193.1
57,24,2,8.1,76.8,15,3,0.95,116.1,40.5,95.0
22,1,2,5.9,73.8,13,2,1.05,89.4,17.8,5.1
47,18,4,9.8,100.1,9,5,1.1,44.6,35.9,55.2
56,56,4,9.1,81.2,8,2,0.95,20.6,51.5,121.1
30,28,6,8.0,95.5,11,0,1.35,60.5,57.3,65.7
43,32,4,11.3,32.6,8,5,1.1,83.1,42.6,110.2
48,12,3,9.5,83.7,12,1,1.4,25.4,47.8,61.3
17,16,5,6.5,48.7,15,3,1.35,79.7,37.6,29.4
26,10,2,9.8,50.2,17,2,1.35,99.9,52.8,66.5
36,27,3,8.4,87.6,9,3,1.05,23.1,59.1,83.2
1,1,2,10.8,93.5,15,1,1.1,86.2,51.2,9.9
8,2,2,9.4,59.7,15,4,1.1,12.8,40.6,12.0
49,46,4,8.7,93.2,13,1,1.05,5.9,47.2,121.3
35,32,3,8.6,65.5,15,4,0.95,8.8,53.4,88.2
52,42,3,6.2,98.6,9,1,0.95,77.6,42.3,84.6
15,10,3,7.2,32.0,14,3,0.9,116.9,51.6,29.6
47,25,3,8.3,36.7,15,1,1.35,93.7,46.4,94.7
56,11,2,5.9,92.1,11,5,1.35,34.3,59.0,53.6
22,2,4,8.7,79.9,16,2,0.9,13.2,50.4,4.6
14,9,3,6.9,74.7,13,2,1.05,75.9,36.0,29.8
26,20,4,7.4,79.1,10,0,1.4,5.4,58.9,62.4
28,8,2,9.1,104.4,11,5,1.35,96.1,47.5,60.0
23,23,2,7.2,82.4,11,2,1.1,33.0,40.3,104.2
14,13,3,8.7,81.8,8,2,1.35,39.4,25.8,53.7
24,7,4,8.2,90.8,17,4,1.35,44.6,44.8,22.1
2,2,3,6.4,99.3,8,5,0.95,92.8,64.0,10.2
45,33,4,9.3,51.0,8,3,0.9,35.6,10.0,78.3
26,21,6,9.4,79.3,11,3,1.25,37.7,10.0,47.0
14,2,6,9.5,76.7,8,4,1.4,67.2,51.2,11.4
59,18,4,10.9,40.8,13,2,1.4,58.2,44.8,81.3
56,47,4,7.4,71.6,9,1,1.35,114.9,50.1,121.1
51,33,2,5.1,35.6,8,4,1.25,35.3,35.7,108.8
7,5,4,7.0,44.8,14,3,1.4,15.6,16.3,15.0
3,2,3,9.4,103.0,13,0,1.1,67.2,32.0,18.1
47,20,6,7.9,39.5,8,3,1.35,26.2,60.7,36.8
23,3,2,5.9,76.3,17,1,0.95,52.6,36.6,11.5
46,18,3,5.5,55.9,16,3,0.9,26.5,36.7,36.4
43,24,3,10.1,74.4,13,4,1.0,106.3,10.4,97.2
47,8,3,8.9,48.8,9,0,1.35,42.7,20.3,36.2
45,30,2,7.3,65.6,14,3,0.9,94.1,55.3,105.9
18,12,3,10.8,99.4,10,4,1.05,114.1,38.9,60.2
58,53,4,12.0,60.1,14,4,1.25,113.2,53.9,201.6
38,10,3,9.6,58.2,16,4,1.0,65.4,33.0,35.3
35,23,2,9.1,65.7,12,0,1.05,118.1,24.4,133.0
51,49,4,8.8,38.0,8,4,0.95,80.4,38.9,108.5
15,11,2,9.3,61.0,12,0,1.05,19.8,35.1,61.0
25,2,2,10.9,30.6,15,5,0.95,107.2,32.0,14.6
55,26,4,6.5,70.3,15,1,1.1,58.9,32.3,49.1
37,36,4,7.5,97.8,10,1,1.1,22.6,40.4,90.0
28,1,3,7.9,74.2,11,1,1.35,96.0,36.1,8.0
10,8,3,8.9,78.6,15,5,0.95,76.8,30.8,27.2
39,25,3,10.3,32.4,15,4,1.35,106.4,63.7,119.2
57,4,3,8.6,98.8,14,0,0.9,100.1,47.5,17.5
17,10,2,8.9,60.8,13,5,1.35,41.8,43.9,68.9
39,19,6,9.0,108.0,11,1,1.4,34.5,41.2,58.1
22,18,4,8.0,39.6,17,2,1.05,89.4,50.0,38.5
26,5,4,7.4,105.6,16,1,1.4,70.9,48.4,23.7
44,30,3,8.1,80.7,9,4,1.25,13.0,29.6,102.6
25,19,4,7.0,34.2,9,5,1.4,25.9,23.6,50.0
17,16,3,7.0,107.7,8,2,1.1,22.4,14.7,47.8
13,1,2,8.6,31.1,10,5,1.0,72.8,63.5,9.0
20,12,2,7.3,88.5,10,3,1.05,14.9,36.7,55.7
25,24,3,10.8,101.2,11,2,0.9,28.9,49.1,89.6
4,2,5,8.2,44.1,10,3,1.35,67.7,44.4,15.4
10,5,2,10.0,57.5,17,2,0.9,20.3,53.0,23.9
3,1,2,6.1,74.9,13,0,0.9,33.6,41.2,6.7
41,8,3,6.2,84.4,16,2,1.4,109.3,26.1,25.2
45,18,4,7.8,99.8,15,1,1.0,85.2,29.6,42.3
18,16,2,9.4,90.9,13,3,1.4,40.3,37.8,123.9
47,5,2,7.3,59.1,15,3,1.4,105.9,23.0,28.9
36,26,3,7.8,95.7,15,5,0.95,33.8,31.7,71.0
47,30,3,9.5,107.3,17,1,1.05,72.7,27.6,107.3
22,22,2,7.4,48.2,13,0,1.1,47.4,38.1,110.4
34,13,2,6.9,35.9,9,2,1.05,91.5,36.0,51.0
47,19,3,9.1,64.1,12,0,1.35,47.7,43.4,94.2
8,5,3,6.0,100.5,11,1,1.1,33.6,52.3,18.8
40,3,6,7.4,42.0,13,2,1.05,74.9,39.1,11.7
49,26,4,8.2,100.9,9,1,1.05,90.7,24.0,65.4
44,40,1,8.8,109.4,11,3,1.4,66.7,17.4,566.9
19,12,3,9.2,34.3,15,3,1.05,87.4,43.9,45.5
42,2,3,9.5,69.6,8,3,1.25,53.5,34.0,10.0
41,11,2,7.5,56.3,10,4,1.35,96.5,40.1,69.7
37,28,5,9.4,61.5,11,4,1.35,72.3,46.0,84.4
6,2,4,8.8,66.1,9,3,1.25,27.6,59.3,5.8
52,13,2,9.1,89.2,9,4,1.25,107.4,21.0,75.8
26,5,2,7.0,77.3,13,4,1.05,101.2,29.9,26.3
34,22,1,9.0,106.9,13,5,0.95,115.8,41.0,216.7
59,12,2,7.8,56.6,10,1,0.95,70.4,28.3,54.2
56,2,3,8.1,73.3,15,5,1.4,82.7,24.1,8.3
59,37,3,8.2,95.1,10,2,1.35,104.3,57.7,162.6
45,7,6,11.2,59.8,9,3,1.0,11.0,29.4,18.1
6,2,2,6.6,67.2,12,5,0.95,109.9,26.3,10.0
37,26,3,9.8,84.8,14,5,0.95,36.2,28.2,80.9
57,24,5,10.1,98.9,8,4,1.25,11.6,55.0,66.1
33,12,3,9.2,63.3,9,1,0.95,32.3,33.7,36.5
53,16,1,7.2,72.6,9,1,1.1,72.4,25.4,132.5
22,8,2,10.5,108.0,15,5,0.9,10.5,31.9,42.6
21,9,3,7.5,33.4,17,2,0.95,5.1,41.4,24.8
6,5,6,9.0,65.9,13,1,0.9,78.5,52.7,10.8
6,5,5,8.2,80.9,11,0,1.4,57.1,51.7,19.0
55,5,5,7.4,30.7,11,0,0.9,102.1,32.7,12.0
48,11,4,8.8,77.7,12,3,1.35,34.6,35.6,40.2
4,2,3,10.8,34.5,10,5,0.95,37.3,67.2,8.6
30,20,5,8.4,98.6,11,2,1.4,13.9,53.9,60.9
11,9,6,11.0,94.6,11,5,0.9,66.9,39.0,24.7
30,21,3,7.7,32.6,14,0,1.0,47.1,14.5,58.8
31,14,2,8.1,33.9,14,2,1.0,44.1,36.5,63.0
24,18,3,6.2,90.3,8,3,1.0,57.6,26.1,42.4
55,15,2,7.2,59.6,10,1,1.0,102.7,31.6,68.6
9,8,1,7.7,76.0,16,1,0.95,17.1,30.4,60.7
55,7,5,7.5,51.6,13,1,1.25,65.2,39.2,20.8
3,3,5,6.6,43.8,13,0,1.35,27.6,42.8,10.8
51,15,2,6.9,53.7,11,2,1.1,29.4,33.2,69.3
31,16,3,7.6,49.7,17,0,1.0,34.5,26.7,47.9
40,36,4,9.8,65.9,16,4,1.05,57.8,39.9,97.5
37,21,4,5.8,89.7,10,2,1.25,61.9,36.0,47.2
36,6,3,4.9,74.3,15,3,1.4,105.2,19.2,21.9
24,1,4,5.4,78.7,13,0,0.9,107.6,49.3,9.9
31,4,5,6.7,67.6,9,1,0.9,72.5,33.3,13.5
6,3,5,9.0,56.0,10,1,1.25,37.4,38.8,13.5
2,2,3,7.5,41.5,8,1,1.05,99.1,39.4,11.4
20,5,2,7.4,58.4,10,0,1.05,96.2,41.8,26.9
28,23,5,7.4,83.2,11,0,0.95,96.8,43.8,45.6
11,5,2,5.2,88.7,13,1,0.9,6.9,26.3,10.8
4,4,4,9.3,67.5,17,1,1.05,91.7,45.7,18.8
15,13,2,10.0,81.6,14,1,1.0,103.1,37.9,69.3
6,5,3,7.5,46.8,10,4,1.35,74.6,55.0,21.2
54,49,3,8.1,98.8,14,0,0.9,91.4,51.8,127.9
49,27,2,8.2,99.3,11,1,1.0,94.3,57.9,136.1
30,7,5,6.4,55.6,8,3,1.0,63.3,30.7,15.9
56,40,1,7.3,73.8,8,1,0.9,98.6,57.4,264.0
38,13,5,10.7,78.5,15,0,1.35,96.1,43.1,39.6
51,23,5,8.0,67.8,17,3,1.25,110.4,50.3,58.6
57,16,3,8.3,102.9,14,5,1.4,111.0,50.1,65.7
2,2,4,7.0,89.2,11,5,0.95,65.9,47.5,10.3
15,13,2,7.4,83.8,8,5,1.25,8.6,28.9,57.8
11,4,4,9.0,71.6,13,0,1.1,7.2,53.5,14.9
8,8,3,6.7,36.8,17,0,1.1,113.0,46.2,22.8
26,16,3,10.4,38.6,14,0,1.0,43.8,24.3,63.0
51,31,3,5.6,53.9,13,2,1.0,48.4,36.2,70.8
45,42,4,7.1,46.9,13,3,1.25,59.0,27.4,110.7
44,25,5,5.8,106.2,15,4,1.35,35.6,24.9,47.2
5,4,2,10.0,62.8,13,4,1.25,72.9,52.2,27.8
6,4,3,7.9,100.1,9,2,1.0,95.2,24.2,17.8
26,26,2,7.6,95.4,14,0,1.05,34.6,26.1,108.9
54,37,4,8.6,95.0,17,4,1.4,90.5,65.7,113.4
4,4,2,10.1,47.3,11,3,1.4,82.3,36.6,30.5
19,16,4,8.3,65.8,10,1,1.1,65.4,49.9,50.8
20,1,2,9.7,55.4,15,3,1.05,42.4,55.5,6.6
33,28,3,7.6,107.6,17,0,1.4,105.4,51.3,106.6
20,9,4,6.6,100.1,12,3,0.9,51.3,43.8,20.0
49,12,4,8.3,50.0,11,5,1.0,48.1,41.6,30.5
12,5,4,7.0,55.1,11,0,1.25,78.8,48.5,20.3
47,28,3,9.0,72.3,12,3,1.0,110.8,39.3,99.9
1,1,5,7.4,52.3,11,2,0.95,63.4,50.3,9.5
26,24,3,7.9,96.0,10,3,0.9,88.1,38.9,69.6
14,3,5,4.6,95.5,11,5,1.4,57.5,40.3,11.4
38,5,3,7.8,87.9,17,4,1.0,30.2,64.6,16.4
37,34,3,7.6,85.1,12,1,0.9,19.3,36.2,90.5
11,2,2,9.7,73.8,9,2,1.05,20.7,42.2,10.8
36,13,3,9.3,57.8,14,3,1.4,7.5,47.2,50.7
13,7,2,8.0,97.0,12,0,1.35,68.6,47.9,46.6
43,42,5,5.6,98.7,16,2,1.1,20.1,45.5,58.9
3,1,4,7.3,34.0,13,4,1.05,104.6,27.0,6.3
33,14,6,9.7,61.9,8,1,1.1,118.0,43.9,32.4
6,3,2,7.7,32.1,16,5,1.1,62.0,44.9,16.3
50,42,2,6.4,97.2,12,1,1.05,56.7,55.7,168.0
56,38,5,9.7,44.2,16,3,0.9,45.0,50.9,68.3
10,4,3,5.6,83.9,8,5,0.9,78.4,56.5,13.1
5,5,3,7.8,58.6,9,4,1.25,74.9,30.0,16.5
23,1,5,8.8,95.3,10,4,1.25,44.5,30.0,6.6
10,7,3,8.2,70.8,12,1,1.1,44.5,45.9,27.6
44,41,2,6.1,56.0,13,1,1.0,79.2,55.6,149.6
2,2,5,6.6,55.9,12,4,1.4,68.8,39.6,6.7
13,5,1,7.0,56.2,8,1,1.25,87.6,33.1,42.1
40,10,5,9.2,93.1,11,0,1.4,113.3,22.8,37.9
2,1,2,8.3,86.9,13,1,1.05,94.7,46.4,5.8
20,15,4,7.4,55.5,11,0,0.95,40.0,40.6,29.7
1,1,2,8.6,69.2,11,5,1.0,92.3,36.8,9.5
37,15,4,6.9,36.1,12,1,1.1,56.8,52.9,35.4
9,5,1,9.1,96.2,15,2,1.35,94.4,41.0,57.3
17,10,4,8.7,51.3,12,2,1.4,107.0,42.0,40.2
9,6,3,7.7,101.1,14,5,1.05,33.7,52.8,22.8
11,4,2,7.8,77.7,15,5,0.95,32.4,68.3,19.9
15,15,4,7.5,75.4,13,2,1.1,54.8,36.7,39.8
24,18,3,9.5,43.0,13,5,1.35,10.9,31.5,88.2
38,16,2,8.3,35.6,9,0,1.4,83.9,30.1,91.2
55,40,1,7.7,74.2,17,0,1.0,91.2,47.7,309.0
35,25,3,6.5,67.4,12,3,1.25,44.7,28.9,80.4
30,23,2,8.9,39.6,8,3,0.9,58.5,37.5,103.4
31,12,2,8.8,96.8,16,1,1.1,72.9,38.6,62.2
49,34,2,7.2,63.4,14,0,1.25,13.5,60.7,154.6
5,4,3,7.4,50.8,9,2,1.4,86.8,56.3,20.0
44,37,3,7.8,93.1,13,2,1.05,65.6,23.6,121.5
50,3,2,6.3,103.0,17,2,1.05,76.8,61.0,18.8
14,9,6,8.1,54.5,16,1,1.25,88.2,27.4,27.2
53,53,5,5.5,92.1,12,0,0.9,82.7,43.9,66.1
56,18,2,6.1,82.2,10,5,1.1,16.0,32.0,64.9
11,11,2,7.2,109.2,17,1,1.1,95.0,37.3,49.5
9,3,5,7.1,46.3,11,5,1.25,75.2,30.2,14.4
34,34,3,8.7,106.9,10,4,0.95,87.2,62.1,115.4
12,9,3,8.4,55.2,8,4,0.95,35.1,40.3,33.6
35,14,3,10.1,63.0,17,3,1.0,30.5,44.7,51.6
35,4,4,8.1,58.7,14,5,1.4,100.0,29.1,15.2
1,1,2,8.3,51.5,15,0,1.25,49.9,25.0,5.1
40,29,4,6.3,85.5,9,5,1.0,71.2,36.7,50.4
22,9,4,6.3,77.1,15,5,1.1,68.4,48.3,16.2
29,13,3,8.1,54.5,16,2,1.4,72.3,40.5,53.8
8,2,5,8.1,40.6,14,0,1.1,13.0,53.7,8.3
11,10,2,8.4,55.4,8,5,0.9,39.8,43.5,38.4
41,16,3,9.9,60.5,11,5,1.05,12.6,42.1,60.6
37,12,3,6.3,60.5,14,5,1.35,60.2,48.4,36.4
14,4,3,10.5,58.6,13,3,1.0,108.7,43.2,23.1
30,5,2,5.8,33.9,15,2,0.95,49.8,53.3,20.0
35,34,3,8.6,67.1,13,1,0.9,95.0,48.7,106.2
21,10,2,6.1,96.9,17,2,0.9,38.0,52.9,37.3
37,1,2,9.1,44.4,13,5,0.9,103.5,50.6,4.1
5,2,2,5.8,41.7,17,5,0.95,53.2,58.3,9.4
19,17,4,4.0,67.7,13,4,0.95,45.9,51.9,25.8
59,48,1,8.2,59.6,14,1,1.0,85.2,63.0,396.3
14,11,4,7.8,74.9,12,5,1.4,64.0,35.5,41.0
26,24,2,9.7,105.8,16,2,1.35,43.8,52.0,162.6
4,3,2,8.1,90.9,14,1,1.1,11.7,25.4,17.0
25,14,3,6.9,85.0,8,4,1.4,24.2,53.4,49.5
45,42,2,7.2,63.3,16,4,1.05,93.8,42.7,160.1
42,39,3,12.8,53.0,13,0,1.4,110.9,53.2,268.9
25,17,3,6.7,73.2,15,5,1.4,24.4,62.2,51.5
18,6,6,8.8,100.8,16,4,1.1,70.5,51.6,20.9
40,23,6,8.6,100.1,9,4,1.1,8.9,37.0,44.4
8,6,3,8.8,65.6,9,4,1.0,38.4,28.9,18.3
39,4,4,8.7,49.7,12,5,1.05,56.6,48.4,14.2
40,9,1,7.6,48.0,12,3,1.25,89.6,38.6,91.1
14,4,3,5.4,32.7,17,4,0.95,10.1,50.0,9.1
32,7,4,8.2,97.4,17,0,0.95,94.8,35.9,19.7
51,23,2,8.0,51.2,9,1,1.1,28.3,30.8,99.7
38,2,2,8.2,58.7,17,3,1.1,92.3,39.1,12.6
33,24,2,8.8,94.7,11,1,1.05,76.9,48.0,136.6
23,8,3,7.4,39.6,16,1,1.25,44.1,43.5,30.4
15,7,3,7.1,66.9,11,0,1.1,88.2,32.2,25.3
33,31,3,9.4,39.8,8,3,1.4,32.2,63.6,137.1
25,15,3,7.5,65.3,12,5,1.05,30.3,40.3,53.2
17,15,3,7.3,33.8,9,2,1.1,12.1,14.9,45.0
33,24,4,7.1,71.4,13,4,1.0,50.2,53.2,53.5
47,26,2,8.9,93.7,8,1,1.1,16.2,41.9,129.6
55,16,4,7.7,84.1,14,1,1.25,53.2,40.0,40.7
2,1,4,11.3,70.7,14,0,1.4,6.1,39.7,3.6
14,13,4,8.1,96.3,11,5,1.25,22.8,39.8,44.1
53,15,4,6.2,48.2,16,0,0.95,112.2,62.0,31.6
40,27,3,7.3,96.5,10,0,1.05,96.5,47.6,85.1
40,4,2,9.0,52.1,12,3,1.1,32.2,45.1,25.9
51,16,3,7.1,59.0,12,5,1.1,87.6,38.8,53.3
39,30,6,8.0,40.3,15,4,1.35,81.9,62.7,59.3
51,44,3,9.5,38.1,17,3,1.0,25.3,52.1,146.4
6,6,1,9.7,104.6,17,0,1.4,47.7,53.9,77.6
6,4,2,7.2,45.2,11,0,1.1,110.1,45.3,19.4
3,3,6,7.6,56.7,8,5,1.35,90.0,54.0,9.9
7,6,2,8.1,72.3,12,5,1.0,92.4,46.7,33.4
51,49,1,10.0,57.8,8,1,1.0,69.8,37.5,485.8
8,6,3,6.4,99.6,10,3,1.25,81.5,46.4,27.6
42,12,6,8.5,102.1,13,3,1.4,63.5,67.2,33.6
52,21,3,8.1,56.1,8,5,0.9,90.2,44.4,56.4
15,8,3,6.7,37.4,17,4,1.05,89.3,57.2,29.9
47,4,3,9.9,46.8,10,3,1.35,8.6,56.3,17.2
29,12,1,9.5,68.0,14,5,1.0,77.7,48.8,107.1
33,31,5,10.3,53.1,9,4,0.9,77.4,61.9,66.9
52,23,3,9.8,66.3,13,2,1.25,12.7,15.9,104.2
30,22,3,8.0,90.7,14,5,1.0,52.2,20.0,61.4
39,20,5,8.9,63.7,9,4,1.05,108.4,62.7,45.9
27,15,6,8.5,45.8,12,0,0.95,114.6,34.2,31.9
36,23,3,6.6,58.6,17,2,1.4,95.0,43.3,70.4
29,28,2,6.0,89.4,17,1,0.95,22.4,63.0,82.3
38,16,4,8.6,63.9,8,1,0.9,48.1,44.4,38.0
57,37,3,8.1,50.0,10,1,1.4,26.0,62.3,168.4
33,21,5,7.5,64.2,8,0,0.9,80.0,37.3,31.8
37,15,5,7.9,66.4,10,5,1.35,93.9,49.4,45.0
27,17,2,10.7,53.7,11,1,1.25,106.6,42.7,129.3
55,50,6,4.7,109.7,12,4,1.0,104.0,59.9,60.3
33,13,3,9.0,91.4,11,5,1.0,16.4,38.9,44.1
4,3,3,9.3,85.4,11,0,1.25,19.5,30.4,13.7
22,13,1,9.5,98.4,16,3,0.95,109.6,36.4,119.3
2,2,5,5.9,83.3,16,0,1.05,102.0,36.9,12.0
10,4,3,7.6,93.3,16,0,1.05,57.9,34.2,17.5
5,4,3,7.5,63.0,12,3,1.1,54.5,33.7,15.6
59,20,5,8.4,70.0,12,4,0.9,68.6,55.5,39.6
10,4,3,6.3,33.8,9,2,1.05,73.6,58.9,18.8
33,19,3,8.6,52.5,13,3,1.05,34.2,46.7,69.2
54,45,5,6.7,59.4,9,0,0.9,51.4,34.2,58.8
38,7,4,7.6,80.0,17,1,1.1,76.3,35.0,21.6
13,9,5,10.0,67.1,12,3,0.95,28.7,17.1,25.2
31,12,5,9.3,78.6,12,3,1.25,119.9,46.6,34.5
47,4,3,8.2,87.1,11,2,1.4,37.5,33.8,21.0
36,34,3,5.9,33.4,12,0,1.4,68.5,59.7,108.6
45,2,2,8.5,50.7,14,1,1.25,68.7,25.5,11.3
24,5,4,8.6,43.7,17,1,1.4,56.9,34.9,16.9
52,10,3,4.9,45.0,9,2,1.25,32.8,40.9,24.2
56,32,4,8.5,70.3,8,5,0.9,70.0,47.6,66.1
15,10,2,6.4,89.2,11,1,1.35,15.5,63.6,49.2
29,9,2,5.8,51.8,14,4,0.9,49.5,25.6,23.1
8,5,2,6.3,96.0,8,3,1.35,30.8,38.4,24.6
5,5,2,4.8,101.4,11,3,1.1,19.3,24.9,17.6
29,26,3,7.4,58.0,13,1,1.35,111.4,51.5,109.8
47,10,2,6.5,84.5,13,1,1.05,85.5,34.2,42.3
4,2,2,9.7,39.4,8,1,1.25,24.4,40.8,11.2
12,6,1,7.5,89.5,14,3,1.05,114.2,39.9,49.5
45,27,4,6.9,43.2,12,1,1.4,29.8,43.4,81.9
2,2,4,5.6,85.0,13,4,1.25,32.1,40.1,5.4
27,19,2,7.4,63.8,8,4,1.0,20.3,30.3,73.2
31,21,4,10.0,104.3,14,3,1.1,88.7,43.0,69.2
51,8,3,10.3,67.2,11,5,1.0,70.7,32.5,35.8
51,1,2,7.5,32.5,10,0,1.1,11.7,51.8,5.0
36,28,3,7.9,68.5,11,0,1.1,7.9,42.7,92.5
36,14,2,9.1,93.6,16,0,1.1,66.3,29.5,72.4
26,21,4,6.5,81.8,12,4,1.35,79.9,70.9,57.8
43,30,1,8.6,107.3,12,2,1.0,99.6,61.9,296.8
27,21,6,11.6,97.5,15,0,0.95,60.0,71.3,48.1
5,1,2,9.1,72.1,14,2,1.1,82.8,37.9,5.8
20,9,3,9.1,46.5,10,3,1.25,89.4,32.0,45.1
11,1,5,10.0,30.3,8,4,1.25,75.5,51.7,11.1
10,5,1,9.4,108.4,9,5,0.95,45.5,55.3,48.0
40,31,3,7.6,105.1,10,0,1.0,20.2,44.4,92.4
38,38,3,6.2,51.9,8,4,1.35,79.5,16.8,113.2
6,3,3,7.8,81.1,8,3,1.35,93.4,30.2,13.6
8,7,2,6.5,88.3,15,4,0.9,26.8,47.1,22.3
23,19,2,7.6,76.2,15,1,0.9,61.9,34.1,69.7
47,36,3,6.7,97.4,9,0,1.0,50.7,25.6,89.8
26,18,3,7.4,36.2,15,4,0.95,28.7,38.9,41.9
46,33,3,5.8,101.7,9,5,1.35,33.2,10.0,92.5
43,13,2,7.0,61.4,12,4,1.1,32.3,34.8,64.1
12,8,3,8.6,68.5,8,4,1.1,53.2,36.9,26.5
26,1,3,9.0,65.6,16,3,1.1,49.9,45.7,6.6
13,13,3,8.7,72.5,11,0,1.0,68.7,48.6,45.9
40,36,3,7.4,77.9,17,5,1.1,15.7,46.5,102.3
18,12,2,8.2,86.8,9,0,1.25,71.8,52.8,60.9
25,10,2,10.9,72.0,8,1,1.1,7.5,40.0,54.0
33,31,2,6.9,84.8,13,1,1.0,34.6,24.5,127.9
47,6,3,10.4,57.1,15,4,1.1,62.7,42.5,27.2
40,1,2,5.8,104.9,11,0,1.25,84.0,31.5,8.8
43,7,3,5.4,35.2,8,0,1.05,93.7,25.7,19.4
12,10,3,7.8,73.6,8,4,0.95,9.1,48.9,23.1
44,27,3,7.9,37.0,13,2,0.95,66.8,25.0,85.1
36,21,3,6.3,65.4,9,0,1.0,45.8,50.2,49.6
48,28,2,7.5,50.6,12,4,0.9,84.9,26.5,111.1
4,3,3,8.6,105.0,9,4,1.0,37.6,38.5,14.6
5,4,5,6.5,31.0,16,2,1.4,90.5,35.2,12.5
56,20,4,9.5,61.3,9,1,0.9,74.3,55.6,45.8
37,25,4,9.7,92.6,12,5,0.9,95.8,49.1,72.4
8,4,4,9.9,45.1,11,4,0.95,118.2,32.1,19.6
42,5,3,6.6,95.2,8,0,1.0,109.5,40.1,17.6
49,21,2,6.8,98.8,17,1,1.4,73.2,58.0,104.8
28,18,3,7.7,86.6,16,1,0.9,107.8,59.9,45.1
31,15,2,7.6,46.7,10,1,1.05,22.6,25.6,69.5
58,6,3,7.5,51.8,17,4,1.1,9.9,57.8,19.3
9,9,4,9.1,43.4,15,0,1.4,66.3,56.9,36.1
54,29,4,8.9,44.7,11,5,0.95,117.1,44.1,74.5
51,19,3,6.7,32.9,16,2,1.4,86.6,40.9,60.0
29,1,3,6.3,98.6,12,3,1.05,40.1,35.4,6.3
14,1,3,6.1,72.3,9,3,1.05,81.9,27.0,9.3
40,3,4,6.7,56.2,15,1,1.0,9.6,46.1,7.5
41,21,4,9.3,53.2,11,3,1.0,59.1,40.0,63.2
22,3,6,8.2,73.6,9,3,1.0,32.3,47.2,9.2
11,9,1,9.4,56.1,13,4,1.4,10.7,47.5,129.4
23,8,3,5.4,99.1,8,2,1.25,33.7,72.2,20.6
1,1,2,8.4,46.9,15,3,1.0,88.1,56.4,1.9
46,3,2,8.4,100.6,16,5,1.25,68.4,48.6,24.1
37,25,5,9.8,83.1,14,5,0.9,7.7,16.4,44.2
21,13,6,7.4,106.5,16,2,1.1,52.1,46.7,27.9
26,6,2,7.3,31.2,9,3,1.05,91.5,61.0,27.6
46,45,1,10.3,34.7,8,5,1.1,114.8,36.9,505.9
36,20,2,7.7,70.1,14,1,1.25,105.6,68.3,99.2
54,52,4,8.3,103.0,11,1,1.05,5.2,48.5,131.4
23,12,2,8.7,88.5,17,5,1.4,30.2,45.5,70.7
57,45,2,5.5,79.8,15,2,1.35,28.9,30.1,170.9
1,1,2,8.1,32.5,10,2,1.1,52.5,60.0,9.1
54,34,3,6.1,58.3,14,2,1.25,79.3,32.0,91.6
55,21,5,7.9,57.7,14,2,1.0,22.6,35.2,35.7
51,48,2,7.6,73.4,17,0,1.25,110.3,19.4,231.9
40,23,3,7.2,50.6,16,1,0.9,94.4,52.8,52.3
15,6,2,8.9,51.4,11,3,1.05,53.2,49.1,39.0
21,19,3,8.1,79.7,17,0,1.25,72.2,42.1,70.0
47,13,4,6.4,105.6,8,2,1.0,67.3,50.9,30.3
9,1,2,6.4,82.8,14,3,1.35,72.0,49.8,9.8
53,23,2,9.3,83.5,17,1,1.25,103.9,37.6,137.3
9,9,4,7.9,108.9,13,2,1.0,28.0,32.6,29.6
10,1,1,5.9,42.3,8,4,1.05,83.6,21.4,3.3
52,2,3,7.4,32.7,16,2,1.0,17.3,39.9,8.7
57,19,3,7.8,89.6,17,3,0.9,57.8,26.3,52.9
53,19,2,6.1,65.1,15,1,0.95,78.1,44.0,59.1
26,24,4,7.0,64.3,17,2,0.9,6.4,40.1,42.5
41,7,4,9.4,48.0,11,1,1.1,17.4,37.2,25.2
35,20,3,11.7,70.5,12,0,1.35,15.5,54.6,121.2
52,9,1,8.5,65.4,15,4,1.0,48.1,30.2,75.1
25,17,3,6.0,57.6,9,5,1.0,76.5,19.8,41.1
26,15,3,7.7,65.4,13,5,1.35,119.5,39.3,65.3
11,2,3,8.2,60.7,17,0,0.95,34.2,33.1,13.7
38,36,4,9.2,105.2,9,5,1.35,20.6,43.5,120.2
2,1,1,9.2,108.4,15,4,1.0,52.7,31.0,13.5
7,1,3,10.0,97.2,12,0,0.95,21.8,47.0,10.1
18,5,3,8.0,109.2,17,1,1.1,7.8,30.3,22.2
27,7,3,8.0,51.3,10,1,1.4,69.9,30.2,28.3
34,18,4,5.2,97.4,9,0,0.9,106.2,49.4,29.7
27,21,2,6.5,62.5,11,3,0.9,104.0,41.4,73.9
17,7,3,6.0,89.7,15,0,1.0,16.6,27.8,17.9
43,17,6,6.7,46.1,8,2,0.95,22.0,30.6,21.3
59,39,3,6.3,95.0,17,3,1.1,61.5,37.5,97.6
44,36,3,6.4,36.7,10,1,0.95,47.3,28.3,87.2
59,40,3,9.6,51.6,8,0,1.0,85.9,38.5,137.5
51,45,6,5.1,95.8,9,3,0.9,61.9,39.0,46.8
54,4,6,7.7,89.8,17,2,1.05,7.3,31.0,4.2
24,6,3,9.3,70.1,14,4,1.1,37.7,49.8,24.4
25,25,1,7.5,83.8,8,1,1.25,108.7,29.8,233.7
7,5,5,10.0,44.8,16,3,0.9,63.8,56.9,15.3
52,30,3,7.1,83.4,15,5,1.25,96.8,39.4,95.5
6,4,3,10.6,30.6,8,3,1.4,51.3,34.1,18.8
53,4,4,5.6,96.7,17,5,1.25,82.9,48.5,12.5
24,24,3,10.0,71.3,8,3,1.1,24.4,42.4,88.0
33,29,1,6.7,105.5,9,0,1.25,89.7,51.1,243.7
49,9,4,10.2,68.3,9,1,1.4,95.5,18.0,35.4
29,4,3,7.3,64.6,13,1,0.9,15.4,48.2,14.6
43,24,3,9.7,66.0,8,0,1.4,26.1,35.8,110.1
22,14,2,9.9,58.8,11,0,1.1,58.2,42.5,86.7
26,5,3,7.1,43.3,14,5,0.95,78.3,40.9,16.1
28,18,2,9.5,97.4,16,5,1.05,78.3,58.2,88.9
50,42,3,8.0,61.1,17,5,1.05,81.8,19.7,127.2
21,19,3,5.8,72.3,10,0,0.95,87.2,61.4,46.2
49,12,5,8.8,31.6,11,2,1.25,63.2,50.5,37.7
7,2,3,6.5,34.8,12,3,1.25,71.1,43.8,12.8
17,17,4,7.0,77.8,12,2,1.1,6.0,24.8,38.9
20,11,4,6.7,100.3,9,1,1.0,24.2,21.9,19.1
41,35,4,8.6,69.5,12,0,1.1,62.3,35.3,98.2
49,23,2,6.5,43.2,17,3,1.35,90.7,49.6,105.9
20,17,5,6.2,39.3,8,5,1.35,98.0,41.9,35.0
54,1,3,6.4,102.0,14,4,1.1,88.8,48.9,13.7
22,15,1,6.9,86.1,12,3,0.95,60.9,24.4,113.5
28,28,2,8.7,107.3,13,4,1.4,37.3,42.5,205.6
40,9,4,9.4,36.6,16,3,1.4,56.1,55.1,30.9
49,15,2,9.3,102.2,10,0,1.1,6.1,59.4,90.6
7,4,2,7.9,97.7,8,4,0.9,73.8,27.0,17.8
1,1,4,7.9,101.5,15,4,1.25,13.6,37.8,10.0
32,24,5,7.7,30.5,9,1,0.95,21.7,37.9,37.5
13,12,3,8.7,89.4,9,3,1.1,77.0,34.5,38.4
30,29,2,9.7,73.9,17,2,1.0,6.5,52.9,135.4
23,3,2,7.8,75.9,11,5,1.25,71.0,76.5,17.7
51,22,3,8.8,67.5,12,2,1.35,78.4,28.6,107.4
59,27,1,6.1,89.4,8,1,0.9,95.7,47.1,153.7
56,19,3,9.3,110.0,10,1,1.1,12.8,45.5,81.3
19,13,2,8.3,86.8,15,1,1.05,5.3,45.8,55.6
32,12,5,6.5,84.2,13,0,0.9,93.2,58.0,20.1
30,20,3,9.6,82.4,10,0,1.05,38.4,46.5,77.7
29,1,2,6.1,85.6,14,0,1.25,107.0,16.4,7.0
49,21,5,4.6,57.4,13,0,1.0,26.3,24.8,25.4
45,45,2,9.3,55.6,12,1,1.25,72.3,29.2,299.3
29,1,3,8.6,92.7,15,1,1.05,17.6,33.0,3.6
30,10,4,6.2,34.2,15,0,1.05,51.3,40.3,21.7
16,15,3,8.5,90.7,10,0,0.95,106.4,39.4,50.2
40,32,3,9.8,95.1,15,4,1.25,75.0,20.1,137.9
19,7,3,8.4,71.7,17,3,1.05,84.3,22.7,28.4
18,18,2,11.7,102.8,16,4,1.1,31.0,16.6,119.9
1,1,1,6.7,67.8,17,3,1.35,111.1,23.4,9.7
14,14,4,4.6,44.2,10,0,1.35,76.7,53.9,27.4
51,32,3,5.9,58.9,15,0,1.25,17.2,38.8,86.9
47,27,2,4.6,102.5,15,5,1.1,6.8,30.6,71.3
50,28,2,11.2,109.5,14,0,1.1,6.8,19.0,177.0
2,2,5,8.0,63.7,15,4,1.05,10.9,29.8,8.2
54,39,6,10.9,43.3,8,1,1.05,109.8,49.3,78.4
28,17,3,7.5,52.9,10,3,1.35,46.2,47.7,67.2
49,29,4,6.6,74.3,13,5,1.35,39.3,39.0,79.8
50,18,4,5.4,75.8,14,4,0.9,52.9,38.8,24.0
30,12,2,7.4,80.4,14,5,1.05,52.1,20.7,49.7
38,8,2,9.3,96.8,13,0,1.35,32.4,32.7,52.4
51,31,2,7.7,86.9,11,1,1.0,15.6,48.7,137.3
4,2,4,5.6,50.9,12,4,0.95,17.5,33.9,10.2
1,1,4,9.0,61.6,16,3,0.95,73.9,61.5,7.8
8,2,4,9.3,97.2,8,5,0.95,50.6,56.5,7.4
29,7,2,7.2,80.7,9,5,1.1,108.8,36.6,30.9
55,36,3,7.0,43.3,12,5,1.4,58.3,38.8,140.7
39,18,4,5.4,56.0,12,0,1.05,62.9,68.7,35.8
3,2,5,8.9,93.3,14,3,1.05,111.7,52.2,12.3
32,27,1,7.3,43.8,15,5,0.95,62.7,42.8,187.5
10,9,4,4.0,85.3,17,0,0.95,62.7,44.2,13.2
10,9,1,5.8,75.1,13,0,0.9,46.8,43.8,55.1
19,14,4,8.8,41.8,13,2,1.1,86.7,41.8,44.6
46,8,3,7.5,85.1,12,3,1.35,50.1,29.1,36.8
34,18,2,6.3,41.4,12,1,1.1,72.7,37.2,74.3
33,5,4,8.1,61.9,15,0,0.9,56.5,24.8,14.7
23,14,2,6.7,54.7,12,1,1.25,65.8,50.7,70.2
55,28,4,7.0,85.2,13,4,1.1,100.1,40.4,74.1
28,4,2,7.6,92.6,10,0,0.95,52.6,51.3,18.4
32,7,4,10.5,43.5,12,5,1.0,31.5,26.7,23.5
50,20,5,10.5,95.0,16,0,1.1,70.6,59.1,50.5
7,1,3,5.0,30.6,10,5,0.9,112.8,57.6,11.8
29,28,3,7.9,72.4,15,0,1.4,84.7,23.1,111.0
8,4,3,5.8,71.3,14,5,0.9,40.5,35.9,11.4
1,1,2,6.4,79.9,11,1,0.95,115.7,37.2,11.5
57,2,3,5.2,49.2,12,2,0.9,44.4,24.7,9.5
55,43,4,6.7,30.8,15,3,0.95,118.1,38.9,77.2
3,2,5,6.2,66.4,17,0,1.0,27.1,48.7,4.8
24,22,5,9.5,35.7,14,3,1.25,120.0,36.4,59.1
23,23,3,6.7,101.4,17,5,0.95,13.7,21.4,59.3
59,48,4,5.1,43.9,17,3,1.35,87.0,51.3,92.4
8,4,4,8.0,64.0,9,5,1.0,90.2,32.5,16.1
54,38,3,7.7,64.7,15,3,1.35,83.2,33.8,139.1
57,55,2,7.6,74.2,15,5,1.0,94.4,62.2,219.6
47,4,3,8.9,92.6,16,1,1.1,59.3,46.8,19.8
37,15,4,9.8,67.8,9,5,1.4,11.2,32.3,51.1
3,1,3,7.6,32.1,11,3,0.9,46.1,27.7,10.0
51,1,4,8.4,91.7,9,4,1.0,78.9,53.6,8.1
33,7,2,7.6,36.6,11,5,1.35,79.3,52.8,44.6
28,25,6,8.8,81.3,10,1,1.0,27.4,35.9,46.6
47,31,3,5.8,94.3,14,1,0.95,34.1,26.9,60.8
8,4,4,8.9,52.6,12,4,1.05,61.0,46.6,16.3
34,5,1,8.4,65.9,14,2,1.25,88.8,49.1,52.6
35,12,2,6.6,31.1,9,2,1.25,103.1,37.5,55.3
32,7,4,11.3,94.3,11,5,1.05,14.9,28.8,27.8
24,18,6,6.0,86.3,13,0,0.95,111.4,42.3,26.5
14,2,3,8.5,48.5,12,2,1.4,111.7,47.5,8.9
32,10,1,6.6,61.2,9,0,0.95,5.9,36.2,59.5
56,15,3,8.9,85.6,14,3,0.9,63.2,45.1,46.1
46,30,1,11.0,58.7,9,0,1.0,72.5,46.3,321.3
43,17,2,9.2,43.0,16,2,1.1,68.7,55.7,88.1
16,4,4,7.8,71.5,14,0,1.05,75.8,37.0,13.7
4,3,5,9.4,87.9,10,1,1.25,62.9,28.3,10.6
52,41,2,7.1,55.7,13,2,1.0,38.8,41.2,172.2
37,31,3,8.7,39.7,12,0,1.1,16.0,62.3,117.9
54,51,2,8.1,96.4,16,2,1.0,29.0,20.8,215.5
21,7,2,6.2,50.2,10,4,1.4,90.1,14.2,37.9
14,7,2,10.6,71.0,9,2,0.95,32.7,40.7,39.7
31,2,3,9.9,85.3,9,4,0.95,100.4,37.4,9.4
55,6,2,6.7,55.4,11,0,1.05,51.4,39.5,26.5
48,38,3,9.5,81.9,8,4,1.4,52.7,39.1,173.6
18,13,2,6.2,66.8,16,2,1.1,104.9,54.1,47.9
7,2,2,8.7,75.6,10,1,1.25,29.6,41.5,12.0
10,3,2,8.1,77.2,12,4,1.05,26.8,51.8,17.8
7,6,5,10.5,95.9,9,2,1.4,118.3,12.3,24.8
33,15,4,8.5,82.5,15,1,1.25,67.2,35.7,42.5
23,14,5,5.7,51.1,10,3,1.1,26.9,32.2,23.2
21,6,3,9.5,34.8,12,5,1.05,24.1,14.6,24.3
19,18,3,7.3,30.2,14,4,1.35,104.1,43.2,66.0
48,37,3,7.3,102.4,9,4,1.1,74.0,40.8,106.0
19,18,1,8.0,105.4,10,0,1.0,18.2,36.4,160.3
36,32,4,7.1,37.5,15,3,0.95,107.0,40.5,62.9
29,3,3,10.7,69.0,17,0,1.1,56.0,43.2,16.7
18,3,3,9.2,42.1,15,0,1.0,118.8,54.2,12.1
2,2,3,6.3,105.9,10,2,1.25,37.4,49.7,10.7
1,1,3,6.9,49.7,17,0,1.35,65.8,45.9,10.9
47,22,6,6.0,70.1,14,4,1.05,24.9,69.7,27.4
5,2,3,9.5,43.2,9,0,1.35,55.6,33.5,13.4
20,19,3,7.9,56.6,16,1,1.0,25.3,25.7,51.5
11,3,3,6.5,51.3,15,4,1.05,40.3,56.1,12.9
42,12,6,10.4,68.0,16,5,1.25,36.0,64.4,27.9
2,1,3,8.8,63.6,16,2,1.4,37.6,34.4,7.6
3,1,3,8.3,56.5,14,0,1.25,116.5,58.5,9.5
23,7,2,8.2,38.5,11,1,1.35,9.4,35.6,37.3
55,13,4,6.0,68.8,12,5,0.9,62.1,49.0,26.3
12,8,2,8.8,98.0,14,1,1.0,77.4,49.7,39.0
20,2,3,7.4,88.4,12,4,0.95,81.0,34.4,13.3
5,4,5,9.3,87.6,17,0,1.4,91.8,64.2,16.6
37,10,6,9.0,59.3,15,1,1.25,92.5,65.5,24.3
38,24,3,7.9,86.7,12,0,1.1,114.9,29.7,89.0
30,17,4,7.8,67.2,12,4,1.35,91.9,44.4,51.9
9,4,2,10.5,42.0,12,3,0.95,99.7,53.0,30.3
34,6,4,6.0,63.5,11,1,1.0,66.2,19.4,20.9
53,19,3,7.1,40.6,14,2,1.25,80.6,42.3,60.5
44,5,3,9.7,39.2,9,0,1.4,60.0,22.2,27.7
35,32,5,10.2,31.8,17,5,1.05,36.8,50.0,74.3
52,10,4,7.8,52.6,11,4,1.35,41.0,43.0,27.7
58,9,2,7.0,56.5,10,4,1.35,46.5,37.5,49.8
22,13,4,7.0,86.0,17,5,1.1,44.2,23.2,26.7
44,19,2,5.8,73.0,15,2,1.05,66.3,34.8,59.5
24,21,4,11.0,98.7,14,3,1.0,33.5,48.2,62.8
17,6,4,7.8,44.1,10,0,1.35,64.4,41.5,22.0
10,4,2,8.7,51.3,11,3,1.4,110.4,56.3,32.5
30,24,4,8.7,105.3,11,4,1.35,51.7,55.5,86.9
56,35,3,10.2,65.5,17,1,1.1,30.6,55.0,132.7
59,3,3,7.4,93.1,14,3,1.05,44.9,35.5,16.2
46,4,2,7.5,69.4,15,1,0.9,105.8,45.5,18.0
23,5,2,9.2,67.7,11,2,1.1,113.3,30.4,30.6
32,8,4,5.3,41.8,15,4,1.05,107.0,26.9,20.3
17,16,2,10.2,98.1,8,1,1.0,38.0,56.2,86.7
50,35,3,10.6,36.3,16,0,0.9,49.6,27.8,115.5
51,31,4,8.4,54.8,14,4,1.25,117.1,26.5,89.4
17,12,2,6.6,83.9,11,2,0.9,42.2,43.3,41.2
14,9,3,9.3,70.6,15,0,0.9,20.9,38.8,26.4
9,8,3,7.7,100.5,17,4,0.9,37.4,39.8,30.4
40,13,4,8.2,33.1,9,3,1.35,115.9,69.7,34.2
2,2,3,8.3,82.0,15,5,1.35,52.8,30.1,9.2
45,14,3,7.0,68.2,17,4,1.1,112.4,47.9,39.0
25,13,3,8.5,42.3,13,0,0.95,17.0,43.0,42.6
39,27,4,5.8,89.5,14,1,0.95,93.1,54.1,45.5
9,6,2,4.7,62.9,14,1,0.9,15.7,32.6,18.4
54,17,6,8.5,72.5,9,4,0.9,27.7,39.3,25.5
22,4,3,9.6,107.4,9,4,1.35,75.9,43.4,22.8
43,40,5,7.2,68.9,11,2,1.25,55.0,24.8,84.7
46,35,3,7.1,95.9,13,3,0.9,81.7,20.3,93.4
4,1,3,9.0,91.6,11,2,1.05,116.9,41.8,14.3
26,9,5,8.0,83.0,13,5,1.1,11.1,58.1,19.1
58,2,2,7.2,101.7,12,2,1.4,27.0,37.8,14.5
29,25,2,8.5,50.1,13,1,1.35,78.6,39.4,165.8
45,13,2,8.0,95.7,16,1,1.4,108.1,55.8,76.1
34,2,6,6.1,60.2,13,0,1.1,96.7,40.2,13.1
23,20,3,7.8,95.0,13,5,0.95,58.5,51.3,65.9
37,28,3,8.3,69.5,15,5,1.1,90.7,74.0,92.1
11,11,4,7.2,98.6,12,2,0.9,28.9,35.1,29.3
6,3,3,9.4,101.6,12,0,1.1,6.6,39.9,12.7
18,15,4,8.7,77.8,17,4,0.9,70.6,46.8,32.3
21,11,3,7.6,70.6,8,0,0.95,98.5,59.9,30.6
42,3,4,8.2,92.7,13,1,1.0,54.8,40.6,13.3
36,35,2,7.4,51.4,8,2,1.25,70.5,50.8,164.9
41,12,2,7.7,31.2,15,1,1.25,53.6,46.2,61.3
38,24,3,7.7,62.6,17,4,1.25,64.1,41.1,81.8
34,5,3,5.3,70.6,16,3,1.35,106.7,37.0,14.7
17,7,3,8.0,53.8,13,5,1.0,60.0,34.7,29.0
37,13,3,8.5,60.7,16,2,1.25,5.9,78.8,44.6
25,9,2,11.7,40.6,9,1,0.9,97.0,23.5,52.3
38,12,3,8.7,52.2,16,3,1.05,76.0,24.6,39.0
58,13,3,7.0,49.2,11,4,1.4,89.0,44.9,51.1
12,8,2,5.5,54.1,10,3,0.95,108.6,44.4,27.3
23,10,3,6.4,53.9,8,1,0.95,37.9,47.1,21.3
53,33,3,7.3,74.7,8,1,1.25,62.9,31.5,100.6
42,40,3,7.3,50.0,15,4,1.35,74.3,29.7,136.5
22,22,2,7.6,105.3,9,4,1.25,44.7,38.6,108.7
21,16,5,7.4,70.9,8,3,0.9,102.3,52.9,29.2
27,13,4,7.7,40.3,9,3,1.05,85.2,29.8,32.4
57,35,2,7.4,52.4,10,5,0.9,89.3,43.8,139.9
31,3,3,8.0,88.4,11,5,1.25,97.9,35.9,13.4
6,5,4,6.6,31.1,16,1,1.1,34.7,23.7,16.4
27,26,3,6.1,105.0,14,4,1.0,90.7,26.6,60.6
40,11,4,7.6,65.6,12,0,1.35,94.0,52.9,31.0
34,7,2,8.7,71.7,12,4,0.95,101.9,34.8,37.2
12,5,4,6.3,109.1,13,2,1.4,61.2,56.9,20.2
45,10,3,7.1,70.3,8,2,1.4,63.0,41.6,41.2
57,42,2,7.8,105.8,13,4,1.35,16.3,25.6,257.5
53,52,3,7.7,103.2,13,3,1.0,103.0,47.7,162.9
7,2,6,9.1,105.3,12,2,1.35,66.4,32.4,14.3
10,3,4,9.4,95.0,17,5,1.25,73.4,37.5,13.6
45,8,3,8.3,53.7,16,1,1.25,19.0,55.6,33.9
17,11,2,9.8,57.7,17,1,1.25,74.2,26.5,67.7
26,13,3,7.4,59.2,17,1,1.25,9.8,36.6,42.7
21,7,2,9.3,108.3,12,5,1.25,111.2,29.0,51.0
28,13,2,7.1,58.9,16,4,1.05,104.3,27.7,53.0
58,2,3,8.4,38.7,17,2,0.95,27.3,36.3,5.6
46,6,5,9.0,92.3,14,3,1.4,73.3,31.7,21.4
2,1,4,8.1,59.3,10,5,1.25,74.3,38.7,7.9
54,32,2,6.6,79.7,16,5,0.9,97.4,49.7,101.0
43,20,3,5.5,103.9,17,1,1.1,92.0,33.0,51.1
1,1,5,8.8,76.0,14,5,1.25,119.2,24.4,8.7
51,34,4,7.6,81.0,11,5,1.05,45.3,49.7,87.6
53,50,4,7.7,81.4,16,3,0.9,19.3,32.9,90.2
36,16,6,10.3,79.0,13,5,1.4,70.9,63.9,49.1
51,25,4,6.6,42.8,16,1,0.9,92.9,37.1,43.5
26,12,2,9.1,66.5,11,5,1.0,37.9,40.4,64.7
29,7,3,6.9,30.6,17,4,1.0,32.2,14.4,19.4
21,7,6,7.7,80.1,9,1,0.9,97.3,28.1,14.3
11,1,3,6.4,76.0,16,4,1.25,91.7,14.7,10.0
40,11,2,6.9,55.5,17,2,0.95,28.4,45.5,38.7
11,6,3,8.6,71.9,11,2,1.25,105.0,41.0,31.7
36,23,4,9.9,69.4,9,3,1.05,20.5,49.6,58.2
49,27,6,8.6,50.1,14,5,1.25,17.6,51.7,55.8
59,46,3,8.5,53.5,14,1,1.05,45.4,53.5,142.4
39,6,3,11.8,91.0,12,2,0.95,107.0,39.3,30.1
40,38,5,8.8,90.5,12,5,0.9,85.0,43.0,75.7
35,2,3,6.6,67.6,15,0,1.0,50.4,48.9,10.9
54,22,2,5.5,87.4,13,0,1.0,23.1,32.5,69.3
34,20,5,8.6,66.1,8,3,1.4,87.0,30.7,53.7
55,25,3,5.9,98.1,11,5,1.35,73.9,60.5,83.3
47,15,3,6.5,56.6,8,2,0.95,118.6,20.3,32.3
24,17,3,8.5,104.2,12,4,1.05,93.0,48.0,67.0
54,29,1,9.6,73.4,12,5,0.95,16.7,46.1,294.2
22,8,5,7.6,72.9,11,0,1.35,88.7,28.5,27.3
5,5,3,6.2,83.7,16,5,1.0,34.6,34.0,18.0
56,49,3,7.8,57.3,15,2,0.95,115.6,37.7,130.6
33,33,2,7.6,87.9,17,4,1.0,7.2,44.6,124.5
58,22,3,8.2,55.6,10,1,1.1,32.4,46.2,77.9
36,5,4,6.2,61.8,12,5,1.0,62.4,41.6,9.7
47,39,4,6.7,84.0,13,2,0.9,14.1,44.3,72.9
20,18,5,9.5,60.3,12,1,1.05,44.6,49.9,42.3
19,6,3,9.1,46.0,15,0,1.25,62.2,49.4,22.9
35,30,4,9.7,99.8,12,1,0.9,56.4,60.4,82.1
52,51,3,5.2,103.8,15,0,1.05,58.0,54.5,99.4
43,31,4,6.7,80.1,17,3,1.25,106.1,42.2,68.5
17,10,4,9.5,94.9,17,3,1.25,63.1,49.7,35.5
59,15,3,8.9,108.9,10,0,1.4,113.2,47.1,82.2
45,42,3,8.6,79.2,12,4,1.05,22.0,44.0,149.1
43,18,2,7.5,102.7,11,3,0.95,37.2,31.6,79.5
34,23,3,7.1,58.7,13,4,1.0,80.5,43.9,70.4
9,1,6,8.0,86.0,10,4,1.4,37.6,17.2,6.9
26,16,2,7.3,34.5,17,4,1.25,44.9,54.9,74.3
2,2,2,8.8,93.1,11,2,1.35,108.6,46.2,14.1
53,38,2,8.1,96.4,11,5,1.1,66.9,40.1,199.1
9,3,4,6.5,62.1,12,2,1.1,43.5,37.0,8.2
9,2,3,9.0,81.1,13,5,0.95,94.3,49.9,12.3
40,28,2,9.9,98.7,9,5,1.35,13.1,64.1,186.0
17,2,3,10.0,100.7,17,4,1.05,69.8,46.5,11.7
1,1,3,9.0,38.5,15,0,1.4,16.5,64.8,3.0
25,13,3,9.0,96.2,11,5,1.4,25.3,51.4,68.0
43,41,4,6.3,51.9,14,3,1.0,12.2,32.3,65.1
40,16,3,7.0,88.2,14,1,1.4,108.7,47.9,56.7
42,5,3,7.7,56.0,17,2,1.35,10.5,46.7,17.2
25,23,2,8.9,34.5,9,2,1.4,64.4,32.3,147.1
39,28,2,7.1,46.8,14,1,0.95,30.9,37.1,101.1
35,20,3,7.5,62.7,8,4,0.9,49.1,36.9,52.3
3,1,3,8.8,89.3,9,5,1.4,61.8,43.2,6.5
50,27,3,8.2,38.1,12,1,1.05,56.8,38.6,94.0
37,30,1,8.5,95.0,15,4,1.4,91.0,45.2,352.3
44,27,2,6.8,109.8,14,2,1.05,109.9,47.2,107.2
44,26,5,7.5,93.1,10,1,1.35,39.5,57.2,61.4
51,7,3,7.3,67.9,17,5,1.05,7.8,48.6,19.8
30,10,4,8.0,75.5,16,0,0.9,107.8,33.6,24.5
38,38,4,7.4,30.5,12,3,1.25,117.6,67.3,107.4
34,5,3,7.1,46.7,10,3,1.05,54.8,33.7,18.7
12,7,4,8.2,101.9,14,3,1.35,57.4,37.3,29.0
19,2,3,11.1,31.7,11,1,1.35,21.6,49.2,9.5
37,15,2,8.9,102.4,8,5,1.25,59.7,76.7,90.0
44,32,3,5.3,39.1,12,4,0.9,39.9,46.8,64.9
59,26,3,8.5,40.6,15,5,1.0,119.4,34.3,82.4
59,48,3,7.2,44.0,11,5,1.4,26.3,22.3,191.1
49,31,3,6.6,94.0,14,2,1.05,48.5,21.5,74.8
17,9,3,9.1,68.3,15,3,1.0,75.9,42.1,33.3
10,6,2,8.1,41.6,16,1,1.1,44.7,48.5,26.3
57,51,2,11.7,84.9,16,3,1.0,59.6,25.0,303.5
55,39,1,7.8,105.3,12,5,1.35,117.0,44.7,472.1
49,4,2,7.7,75.8,13,4,1.4,63.4,26.2,25.0
47,3,3,9.8,37.9,14,0,1.25,109.7,30.9,17.2
12,8,3,8.0,34.4,17,0,1.4,10.0,49.6,32.4
16,16,2,6.4,93.7,9,5,1.05,18.8,33.0,57.7
24,20,5,6.7,80.1,16,2,1.4,113.6,57.7,46.0
19,11,4,7.5,103.8,8,0,1.4,19.8,35.0,35.2
8,1,3,9.0,73.8,13,0,1.0,89.7,55.3,8.7
31,6,4,9.9,35.0,13,1,1.35,56.3,69.2,22.1
21,11,3,9.2,62.3,14,1,1.25,51.8,33.1,48.0
17,1,1,8.9,82.6,9,2,1.25,80.8,71.6,7.2
23,21,5,9.6,60.8,13,5,1.05,88.7,42.2,53.6
37,31,2,8.9,110.0,13,2,1.0,112.2,34.4,172.4
54,38,5,6.6,62.4,16,5,1.0,34.5,38.4,48.8
16,14,3,7.7,73.7,15,1,1.0,85.3,37.2,41.5
6,2,3,7.2,48.0,12,0,1.1,44.4,58.8,4.3
8,3,3,9.9,42.2,14,5,1.1,87.5,57.8,16.2
25,4,3,6.6,81.6,14,4,1.4,21.3,57.7,13.0
18,11,1,6.6,77.1,12,0,1.05,57.6,26.4,79.7
25,15,3,8.3,30.3,14,0,0.95,26.1,44.3,45.3
12,2,4,10.9,52.8,10,4,1.1,43.7,23.4,7.1
15,11,3,9.1,81.5,14,2,1.35,87.3,54.1,51.4
59,1,2,9.6,95.0,13,1,1.0,31.8,36.2,5.1
26,3,3,6.3,55.0,13,2,1.0,83.8,48.0,11.7
41,35,5,9.0,81.8,9,2,1.0,62.0,36.0,63.0
45,31,3,6.3,51.2,9,2,1.25,15.6,20.9,85.3
26,7,3,9.1,85.2,14,1,1.05,49.5,52.6,24.7
47,1,6,5.6,85.8,8,2,1.35,105.0,53.5,7.5
32,25,3,7.5,40.4,16,2,1.25,118.8,43.7,83.3
10,6,3,4.9,83.2,10,3,1.1,47.4,16.7,13.2
16,4,4,6.7,56.7,13,0,1.35,11.3,51.0,14.0
7,3,4,5.9,43.8,10,3,0.9,20.0,33.1,7.1
17,2,2,9.0,70.0,16,1,0.9,95.6,48.2,18.0
23,18,2,8.1,66.2,17,5,1.0,80.4,36.1,75.9
26,12,4,7.3,91.9,14,5,1.25,37.8,37.3,31.2
21,10,2,8.2,36.8,8,4,0.95,50.0,48.0,38.6
22,5,5,6.8,93.2,11,5,1.05,98.3,32.1,11.6
58,9,2,8.5,38.5,12,4,1.4,52.5,40.0,64.0
7,2,3,7.9,46.6,14,5,1.1,91.9,48.1,13.7
14,2,2,11.4,71.3,14,3,1.25,38.9,68.0,12.4
15,12,4,10.5,67.1,12,3,1.0,88.4,41.1,41.4
53,38,5,9.4,109.1,8,3,1.0,58.6,52.1,84.9
7,5,3,8.4,77.2,12,0,0.9,67.7,27.9,20.0
9,2,5,8.6,56.2,12,1,1.05,73.9,62.3,11.1
51,12,2,9.9,102.0,11,5,1.35,56.8,32.3,94.7
48,36,2,8.4,55.0,13,5,1.05,58.6,40.4,183.9
8,6,4,8.5,51.9,15,5,1.0,35.6,48.1,18.1
50,21,5,7.1,69.5,17,2,1.35,118.4,32.6,51.8
59,49,4,7.0,103.1,12,3,1.0,109.2,55.0,106.6
23,15,4,7.8,86.7,15,0,1.4,65.6,34.1,48.1
29,6,3,4.1,84.2,12,4,1.1,9.0,52.0,13.2
18,16,2,8.0,88.1,10,4,0.95,24.4,54.8,69.5
31,17,5,7.6,82.8,15,4,1.4,103.2,48.9,44.8
30,3,3,9.3,90.8,11,3,1.35,112.0,50.5,20.3
52,10,3,9.8,45.4,10,4,0.9,23.5,72.4,37.8
39,5,4,11.9,44.2,10,4,1.25,89.5,47.0,29.5
35,26,2,8.9,59.0,13,4,1.05,76.6,43.3,146.3
18,13,4,8.2,98.1,15,2,0.9,39.9,46.0,31.0
59,26,2,7.2,87.2,17,4,1.05,55.2,57.3,100.8
42,38,4,6.4,75.3,12,0,1.0,82.9,70.0,72.8
39,26,3,9.4,31.6,8,3,1.1,16.6,40.0,94.9
17,8,3,8.0,48.9,8,5,1.0,26.7,31.1,24.4
14,5,3,8.6,94.3,10,2,1.1,8.8,56.0,18.2
31,30,2,8.0,49.4,13,2,1.1,108.8,25.6,153.4
24,15,3,8.1,88.4,9,3,0.95,71.0,45.1,41.1
35,16,3,8.3,44.8,8,4,1.1,65.2,45.7,57.8
44,1,3,8.6,78.5,14,5,1.25,86.2,40.7,10.3
45,16,2,9.4,80.3,9,5,0.9,118.7,41.4,68.4
34,3,2,6.2,90.2,15,4,1.35,24.8,22.2,10.6
3,3,2,8.9,65.1,9,1,1.05,20.3,31.6,15.1
37,31,4,6.1,80.6,8,4,1.05,38.9,53.2,51.9
43,13,1,9.1,69.0,17,5,1.25,109.0,17.5,143.6
40,16,5,8.5,105.8,9,0,1.35,52.3,41.0,49.3
26,23,4,7.9,71.8,9,4,1.25,96.3,38.2,65.1
55,43,4,7.9,46.8,14,3,1.25,28.3,18.1,106.1
23,21,4,8.2,83.4,8,4,1.4,61.8,62.3,62.4
44,2,2,9.6,73.9,10,3,1.4,19.7,29.6,13.8
39,27,4,9.5,94.3,12,2,1.4,52.5,48.6,110.5
15,6,3,9.3,44.2,14,1,1.35,35.2,36.4,25.4
56,26,5,6.0,50.9,13,2,1.25,68.2,31.9,51.5
49,38,5,8.9,103.7,15,3,1.0,94.7,39.2,76.1
4,2,1,4.4,104.4,8,1,1.35,112.9,37.7,22.4
29,25,3,4.8,65.4,14,2,1.4,37.6,39.8,61.9
22,11,3,9.7,33.8,16,4,1.4,90.5,32.6,52.8
25,8,4,5.8,54.5,14,5,1.35,106.8,29.8,18.5
13,8,2,7.7,49.8,13,5,1.35,19.4,54.1,44.8
18,1,2,10.1,63.2,16,4,1.25,72.4,42.1,1.4
33,7,3,8.9,55.4,11,1,0.9,75.4,41.3,26.9
16,16,3,8.6,96.3,17,2,1.0,36.3,31.3,52.5
45,38,6,7.9,30.2,13,0,1.1,7.6,60.9,67.4
42,21,4,8.2,81.6,13,0,1.35,34.5,41.0,68.5
44,8,3,7.1,83.1,17,0,1.1,72.2,19.3,29.1
2,1,2,7.3,82.9,10,2,1.05,27.6,45.3,10.0
55,54,2,8.1,71.6,14,5,1.35,38.0,32.8,295.8
35,21,3,8.3,78.9,8,2,1.0,86.4,52.9,66.7
42,20,4,7.8,94.8,15,2,0.95,50.8,54.5,43.7
34,8,3,4.6,92.7,15,3,1.25,12.5,53.1,17.6
30,26,3,10.3,32.8,15,5,1.35,50.9,36.5,126.6
59,46,5,9.4,32.4,16,0,0.9,120.0,40.6,81.8
55,31,5,7.7,97.1,11,0,0.9,35.0,45.0,52.3
13,2,2,9.5,76.0,13,0,0.95,35.5,52.7,10.6
13,9,1,7.5,106.6,14,5,1.1,24.5,29.5,75.1
18,16,3,8.5,64.5,9,3,0.9,36.2,43.1,40.5
32,9,4,5.1,44.1,13,3,1.1,71.1,64.4,21.9
32,15,6,8.4,67.9,15,2,1.05,115.9,35.6,27.2
35,30,2,7.6,64.9,11,5,1.4,74.9,41.7,181.4
59,26,1,8.3,71.4,12,5,0.95,52.1,73.4,236.2
39,10,5,10.6,94.6,15,0,1.05,49.8,39.1,27.1
46,29,4,8.0,82.4,10,0,1.25,7.8,23.5,86.8
52,16,6,7.3,44.8,13,5,0.9,5.3,41.3,23.4
29,4,3,7.3,88.8,8,4,1.25,96.7,62.1,16.9
49,20,3,5.9,77.4,11,5,1.4,61.4,54.7,70.1
29,13,2,8.6,76.3,13,4,1.0,8.8,30.2,64.5
53,37,2,8.8,84.3,10,4,1.0,37.9,47.0,188.7
44,22,3,8.1,75.1,8,3,1.0,46.0,39.9,64.9
57,7,3,9.4,66.6,13,2,1.1,95.1,51.7,33.3
16,7,2,9.4,81.2,10,1,1.1,55.0,34.6,40.2
56,41,5,8.1,87.9,15,0,1.0,95.8,47.9,79.0
44,40,2,8.9,48.1,14,4,1.4,77.9,64.9,250.4
47,29,4,11.3,69.8,14,0,1.05,8.8,10.7,87.1
57,16,2,6.8,66.7,15,0,0.95,116.4,49.1,52.4
10,6,4,9.2,33.2,14,0,1.35,25.9,57.8,21.7
30,28,2,8.1,96.8,12,5,1.1,36.7,23.3,147.5
25,16,4,9.6,60.2,17,2,1.05,98.1,33.4,43.1
39,38,2,6.8,35.8,15,0,1.05,26.8,37.3,135.7
20,14,3,8.3,66.6,15,2,1.0,51.1,33.2,40.8
5,5,4,7.0,42.9,15,1,1.25,104.5,32.3,16.4
1,1,2,5.3,86.4,17,1,1.0,78.3,37.5,8.4
30,1,2,10.1,75.7,13,3,1.35,39.7,52.2,6.1
49,9,5,7.3,51.6,9,0,1.0,79.1,59.9,20.4
3,1,5,6.7,106.0,15,4,1.35,98.5,57.6,14.0
45,27,1,7.1,53.3,17,3,1.25,51.4,53.9,240.4
14,8,2,10.7,74.4,8,5,0.95,70.7,64.0,44.3
56,13,2,10.0,94.1,16,3,1.05,118.6,66.4,73.1
30,26,2,7.7,71.1,16,1,0.95,115.9,44.0,100.4
50,29,6,9.3,106.9,13,4,1.1,63.5,59.2,66.2
4,3,3,6.4,97.5,17,0,1.05,16.1,47.1,9.8
18,17,3,8.8,103.7,13,0,1.25,85.6,39.4,78.6
37,28,6,7.4,59.8,13,1,1.35,35.9,41.4,59.5
25,8,3,8.7,73.9,11,5,1.1,82.0,54.2,35.1
48,23,4,5.9,97.2,8,2,1.4,45.5,59.6,55.7
1,1,3,7.1,102.3,8,1,1.1,87.7,49.0,10.0
53,29,3,8.3,105.5,8,4,1.35,47.2,37.2,114.6
46,5,3,8.3,100.3,12,2,1.35,113.2,36.1,27.7
15,10,2,5.8,88.5,14,4,0.9,20.7,19.8,27.5
9,7,2,6.5,31.9,8,0,1.1,12.9,46.3,28.6
15,10,2,8.6,55.2,8,2,0.9,94.8,45.5,38.6
49,36,1,8.5,40.3,13,4,1.1,51.2,29.5,386.7
57,41,3,9.0,42.4,9,0,1.35,58.5,47.7,174.2
24,14,3,8.3,53.3,9,4,1.25,112.4,47.5,53.5
4,2,3,6.4,36.0,14,2,0.95,72.8,24.2,10.8
12,9,2,7.5,49.4,16,0,1.1,80.9,38.1,42.9
59,9,4,8.8,106.6,15,4,0.95,7.2,58.9,22.8
58,53,2,6.5,55.0,9,3,1.0,82.1,34.4,178.3
37,27,3,6.3,42.8,14,2,1.1,49.7,42.2,70.5
37,1,4,7.5,87.5,12,2,1.25,57.9,43.9,2.8
43,23,2,8.4,96.3,17,2,1.25,97.9,41.7,121.8
6,2,4,5.2,55.1,11,5,1.1,65.2,50.3,11.1
39,25,4,7.6,52.3,17,0,1.35,118.5,53.2,69.8
56,54,2,8.8,49.3,11,2,1.1,96.6,57.2,301.5
46,3,1,9.1,61.5,11,4,1.1,88.8,38.2,30.2
24,6,6,6.5,37.0,16,3,1.05,72.7,48.3,10.6
11,10,2,8.6,83.5,14,4,1.05,52.4,52.1,46.6
13,6,4,9.5,95.8,14,4,1.4,11.1,40.6,19.2
34,2,3,8.9,83.1,11,2,0.95,7.1,33.4,10.3
25,18,2,7.4,63.7,16,3,1.35,10.4,43.7,89.4
7,7,2,4.4,53.1,15,3,0.95,115.3,34.7,21.4
52,2,3,8.3,62.8,17,3,0.95,42.2,33.5,11.1
4,4,3,10.4,63.9,11,3,0.95,85.6,44.6,26.3
59,22,4,9.2,83.3,13,1,0.9,73.3,39.7,55.3
8,5,5,9.1,104.2,11,3,1.1,70.7,44.1,15.9
20,20,4,8.3,35.6,8,2,1.1,71.6,23.4,50.8
29,7,2,9.3,106.3,12,5,0.9,39.8,39.9,35.2
54,24,5,8.5,102.8,17,3,1.0,107.0,14.9,49.7
53,48,4,5.4,39.4,10,4,1.4,110.7,29.5,112.5
51,20,5,9.3,44.7,8,1,1.4,79.1,40.9,61.4
45,1,3,6.7,54.9,9,4,0.95,104.4,56.6,4.5
46,1,4,8.1,74.8,9,2,0.95,11.9,48.4,2.2
10,1,3,9.1,40.8,15,2,1.0,16.5,43.1,6.1
43,1,3,6.9,46.0,11,5,0.9,69.3,37.5,9.5
34,30,6,6.5,102.2,10,5,1.35,102.3,39.0,62.4
57,41,1,8.7,38.7,11,3,0.9,41.3,57.7,371.3
26,15,2,6.3,61.9,17,5,1.25,68.0,28.7,64.8
41,3,5,7.7,91.0,8,2,0.9,6.1,33.3,6.3
49,46,2,9.7,101.1,8,1,1.05,118.5,54.8,243.0
58,55,5,10.4,56.9,12,5,1.35,93.2,37.9,183.4
3,3,4,5.3,43.2,14,4,1.4,46.6,65.3,11.4
56,24,1,7.7,89.0,16,2,1.35,118.0,50.3,245.6
6,6,3,9.9,91.8,14,5,1.05,15.6,55.9,23.2
5,4,4,7.4,108.4,12,5,0.95,58.4,22.5,13.9
5,5,3,9.2,41.2,10,2,1.25,11.8,54.7,24.8
54,26,5,9.3,86.8,15,1,1.1,43.5,31.8,55.5
47,13,5,7.1,63.4,14,0,1.1,30.2,50.6,22.7
23,1,3,8.6,103.2,11,0,1.1,41.4,37.6,4.2
49,24,2,8.7,62.6,8,1,0.95,114.0,44.7,101.9
9,3,5,9.4,65.7,10,2,0.95,54.1,28.7,8.9
35,24,3,5.6,40.1,15,1,1.25,42.4,21.4,60.6
20,4,2,9.9,55.7,9,1,1.4,78.7,43.8,25.5
58,16,4,9.0,62.1,16,0,0.9,83.6,38.5,37.4
49,40,5,6.3,31.4,11,3,1.25,118.1,31.3,77.6
59,16,3,7.8,65.0,14,5,1.35,67.8,21.8,55.9
42,17,3,9.3,56.9,17,2,1.4,91.5,10.0,77.9
35,15,4,6.4,94.3,14,4,1.35,48.9,48.3,37.7
50,16,4,6.6,38.6,15,1,0.95,24.7,38.9,29.5
18,15,5,8.0,90.8,14,0,0.95,54.4,34.8,30.9
17,2,6,7.3,87.1,11,3,0.9,53.2,44.6,8.5
24,11,3,8.4,49.3,14,2,1.0,53.4,54.2,34.3
3,1,4,9.2,36.7,12,1,1.4,85.0,45.2,10.3
32,15,6,8.4,97.3,17,0,1.05,51.7,36.7,28.8
35,26,2,8.0,50.0,14,1,1.05,114.7,67.6,112.1
38,4,1,9.2,41.6,10,4,1.0,118.0,34.4,42.2
13,11,5,7.8,58.7,17,2,1.35,65.2,25.1,26.8
56,5,2,6.9,62.1,14,5,1.1,69.2,43.2,25.7
47,35,1,9.7,56.1,14,2,1.35,51.9,38.9,454.3
25,13,2,4.4,108.1,9,2,1.1,45.9,53.4,44.2
9,2,3,8.1,100.5,15,2,1.4,118.3,35.7,14.9
4,2,2,7.5,99.8,14,0,1.05,9.7,40.0,13.0
14,7,3,6.6,61.9,16,4,1.0,52.2,31.6,16.3
37,23,6,8.4,107.0,11,1,1.25,22.4,51.7,57.7
34,7,4,8.7,84.7,16,0,0.9,88.5,43.7,21.5
11,11,4,6.8,96.6,8,3,1.1,27.4,38.7,24.6
41,39,2,5.9,70.1,12,2,1.1,106.7,40.2,152.5
56,3,4,6.0,42.8,17,2,1.1,48.1,41.7,7.2
3,3,4,10.7,101.0,14,1,1.1,110.5,24.8,15.9
59,49,4,10.9,68.9,11,2,1.05,118.5,56.0,164.2
28,26,2,8.0,107.5,14,2,1.4,93.7,55.2,155.6
29,1,3,5.9,50.4,16,1,1.05,76.7,42.5,11.0
9,5,4,7.8,109.4,12,4,1.4,22.2,41.2,21.9
3,3,4,4.7,47.8,12,0,1.0,112.3,30.0,8.0
25,2,4,8.5,59.5,9,4,0.95,94.3,62.7,7.8
34,7,3,6.5,77.5,12,1,1.25,38.1,59.8,25.5
12,4,3,6.2,85.5,15,5,1.0,58.9,46.7,13.6
42,20,4,9.5,87.6,11,5,1.05,12.8,51.8,58.2
9,2,2,7.8,68.1,9,5,1.05,80.8,56.8,9.9
15,5,4,9.3,36.1,15,2,1.25,19.4,54.3,21.1
40,36,6,9.8,69.7,11,2,1.4,79.9,31.7,98.5
25,13,4,7.9,56.8,12,4,1.1,82.2,38.3,35.7
5,1,2,8.0,82.6,14,3,1.0,42.3,47.6,9.7
11,8,2,9.6,44.6,12,0,1.25,114.1,44.4,56.1
59,35,4,7.2,61.5,17,2,0.9,94.6,51.0,64.5
34,30,5,9.7,107.3,11,1,1.25,62.1,49.7,90.7
24,22,3,5.0,37.1,14,4,0.95,110.6,45.0,42.8
15,4,3,7.5,78.2,11,0,0.95,103.4,10.8,18.4
38,25,2,8.3,37.3,17,5,1.0,84.6,56.1,104.6
8,8,4,6.2,42.6,11,3,1.35,22.6,52.1,21.2
59,58,4,8.6,78.4,9,5,1.4,62.2,66.8,175.9
5,3,6,8.3,65.5,12,5,1.1,104.4,36.3,10.5
48,1,3,6.9,73.9,15,2,0.9,75.0,19.9,11.8
26,5,4,6.8,100.4,11,4,1.35,67.7,39.8,21.5
18,11,3,6.7,95.4,9,2,1.0,114.9,47.5,37.1
6,5,3,5.7,101.0,16,4,1.4,6.9,36.7,20.7
37,37,4,10.4,79.3,13,3,1.25,6.4,58.5,141.2
48,36,2,7.7,69.2,10,1,1.4,107.7,34.1,228.6
13,4,3,6.0,66.7,17,1,1.4,9.4,40.8,15.5
28,4,4,7.8,89.2,12,0,0.95,43.2,39.0,17.5
5,4,3,8.4,71.7,13,2,1.1,111.3,75.3,20.4
13,4,2,6.8,38.5,16,2,1.0,84.5,31.1,19.9
17,16,3,7.5,41.4,12,2,1.05,79.5,49.0,54.5
50,41,3,10.0,58.6,16,1,0.95,80.6,27.6,132.9
40,18,5,6.2,35.4,8,0,1.4,41.5,46.1,38.6
45,22,2,7.1,49.1,17,1,1.25,66.0,30.5,104.3
32,2,4,5.0,82.5,11,5,1.35,77.4,55.2,8.3
29,21,2,10.7,31.0,8,4,1.35,40.2,52.9,149.5
51,36,2,9.0,78.3,9,2,1.25,96.5,45.3,203.5
58,44,2,7.9,91.8,9,4,0.95,42.0,25.3,172.5
3,3,5,6.9,43.6,17,5,1.1,13.2,41.4,7.2
56,47,2,6.8,44.5,12,3,1.4,28.2,38.4,256.9
40,39,4,7.6,32.3,8,4,1.25,52.0,52.0,94.8
34,29,3,8.7,71.0,17,4,1.05,109.4,31.2,91.9
40,26,6,6.4,82.4,10,4,1.25,52.8,55.9,43.8
27,21,4,7.3,66.6,13,1,1.1,15.3,53.6,47.7
13,1,4,9.3,61.2,8,4,1.4,27.6,25.5,7.5
45,16,5,10.4,66.4,8,5,1.1,67.6,39.4,41.5
33,31,3,8.8,92.5,10,2,1.35,25.4,41.4,144.7
6,3,4,7.0,32.7,16,0,1.4,12.4,54.1,3.8
24,9,2,7.8,92.7,9,3,1.25,87.2,33.8,50.3
19,14,2,8.6,83.3,13,2,0.95,95.2,44.5,69.2
16,1,3,7.6,49.3,10,0,1.05,102.8,55.2,9.6
40,37,3,9.1,72.0,13,2,1.0,102.1,45.0,137.3
28,2,3,6.9,33.9,14,4,0.95,48.6,19.7,10.1
33,14,3,10.4,60.4,14,3,1.25,89.5,36.1,69.8
59,59,3,7.9,43.9,9,2,1.0,72.1,52.9,155.2
59,33,3,7.1,31.8,10,3,1.4,7.7,51.4,124.2
48,35,1,8.9,58.6,11,1,1.4,51.2,15.0,489.1
41,39,6,6.5,88.1,15,1,0.9,11.1,44.4,42.5
13,10,5,8.2,103.7,12,4,1.4,14.6,53.4,32.4
43,20,5,10.1,83.0,8,4,1.35,11.4,48.5,53.6
45,2,3,6.2,62.2,16,1,1.4,115.5,49.8,16.9
25,19,3,9.8,110.0,8,2,0.9,102.1,66.7,65.3
53,41,6,6.1,52.6,9,0,1.0,55.5,41.5,42.2
42,19,5,9.2,45.0,14,0,1.4,33.5,45.7,54.6
36,18,4,6.6,67.1,10,1,1.1,13.3,30.7,41.9
27,16,3,9.8,70.4,13,0,0.95,54.6,34.4,59.5
38,4,3,7.1,58.4,15,2,0.95,74.0,38.0,16.5
7,4,4,7.5,85.6,12,0,1.4,96.7,52.2,14.9
5,5,2,6.6,44.7,8,5,1.4,10.9,33.0,21.9
43,7,3,4.4,70.8,17,0,0.95,53.1,56.8,16.5
45,14,4,6.3,70.0,10,5,0.95,117.3,28.9,33.2
58,55,4,5.5,95.9,9,1,1.25,18.9,49.7,98.7
57,12,3,4.9,104.2,13,3,1.4,51.0,48.6,38.6
51,35,3,8.4,83.1,12,3,1.35,36.6,45.1,154.9
31,5,6,10.3,54.4,14,2,1.4,20.4,53.8,10.0
23,17,3,10.7,85.2,9,3,1.1,101.5,33.1,70.4
42,42,4,6.3,50.1,13,4,0.9,85.2,36.4,69.4
10,10,4,7.8,107.3,12,1,0.9,52.3,30.4,27.6
32,11,4,9.7,95.8,13,5,0.9,47.4,42.1,30.1
43,17,4,6.0,64.5,12,5,1.25,100.2,40.6,44.3
53,5,3,9.8,92.7,14,3,1.4,15.4,52.3,22.2
30,13,3,9.8,62.7,12,0,1.0,21.9,46.6,53.9
39,9,3,5.1,36.0,14,3,1.0,109.3,50.3,17.4
31,17,1,4.5,86.5,8,1,1.1,99.0,39.6,86.3
18,1,2,7.4,62.4,16,0,1.25,94.1,46.9,8.4
36,36,2,9.4,104.4,13,0,1.05,76.8,63.8,211.5
2,2,5,5.7,54.5,16,5,1.25,38.6,25.9,13.4
14,2,2,4.9,97.5,8,1,1.4,112.5,19.9,8.9
13,9,2,8.1,84.4,9,2,1.05,61.6,49.6,39.6
29,25,2,8.9,98.3,14,2,1.0,37.3,31.8,121.0
12,2,4,7.0,53.4,11,1,1.25,47.0,25.4,7.2
39,14,1,7.1,66.9,17,5,1.1,6.9,48.4,106.4
2,1,3,8.9,95.9,8,1,1.35,34.3,29.9,5.5
32,15,2,6.7,81.5,12,1,1.0,26.6,60.5,56.4
13,6,4,6.8,58.8,11,0,1.35,20.6,43.9,16.7
46,42,6,8.4,71.0,13,0,0.95,8.7,39.6,71.9
27,15,6,8.6,109.7,14,1,1.25,31.1,32.1,33.3
49,29,3,7.7,89.3,10,5,1.4,16.9,44.6,119.6
41,4,3,10.2,79.2,13,0,0.95,10.2,22.9,14.9
17,17,3,9.1,96.2,9,4,1.4,20.8,12.4,77.5
40,39,3,7.5,65.4,17,1,1.35,28.3,23.4,136.7
31,16,3,6.1,106.0,11,0,1.05,52.8,55.6,48.1
34,11,2,9.5,74.2,17,2,1.4,72.1,30.9,66.2
24,14,4,9.5,56.1,16,1,1.4,42.1,24.8,48.0
45,3,2,7.9,36.9,14,1,1.0,21.2,40.9,10.4
35,18,3,8.4,60.1,9,1,1.0,113.1,68.7,59.1
48,20,3,9.1,75.5,13,3,1.25,64.2,55.1,87.6
6,2,3,10.4,86.3,11,1,1.1,90.3,32.4,16.7
19,16,4,9.3,100.0,15,2,1.35,84.9,32.2,58.8
30,25,4,8.7,105.5,15,0,0.9,37.8,32.4,60.1
7,1,4,9.4,38.2,8,1,0.9,69.4,31.1,13.3
10,6,3,9.7,78.1,15,5,1.4,74.2,48.5,28.1
41,13,2,8.4,83.3,17,4,1.25,45.5,38.0,65.9
32,4,3,9.4,43.8,14,5,0.9,82.1,28.6,16.9
34,14,6,7.0,73.6,8,5,0.9,95.9,26.0,24.2
28,1,6,9.6,56.8,10,0,0.9,46.9,69.6,5.3
15,12,4,7.0,36.2,12,2,0.9,6.7,50.9,23.7
30,20,2,6.5,35.3,10,3,1.35,45.2,31.7,105.6
37,37,2,7.8,90.7,10,2,1.35,18.4,56.5,226.5
29,8,3,6.0,79.2,8,5,1.05,22.9,28.2,18.9
22,12,5,7.1,87.2,15,3,0.9,47.1,40.4,21.7
4,2,4,8.6,84.8,16,0,1.05,28.9,39.0,6.0
20,12,5,8.4,40.7,12,3,1.05,112.5,44.2,27.3
32,5,3,9.0,42.1,8,0,1.25,80.1,30.7,26.2
36,5,2,9.0,50.2,8,2,0.9,64.6,43.5,18.4
50,31,2,8.6,61.9,16,5,0.9,6.1,21.0,119.6
4,1,1,6.7,105.1,8,2,1.05,16.9,37.5,8.1
27,9,3,9.4,83.9,16,3,1.25,95.7,58.0,40.9
17,10,2,7.8,50.4,10,4,1.35,49.8,54.3,60.1
12,1,4,8.4,34.5,10,5,1.0,10.2,33.6,7.2
22,3,4,8.2,84.7,11,5,1.0,99.9,23.7,12.4
17,12,3,10.4,80.0,12,2,1.0,39.8,15.8,54.0
10,3,2,6.2,84.1,13,3,0.9,49.4,49.4,14.0
54,26,2,7.5,50.9,13,1,1.25,117.1,45.3,140.5
1,1,4,8.8,71.4,17,0,1.0,6.8,46.6,5.1
22,9,3,8.0,58.9,16,1,1.4,88.0,62.3,39.1
26,26,3,7.3,95.4,8,1,1.4,114.1,43.8,94.5
56,2,5,5.1,35.6,16,1,1.25,12.3,44.7,4.1
59,3,3,7.6,52.0,11,3,0.95,104.6,25.2,16.1
18,14,3,8.5,78.2,14,2,0.9,52.9,61.5,38.1
50,4,4,8.8,46.4,13,5,0.95,106.0,40.0,13.5
14,9,4,7.7,83.8,16,1,1.05,40.5,32.2,24.3
47,13,4,8.3,40.9,9,3,1.0,118.0,44.5,32.9
29,7,3,6.3,31.8,9,2,0.9,79.4,66.0,14.3
12,12,3,8.6,99.1,14,0,1.05,77.1,67.6,40.8
36,35,4,8.0,56.7,16,2,1.35,97.7,30.4,101.2
59,55,3,8.2,42.5,12,2,1.0,55.2,56.1,177.3
35,23,4,7.7,43.8,14,1,1.1,34.7,46.0,52.6
52,9,5,8.3,100.9,15,3,1.1,35.2,53.9,24.5
12,2,5,9.0,82.4,15,5,0.9,43.0,45.3,9.6
7,5,2,8.4,106.5,11,4,1.4,76.0,49.4,39.2
29,22,2,5.3,94.0,17,0,0.9,101.4,57.9,50.8
11,9,2,8.4,91.4,14,3,1.0,62.5,21.0,41.3
33,31,4,7.4,70.0,8,5,0.9,51.4,46.3,55.9
6,4,3,6.9,95.7,11,1,0.9,96.3,28.0,16.9
47,47,2,10.0,63.0,12,3,0.95,38.3,36.4,261.1
15,2,2,6.6,96.2,17,5,1.0,84.2,42.0,10.2
32,32,3,6.8,90.6,14,4,1.4,17.2,29.9,103.5
51,18,2,4.6,84.3,13,0,1.1,18.0,35.0,56.4
11,5,2,10.2,56.4,11,2,1.05,79.1,25.2,31.7
58,58,4,9.3,80.5,10,5,1.0,14.5,34.9,154.7
23,10,1,7.5,70.5,13,0,0.9,22.8,48.1,72.6
26,12,2,8.9,66.9,17,4,1.25,76.8,52.4,69.1
34,10,4,4.7,109.2,12,0,0.9,55.4,32.8,21.4
46,43,4,8.7,70.4,10,5,1.05,69.5,57.9,113.3
34,25,3,6.7,32.6,11,0,0.9,117.3,48.9,62.2
29,2,2,10.5,80.1,9,1,1.25,77.7,59.2,11.2
4,1,4,8.6,88.2,16,2,1.05,72.9,20.8,9.6
17,7,3,8.2,100.8,14,4,0.9,48.7,45.7,20.8
35,6,1,6.8,80.6,17,1,1.25,77.6,49.3,53.7
13,6,2,6.8,31.6,10,0,1.35,6.5,21.4,35.3
41,3,2,8.9,39.6,15,0,0.95,69.1,71.0,14.2
39,13,3,6.8,42.9,15,3,0.9,12.9,34.4,27.5
15,3,5,6.7,46.9,8,1,1.4,30.3,48.5,12.3
55,26,4,10.1,94.0,12,4,1.05,69.8,53.1,87.7
29,25,3,8.4,54.8,12,4,1.1,81.8,43.2,92.0
29,24,3,6.4,55.0,10,4,1.4,49.3,58.6,84.4
11,5,3,8.8,90.4,9,5,1.0,53.2,65.9,18.0
52,6,3,7.6,63.0,8,5,1.0,62.3,28.7,18.0
32,11,2,5.4,35.2,11,5,0.9,92.3,43.4,38.1
2,2,4,7.3,76.8,17,4,1.35,7.0,53.0,6.6
47,42,5,6.4,40.4,9,0,1.0,56.4,22.4,58.2
14,12,3,8.4,75.7,12,5,1.35,6.6,54.8,51.5
20,17,4,7.0,92.4,17,0,1.0,41.7,62.5,34.5
22,4,3,8.1,104.4,9,1,1.35,64.8,57.4,28.4
11,2,3,9.0,35.4,8,2,0.9,14.2,47.3,7.0
27,11,1,11.5,54.3,17,4,0.9,60.8,60.5,113.1
3,3,4,11.0,82.2,17,0,1.1,111.3,46.3,15.6
17,2,4,8.3,55.2,17,1,1.25,83.8,26.2,10.2
44,26,4,7.9,66.1,17,4,0.9,95.0,35.7,53.9
56,18,2,7.1,31.6,16,2,1.35,71.7,38.9,89.8
28,21,2,5.5,85.5,9,4,1.1,108.1,41.2,75.6
29,4,3,4.6,100.7,17,5,1.4,21.9,40.9,14.5
21,8,3,6.7,108.1,11,3,1.0,56.7,37.9,23.4
47,46,3,10.5,96.4,10,4,1.35,73.7,44.6,258.3
16,12,6,10.4,32.5,8,3,1.35,105.4,60.1,32.9
37,22,4,8.1,82.1,15,2,1.25,40.4,44.6,60.1
59,53,3,8.7,69.7,9,3,1.35,5.1,49.5,205.4
20,18,1,7.1,105.0,15,2,0.95,117.1,15.7,125.4
6,3,1,8.0,102.2,8,1,1.35,8.0,43.5,25.7
19,8,4,6.8,109.0,13,3,1.35,22.5,55.0,24.0
57,34,4,6.8,99.0,11,5,1.05,53.5,57.0,75.7
5,1,4,8.9,73.8,10,4,1.4,62.1,55.7,8.7
3,3,3,7.1,87.2,8,4,0.95,101.0,45.6,8.7
59,9,1,8.7,107.2,17,1,0.9,56.5,47.0,75.8
1,1,6,7.8,76.2,8,0,1.4,68.0,33.9,13.4
58,51,6,10.1,97.2,14,5,1.05,28.0,52.1,97.2
38,20,3,8.8,105.4,13,5,1.1,70.5,34.0,78.8
15,8,2,8.4,75.6,10,2,0.9,45.1,50.2,38.2
34,25,3,5.9,42.7,9,5,1.35,16.4,42.5,70.8
35,19,5,7.3,42.4,17,0,0.95,113.8,42.2,36.6
49,5,4,7.9,39.2,10,0,1.35,14.4,54.0,17.7
25,11,4,8.1,68.1,15,1,0.9,83.0,48.7,27.7
24,15,2,9.0,68.4,14,1,1.25,109.4,45.4,89.3
12,8,2,8.3,79.4,14,3,1.1,25.6,36.0,39.4
18,8,2,6.5,68.6,12,5,1.0,32.3,61.2,33.1
15,10,5,8.9,107.8,17,3,1.4,54.1,46.0,32.5
44,27,3,7.3,53.3,10,3,1.05,38.9,51.0,85.5
16,14,4,7.0,99.9,8,3,1.25,92.3,43.0,37.9
27,19,2,6.3,38.0,8,3,1.05,43.9,33.7,73.3
8,8,5,7.5,78.2,13,4,1.25,118.4,46.3,22.0
46,42,4,7.2,81.9,11,1,1.35,103.8,34.9,124.4
25,7,2,9.7,91.8,14,2,0.95,108.0,47.3,33.5
17,9,5,7.6,70.2,17,2,0.95,12.3,10.0,15.0
29,1,2,8.8,45.8,17,2,0.9,25.3,37.2,4.4
53,19,2,5.3,59.5,17,2,1.4,24.5,41.8,69.1
8,5,2,9.1,51.8,8,2,1.25,82.3,30.5,29.3
15,3,5,9.0,63.5,13,4,0.9,6.4,46.4,8.2
27,1,5,5.8,72.4,14,1,0.9,97.7,36.9,7.6
46,16,3,6.7,80.0,8,5,1.1,67.9,41.9,47.4
50,23,4,7.0,97.6,9,3,0.9,70.1,35.4,41.9
52,7,4,7.7,102.8,16,3,1.0,66.8,53.7,24.1
7,2,4,6.9,67.0,16,3,1.35,66.6,48.6,8.4
3,1,2,7.6,37.1,13,1,0.95,27.8,45.6,8.9
29,10,3,9.0,93.8,11,1,1.1,37.6,42.7,43.6
44,28,4,7.2,68.2,14,5,1.1,61.1,72.4,63.1
53,53,1,8.4,73.7,12,4,1.0,83.0,40.1,512.6
24,5,3,8.3,77.7,10,4,1.0,36.3,33.6,22.5
58,49,4,4.0,83.4,11,5,1.05,97.7,27.9,62.1
3,2,2,6.8,101.2,9,3,1.35,98.2,52.9,16.8
20,5,6,9.5,106.2,13,5,1.25,36.5,61.6,20.0
46,22,1,6.7,105.2,10,1,0.95,69.4,31.8,166.3
15,15,6,6.4,94.8,14,3,1.35,45.1,38.6,28.0
25,13,2,9.6,101.1,11,4,1.05,26.9,37.7,75.5
30,28,1,8.2,34.0,15,5,1.35,97.7,40.5,305.5
14,1,2,10.2,97.9,8,3,1.25,119.0,20.8,10.6
7,3,4,7.3,35.8,16,4,0.95,70.1,51.7,10.5
17,1,4,9.8,89.7,10,0,1.05,110.1,56.3,10.6
44,43,2,6.7,43.5,10,2,0.95,78.8,19.1,163.2
20,18,2,4.1,58.8,12,0,1.0,70.1,63.1,48.3
36,30,3,9.0,44.7,17,5,1.25,60.2,61.4,116.3
9,7,3,8.9,65.5,8,3,1.0,32.1,10.0,26.7
38,33,4,9.0,62.9,10,3,0.95,14.7,15.9,83.1
48,26,1,7.7,33.8,11,1,1.0,55.9,40.4,227.9
57,48,3,10.2,96.4,9,2,1.05,69.6,57.8,173.8
22,1,4,9.3,98.3,13,4,0.9,63.6,45.5,11.8
54,49,6,9.2,93.0,17,3,1.25,85.0,42.3,100.9
53,38,4,8.2,97.8,11,4,1.1,27.1,48.9,106.5
53,2,2,6.0,90.1,8,4,1.1,45.7,32.3,7.2
2,1,2,8.1,105.0,10,4,1.25,52.8,57.3,9.7
24,6,3,8.5,76.1,14,0,1.25,26.5,40.8,26.1
8,6,3,11.0,76.6,10,4,1.25,109.2,22.4,35.8
11,2,5,8.4,98.8,13,1,1.25,83.4,32.5,9.6
13,6,4,6.4,58.0,13,0,0.95,15.6,46.4,16.1
17,10,3,8.7,34.0,8,0,0.9,87.0,38.5,28.3
8,8,3,9.9,90.0,9,3,1.0,68.0,37.3,32.8
21,18,3,10.6,50.4,17,2,0.95,65.3,44.4,62.0
18,9,2,7.8,67.9,13,2,1.25,118.8,46.3,56.7
30,8,1,7.7,49.2,9,5,1.05,76.1,27.2,64.7
18,10,3,5.9,96.2,9,3,0.95,108.1,56.7,27.6
46,17,2,7.1,106.7,11,2,1.25,110.1,40.4,94.0
47,29,2,8.6,34.4,15,4,1.0,16.7,47.0,126.5
31,26,2,5.7,48.7,13,1,1.0,6.0,43.2,85.8
38,6,2,11.1,45.2,15,4,1.0,55.1,37.1,36.7
32,14,1,7.5,83.9,11,2,0.95,93.5,52.9,114.1
11,6,4,8.2,64.3,10,2,1.05,99.8,43.0,24.3
45,6,3,8.5,66.5,14,1,1.4,95.6,42.9,26.3
25,7,3,9.7,42.6,14,0,1.1,56.4,12.1,30.8
33,12,3,8.4,63.2,9,0,0.95,91.2,51.8,38.8
38,35,6,6.4,54.3,8,1,1.05,87.7,40.0,49.2
41,14,2,8.6,78.9,15,0,1.25,41.1,51.1,77.2
8,6,3,9.7,47.4,10,2,0.9,24.4,61.7,23.4
11,3,2,6.7,79.2,13,0,0.9,76.5,51.9,15.5
22,16,3,9.2,60.2,14,2,1.35,82.9,42.6,67.0
51,7,5,8.4,57.7,15,3,1.0,70.3,38.6,18.7
24,8,4,8.1,54.4,13,4,0.9,29.5,72.3,29.1
41,25,4,7.0,83.9,14,0,1.1,36.8,47.8,57.0
17,13,3,7.7,75.0,12,3,0.95,86.5,44.5,39.6
12,5,4,8.7,98.1,10,5,1.25,115.7,39.8,18.5
57,41,1,7.4,49.3,9,0,0.95,113.7,31.2,288.5
46,10,3,6.5,33.2,14,3,1.35,64.8,18.6,36.7
32,21,3,6.5,44.6,15,1,0.9,107.0,60.3,47.1
15,7,3,8.4,57.5,15,3,1.1,8.4,32.6,27.3
16,11,2,8.7,44.4,10,2,1.1,104.0,39.7,61.7
54,9,4,7.9,36.7,9,1,1.4,59.8,40.7,30.1
22,15,2,10.7,65.6,16,1,1.4,94.9,59.2,113.0
28,20,2,5.4,84.2,13,2,0.9,5.6,32.8,58.8
20,2,3,8.6,90.1,17,0,1.1,104.9,45.1,13.6
33,25,2,5.2,61.9,10,1,1.0,73.4,48.1,83.0
10,2,4,7.8,68.2,12,0,1.4,32.6,25.4,9.2
40,34,3,8.4,90.4,8,4,1.1,45.0,24.3,111.5
32,3,4,7.7,58.2,9,3,1.4,28.1,33.4,12.3
50,38,3,5.1,92.8,16,3,1.25,53.8,44.9,89.5
33,3,4,7.9,107.4,17,2,1.35,43.0,43.4,20.2
2,1,5,8.0,100.4,17,2,1.1,66.5,40.6,10.2
33,6,3,9.3,66.3,10,5,1.1,98.7,49.8,26.3
33,19,3,5.9,76.4,15,3,1.05,118.0,31.7,46.0
41,3,5,10.2,87.3,17,4,1.25,33.9,40.0,14.0
13,2,1,4.2,57.9,15,2,1.05,17.2,40.6,5.9
30,7,3,6.1,93.9,12,4,1.4,50.5,32.0,26.3
33,9,2,8.3,65.0,15,5,0.95,21.5,69.6,38.7
13,4,1,8.5,97.7,9,2,1.25,100.9,16.1,35.5
52,12,2,10.3,50.4,9,1,1.35,62.6,56.9,81.1
26,5,3,8.3,30.9,11,5,0.9,76.3,51.6,17.7
22,3,4,7.8,80.6,15,0,1.0,22.3,51.7,9.4
39,11,2,8.7,66.2,9,3,1.4,91.2,43.2,68.0
2,1,4,4.5,34.8,11,0,1.35,117.0,58.0,7.8
38,30,3,6.5,69.0,15,5,1.1,60.5,36.6,73.1
39,4,6,6.2,43.5,10,3,0.9,115.7,46.7,16.2
26,5,6,9.4,80.4,15,5,1.4,9.0,42.9,11.4
46,1,4,10.0,65.6,9,2,1.35,9.1,39.2,1.0
58,27,5,10.8,43.7,8,0,1.35,115.4,43.5,87.2
50,28,4,8.9,63.0,13,5,0.95,85.5,30.6,71.4
15,15,5,9.3,48.6,15,5,1.0,26.7,34.0,29.1
34,29,2,8.1,82.2,16,4,1.1,46.8,61.0,134.0
42,18,3,7.3,53.6,17,5,1.25,63.4,76.6,57.6
55,12,4,6.4,95.8,15,2,1.0,85.8,48.2,27.4
44,13,3,6.2,31.1,9,5,1.05,101.8,52.0,33.0
49,41,4,5.9,62.3,8,1,1.4,14.5,45.0,87.0
40,2,5,9.1,79.4,14,0,1.1,80.5,47.5,7.4
11,5,2,7.4,31.8,14,0,1.4,59.8,48.5,25.0
3,1,4,6.9,47.3,10,1,1.0,73.7,54.4,16.4
59,16,2,5.0,56.2,13,3,1.35,63.5,60.4,63.2
6,3,3,6.6,31.7,14,2,1.1,56.8,31.4,8.5
9,6,3,7.6,73.7,16,1,1.35,28.6,75.9,26.0
6,4,2,5.7,80.5,8,5,1.0,59.3,43.7,16.6
9,7,3,12.0,48.2,10,4,1.4,26.8,43.7,44.6
39,29,3,6.0,73.5,12,2,1.05,10.1,37.0,70.6
31,3,2,9.7,109.9,10,1,1.1,48.0,37.1,23.3
32,16,4,7.8,101.0,15,1,0.95,7.9,49.4,33.8
41,15,3,7.2,34.7,17,0,1.35,69.7,49.6,55.6
50,31,3,7.6,40.2,13,0,1.35,13.3,48.8,122.6
12,10,2,8.0,69.6,9,0,1.35,55.3,36.5,58.8
8,1,5,8.3,49.6,8,2,1.35,117.7,10.0,8.5
8,3,4,6.5,36.5,17,5,0.95,6.1,20.5,6.1
50,16,2,8.8,50.4,12,3,1.1,47.2,42.2,88.3
28,10,1,7.6,34.9,16,2,1.35,82.4,46.0,105.4
20,17,4,6.0,72.4,17,0,1.35,23.3,37.0,38.2
47,32,3,7.4,69.2,16,0,1.1,69.5,33.7,91.3
59,51,2,10.1,30.5,8,2,1.4,34.7,45.6,365.6
7,2,3,8.3,68.6,10,5,0.9,30.6,40.7,10.1
11,8,3,8.0,71.6,13,5,1.05,107.9,36.3,32.3
20,2,4,7.4,78.5,12,1,1.4,28.4,22.6,9.2
16,6,2,7.5,107.6,11,1,1.25,48.3,31.9,36.5
4,3,3,8.3,108.6,9,0,0.95,24.5,53.2,18.8
6,3,2,7.6,72.2,11,0,0.9,37.6,30.4,10.9
58,40,6,8.7,97.6,12,3,0.95,38.7,50.0,67.7
22,3,4,8.5,36.8,9,5,1.4,42.6,58.6,10.8
26,26,4,6.2,72.5,17,1,1.25,78.7,32.5,57.0
3,2,4,8.8,84.3,8,3,0.95,90.4,36.7,10.2
41,25,3,6.6,75.2,14,0,0.95,63.7,53.8,52.8
42,1,5,6.5,48.5,14,5,1.35,75.2,56.8,13.6
14,5,2,8.0,35.0,15,0,1.0,98.5,34.3,26.1
11,3,4,8.4,60.9,17,3,1.25,119.9,22.5,12.6
18,18,2,8.9,81.8,13,3,1.05,57.5,57.1,100.0
54,9,3,4.8,109.3,8,0,1.1,112.7,49.0,28.5
12,6,3,9.2,48.9,15,4,1.05,61.4,46.8,22.7
23,23,4,8.6,103.4,9,0,0.9,94.9,53.0,55.2
12,5,4,6.9,35.5,10,1,1.4,70.9,27.8,19.8
13,9,3,7.6,104.5,15,5,0.95,106.7,46.7,34.1
25,1,3,8.3,96.6,11,5,1.35,56.6,38.6,9.1
45,21,5,4.0,31.7,12,0,1.05,85.0,49.2,28.1
51,27,2,6.1,53.9,16,2,1.4,58.6,51.6,118.3
58,42,4,9.7,34.1,14,0,1.1,103.6,53.7,117.1
19,6,3,7.1,109.6,17,4,0.95,119.4,49.2,22.8
55,55,3,7.9,64.2,14,1,0.9,33.0,45.0,131.8
46,44,1,7.8,83.0,8,0,0.95,59.5,45.4,325.9
36,36,3,9.1,48.7,8,3,0.9,14.3,46.4,99.6
45,28,2,7.4,104.7,15,1,1.05,21.2,34.5,116.5
8,5,2,7.5,51.9,17,1,1.1,111.9,37.6,24.1
29,17,2,8.3,50.8,8,4,0.9,67.5,46.8,66.4
55,40,3,9.3,55.2,17,5,1.1,50.4,49.8,138.9
53,52,3,9.7,67.0,9,3,1.25,82.2,34.2,214.9
55,3,4,7.5,31.5,11,2,1.05,69.4,29.1,16.4
32,12,2,7.3,77.8,16,0,1.35,38.2,21.9,59.6
51,39,3,7.8,32.5,14,2,0.95,31.1,26.9,101.3
44,12,3,10.0,73.1,14,5,1.1,72.9,35.5,49.0
18,2,3,9.2,66.6,17,3,1.4,26.7,36.6,10.4
6,6,4,7.3,49.4,14,1,1.0,21.0,38.6,12.3
18,5,3,5.6,56.4,12,4,1.25,41.6,27.5,18.8
19,9,4,9.7,86.5,8,4,1.05,104.1,20.2,23.9
22,21,3,9.8,30.8,12,1,1.05,9.2,43.5,80.8
37,11,3,6.3,55.3,15,4,0.95,100.8,43.5,27.0
32,5,3,7.3,84.4,14,2,1.05,76.4,49.5,17.5
56,35,4,9.3,42.2,14,5,1.4,9.6,51.8,115.3
41,27,5,8.6,74.8,9,1,1.25,74.2,46.7,67.0
59,49,3,5.0,43.5,8,0,1.4,54.0,43.4,121.0
3,2,4,6.3,42.4,11,0,1.35,101.7,52.5,11.2
28,24,2,8.9,91.8,15,3,0.9,109.3,59.1,99.9
10,1,5,8.4,51.3,8,5,1.1,37.9,33.9,5.8
51,39,2,9.0,60.1,9,5,1.4,95.2,51.2,244.8
35,30,2,9.2,88.4,14,1,1.4,40.6,34.5,187.6
29,14,2,8.4,44.4,12,5,1.35,39.0,44.6,87.8
54,37,6,8.6,72.5,13,2,0.9,27.2,54.8,62.5
15,3,5,7.1,103.4,15,5,1.35,83.0,38.7,13.4
33,28,5,8.2,74.3,16,1,1.0,35.1,30.6,49.3
7,4,4,8.5,33.9,15,1,1.35,58.5,36.5,18.5
12,11,3,10.6,77.2,8,2,1.0,98.4,30.6,36.9
49,23,5,6.8,37.2,11,4,1.1,96.1,29.1,44.4
30,25,6,9.1,52.6,12,2,0.9,103.4,56.5,43.2
21,2,3,7.8,98.0,16,1,1.35,23.5,48.4,12.0
31,8,2,9.1,30.9,13,1,1.35,72.5,33.4,58.7
58,41,4,7.8,36.2,13,1,0.95,110.2,30.2,95.3
24,3,6,9.8,59.1,10,1,1.25,9.8,31.0,12.7
20,2,5,6.9,110.0,9,3,1.4,96.4,33.4,16.5
37,37,5,8.2,53.3,9,4,1.1,33.3,55.8,72.0
4,1,5,8.7,42.6,14,1,1.0,82.0,40.7,14.0
28,26,5,7.0,74.0,12,3,1.25,87.5,67.6,52.9
44,5,4,8.5,71.5,17,5,1.05,111.4,41.5,22.9
20,20,4,9.5,66.0,8,1,0.9,63.5,35.1,52.5
24,13,2,7.9,105.7,12,4,0.95,102.5,53.1,63.7
50,21,3,9.1,52.4,8,4,0.95,10.2,22.0,60.4
49,29,3,7.0,53.5,16,2,0.95,53.4,44.3,67.5
51,20,5,6.4,41.2,15,3,1.05,55.5,27.5,31.9
32,31,3,9.0,85.8,11,5,1.4,66.9,15.8,156.2
41,38,2,7.2,55.7,8,4,1.05,60.4,40.6,140.3
36,20,1,5.5,94.2,15,0,0.95,116.3,52.0,113.7
58,50,4,6.9,107.7,12,1,1.05,14.0,44.6,110.8
53,25,3,10.0,33.5,8,4,1.4,35.5,43.1,121.7
34,2,3,9.6,109.4,9,5,1.0,116.4,10.8,13.6
36,32,2,6.3,50.3,12,5,1.05,56.2,40.1,127.4
2,2,3,5.8,63.6,16,3,1.35,70.7,40.3,11.3
15,6,2,7.4,92.2,17,3,1.0,14.3,49.5,25.3
34,3,3,9.6,83.2,15,3,1.1,37.7,29.3,11.9
36,33,3,7.7,92.3,17,2,1.05,9.6,52.0,90.2
6,1,3,7.7,67.3,15,5,0.95,20.8,35.9,2.5
39,5,3,7.1,103.3,16,1,0.95,77.8,38.4,22.1
42,13,2,7.6,93.2,9,0,1.05,92.8,48.3,60.2
51,19,5,9.3,54.7,14,3,0.95,105.1,27.7,40.8
51,12,3,8.1,105.9,17,1,1.4,33.9,51.9,45.4
58,48,2,7.7,106.9,12,3,1.4,43.3,25.7,305.7
54,25,2,9.0,63.2,10,3,1.05,70.5,49.9,138.0
12,9,3,8.1,82.2,17,5,1.05,14.6,39.2,21.0
3,3,2,9.4,95.2,15,0,1.35,97.8,40.2,18.0
45,35,1,7.0,95.4,9,1,1.4,60.6,10.0,338.4
18,12,3,8.4,31.1,11,3,1.4,116.0,34.9,58.2
40,30,3,9.3,80.3,12,5,1.25,18.5,39.5,132.5
21,5,3,10.3,107.9,12,2,0.9,20.3,60.6,22.0
15,2,4,6.4,48.5,11,3,1.25,45.1,41.6,11.5
33,22,1,7.7,93.6,10,5,1.05,28.8,34.2,206.2
35,13,5,6.0,72.7,10,1,0.9,85.1,52.0,25.4
26,25,2,6.5,47.7,12,4,1.25,113.9,35.9,117.4
8,7,4,8.0,34.1,17,3,1.1,15.3,54.4,20.6
36,3,2,5.0,90.8,13,2,0.9,32.9,45.1,10.5
48,20,5,8.6,55.3,8,2,1.4,32.4,31.2,57.1
30,5,3,8.8,60.0,11,3,0.95,63.5,53.3,21.0
23,8,2,7.9,68.8,17,1,0.9,57.0,49.2,35.2
42,33,3,6.7,70.6,17,3,1.4,88.6,52.7,110.1
44,8,1,7.6,46.5,13,2,1.1,89.3,39.8,76.8
14,8,4,11.2,83.7,9,3,0.95,70.9,49.2,25.4
14,2,4,7.2,85.4,17,2,1.35,73.0,65.0,13.2
2,2,2,6.8,41.4,12,4,1.05,101.9,44.1,14.8
55,16,3,4.5,72.6,16,3,1.35,50.6,37.2,36.9
37,12,1,9.6,78.7,10,0,0.9,6.4,60.5,111.4
5,5,4,6.1,44.9,10,3,1.0,29.5,50.0,11.4
38,25,3,8.1,101.6,16,2,1.4,9.1,36.6,100.2
45,32,3,11.2,68.6,10,1,0.9,50.3,62.8,127.0
41,24,6,8.6,39.2,11,2,0.95,46.2,27.6,43.5
54,48,2,8.5,56.8,16,4,1.25,16.3,48.3,255.0
47,47,6,7.5,68.2,11,1,1.35,91.8,55.8,101.2
14,12,3,8.5,30.8,12,0,0.9,68.6,54.9,36.1
56,9,2,8.1,32.6,9,0,1.4,31.0,31.2,53.6
39,23,3,8.8,34.4,15,4,1.0,92.3,27.1,75.2
25,18,4,4.4,73.1,16,4,1.0,81.8,44.8,25.8
20,13,3,8.6,56.9,17,4,0.95,27.0,50.5,34.9
2,2,2,8.7,101.4,11,5,1.35,118.0,29.1,19.1
39,32,2,11.8,74.7,10,4,1.25,25.4,45.6,272.3
6,2,4,8.0,90.8,11,3,1.1,93.7,24.5,15.3
17,15,3,8.3,85.0,14,2,1.0,116.4,54.7,49.1
59,36,3,8.6,71.6,8,5,1.05,88.4,35.1,111.8
25,17,2,8.6,89.6,9,3,1.1,81.6,40.0,85.7
57,5,4,6.1,73.6,17,1,1.4,108.9,52.4,18.3
28,22,6,9.2,60.8,12,0,0.9,36.0,51.3,40.7
2,2,1,6.6,64.9,16,0,1.1,36.9,47.7,11.6
35,10,2,8.6,97.1,13,1,1.05,78.7,54.4,57.9
37,24,5,6.7,75.1,10,0,0.95,106.4,46.9,43.3
5,2,4,7.7,60.2,10,4,0.95,76.0,59.4,16.0
1,1,3,7.3,44.4,14,4,1.4,117.4,21.5,8.8
40,18,5,7.6,69.6,10,5,1.4,30.6,41.3,52.2
12,7,3,7.9,50.2,17,4,1.35,100.0,40.8,33.0
56,4,2,8.6,106.4,10,1,1.4,111.6,39.4,33.4
36,26,4,7.9,69.3,17,2,0.95,54.1,48.0,57.0
45,5,3,9.3,30.7,14,1,0.95,115.6,44.6,18.4
23,23,6,7.2,37.4,16,2,1.05,28.2,51.9,33.3
47,16,2,8.6,52.7,16,0,1.25,114.6,27.8,88.3
31,3,3,6.8,37.4,10,5,1.05,108.8,69.5,13.5
11,10,4,10.7,101.5,15,0,1.25,12.6,37.3,32.6
10,2,3,8.7,98.3,8,0,1.1,65.0,45.4,17.3
3,1,3,7.0,107.7,15,2,1.4,65.8,39.5,11.2
54,23,5,10.6,86.5,9,0,1.1,11.6,43.0,57.8
14,5,3,8.8,81.6,11,1,1.0,9.5,35.6,18.3
16,14,3,7.0,103.9,14,2,1.1,5.6,44.5,39.4
10,1,5,7.8,105.7,13,4,0.9,65.3,49.0,8.3
29,1,2,6.3,100.2,16,2,1.4,58.3,13.2,7.6
10,9,6,6.3,98.9,15,1,0.95,113.2,38.1,18.1
12,5,4,9.8,83.7,9,5,1.1,44.4,37.6,16.5
30,17,3,6.7,30.1,11,1,1.25,80.7,69.9,56.5
41,23,3,6.0,64.4,8,1,0.9,5.9,52.3,41.3
1,1,6,9.0,80.9,14,0,1.1,81.3,60.0,9.1
5,1,2,10.5,73.8,11,5,1.1,110.0,48.7,10.7
20,11,3,9.7,95.7,15,4,1.35,45.8,43.0,49.2
8,1,3,11.4,95.5,9,5,1.1,41.1,46.4,5.9
43,14,2,11.6,77.9,15,4,0.95,77.0,55.5,80.2
12,4,3,6.6,31.8,9,3,1.05,42.8,63.0,13.4
1,1,6,7.5,59.5,15,5,1.05,51.3,45.6,6.2
57,30,5,5.6,48.3,8,5,1.05,36.4,34.5,43.2
54,19,3,6.3,57.1,9,1,1.25,44.7,53.1,54.3
20,7,3,9.6,79.4,12,5,1.1,83.1,31.8,28.2
28,24,4,8.4,35.3,8,0,1.05,111.1,46.7,57.3
57,13,1,10.2,31.8,12,2,1.0,72.1,50.2,144.1
43,18,4,6.7,64.9,12,0,0.95,6.2,40.7,34.2
37,23,5,7.2,93.5,14,1,1.0,35.3,31.1,35.6
47,46,5,8.9,32.5,9,0,1.0,114.5,36.5,84.2
37,33,3,9.6,97.9,9,5,1.1,109.7,38.2,117.8
12,7,3,5.5,60.7,13,1,0.9,18.3,29.4,21.8
37,18,1,7.6,39.5,17,5,1.35,109.5,37.4,180.4
49,9,3,8.6,75.4,10,2,1.35,115.9,24.6,43.4
49,33,3,9.2,106.2,15,2,0.95,42.3,49.1,103.9
56,32,5,9.5,73.4,10,4,1.25,85.6,46.0,92.7
44,17,5,7.9,84.9,17,5,1.0,69.4,45.2,34.5
56,19,6,6.1,95.3,11,3,1.0,43.8,37.4,29.2
28,27,5,5.1,93.9,14,0,1.05,22.6,39.0,33.5
47,6,1,7.7,35.8,8,3,0.9,47.2,32.1,42.3
15,3,3,7.6,89.3,8,0,0.95,111.7,48.1,13.8
6,5,2,6.8,106.0,16,4,1.0,98.3,25.7,26.0
44,34,2,9.3,86.1,13,4,1.25,43.0,43.0,229.9
59,20,3,6.3,96.9,12,2,0.9,68.0,34.4,48.9
20,4,4,7.0,68.8,9,2,1.4,51.7,63.1,14.0
50,10,4,9.8,55.5,9,5,1.25,58.6,48.3,31.5
14,10,1,6.8,84.1,14,2,1.25,92.5,42.0,84.5
2,2,2,8.5,69.4,13,5,1.1,67.4,28.7,11.4
9,5,2,8.0,101.6,15,0,1.4,25.8,25.6,33.8
37,11,2,8.4,108.0,10,5,1.4,35.9,47.9,74.7
20,16,2,9.3,95.6,10,3,1.35,70.3,63.6,116.4
26,26,4,8.5,109.4,12,3,0.9,84.7,46.9,66.5
29,29,4,5.9,57.9,17,2,1.0,63.4,44.1,50.6
1,1,3,6.2,101.7,11,4,1.4,76.3,44.3,7.6
55,30,4,8.4,56.4,15,3,0.9,95.8,43.2,63.3
35,16,2,6.6,39.4,13,4,1.4,67.7,44.4,87.8
6,3,6,9.4,79.7,15,2,1.05,117.4,33.8,14.2
37,16,3,8.5,66.4,14,0,1.25,32.1,30.3,57.1
53,40,4,5.4,103.7,9,5,1.05,110.8,43.3,64.2
59,12,5,10.8,69.4,16,1,1.4,33.5,59.9,40.9
5,3,5,7.5,104.2,13,3,1.0,66.1,51.3,11.1
33,21,2,7.7,36.3,13,5,0.9,57.4,27.2,85.6
49,43,4,8.6,96.4,9,5,1.0,47.9,38.9,98.7
51,36,2,7.9,90.7,16,2,1.1,115.7,50.7,161.8
14,1,1,9.4,87.6,8,2,1.0,36.3,60.2,2.7
12,9,2,6.5,58.4,13,5,1.0,82.6,63.5,37.0
42,6,5,9.7,92.7,15,3,0.9,97.5,39.5,17.8
20,20,5,9.0,68.7,9,1,1.05,27.7,51.9,39.9
53,25,2,6.8,87.2,10,0,1.25,116.9,45.0,125.7
50,2,3,8.4,74.2,17,3,1.05,67.9,40.6,12.8
24,9,6,9.8,42.6,17,5,1.4,110.2,42.7,25.5
59,28,3,8.8,35.2,14,0,1.4,81.3,42.9,117.7
43,38,3,8.2,59.3,8,2,1.35,79.7,56.1,147.0
34,3,3,8.9,104.6,12,5,0.9,44.7,25.1,16.2
25,20,4,9.1,72.4,13,5,0.9,93.6,47.6,56.1
50,6,3,7.2,94.2,17,3,1.05,8.4,60.5,13.7
29,7,4,8.2,76.1,14,0,1.35,68.9,59.2,23.6
57,33,3,9.3,106.6,17,4,1.25,8.7,48.8,133.8
39,1,2,8.2,59.6,17,4,1.25,40.3,32.9,4.9
31,5,3,6.9,34.6,14,4,1.1,16.1,51.3,14.7
56,6,2,8.4,92.5,10,5,1.4,109.8,57.9,46.1
47,45,3,7.4,86.4,14,0,1.4,77.2,35.8,158.2
43,34,2,8.9,72.2,8,4,1.35,81.9,46.3,206.8
50,47,4,10.1,56.1,11,2,1.1,102.9,39.5,157.7
23,15,3,9.0,45.1,14,5,0.9,89.3,34.6,46.2
44,26,4,6.8,68.6,14,0,1.35,19.3,38.2,62.6
38,14,6,8.5,83.3,11,2,1.4,76.0,43.5,34.7
20,7,4,4.1,76.3,8,1,1.0,117.5,31.0,16.6
23,14,6,7.9,65.0,15,0,0.9,29.6,29.0,18.3
45,31,3,9.4,73.2,11,4,1.35,76.3,31.3,154.9
52,24,2,8.6,38.6,9,4,0.9,69.8,45.9,95.4
16,11,5,8.2,85.7,11,5,1.25,50.0,24.4,29.6
50,31,5,11.2,88.7,15,1,0.95,114.8,15.4,71.9
42,29,5,5.4,30.9,15,5,1.05,46.0,58.5,40.2
55,42,4,5.8,51.6,12,3,1.35,15.8,29.8,100.9
8,8,3,8.7,37.4,9,1,1.1,115.7,39.7,31.2
50,17,1,9.3,109.9,14,4,1.05,88.9,53.1,168.3
21,14,4,9.4,77.5,10,4,1.05,44.4,24.7,40.2
1,1,2,7.1,67.3,13,3,0.9,37.3,24.7,9.5
55,40,2,6.7,67.0,16,1,1.25,111.7,34.4,173.1
8,4,3,6.5,107.2,12,2,1.0,36.5,53.5,17.7
29,26,3,8.5,82.8,16,1,1.0,66.8,41.7,78.4
32,16,1,6.5,43.5,11,2,1.4,29.7,41.9,165.7
38,24,4,9.7,65.9,16,4,0.95,119.4,38.5,60.4
5,5,5,8.0,91.9,8,4,1.1,93.5,48.7,14.0
47,27,4,6.9,63.9,11,1,1.1,70.3,59.2,61.5
22,20,3,7.0,54.8,8,4,1.25,90.8,77.8,60.5
47,18,6,5.7,109.3,16,5,1.4,110.4,40.2,35.1
34,18,2,6.8,104.9,15,5,1.05,115.8,60.3,75.7
1,1,4,7.2,105.3,15,5,1.1,95.4,54.0,10.8
55,37,2,8.6,40.5,14,3,1.4,102.6,45.2,226.0
55,26,3,7.9,48.7,16,0,1.25,50.7,15.5,91.7
26,9,3,6.7,65.4,10,2,1.4,50.1,37.5,36.8
43,35,4,6.2,96.6,14,4,1.35,98.0,37.9,85.6
10,8,1,7.6,88.9,13,2,0.9,92.4,46.3,63.7
30,20,2,4.9,98.0,12,1,0.9,108.6,39.6,58.4
50,42,3,7.5,103.7,16,3,0.9,20.3,35.2,100.5
18,3,3,9.7,92.5,11,2,0.9,84.4,66.4,20.3
17,11,3,7.7,50.9,10,4,0.95,79.5,57.7,39.0
26,11,3,8.2,52.8,10,0,1.0,96.8,17.7,36.2
8,7,3,8.1,58.2,9,5,1.05,7.8,38.6,26.1
47,39,2,5.9,54.2,8,3,1.0,100.0,49.6,122.1
40,36,2,10.6,49.9,10,1,1.1,42.5,58.0,242.6
49,30,3,7.4,90.2,15,4,1.0,84.0,37.0,80.8
12,7,4,8.0,32.7,13,3,1.05,75.9,39.4,19.9
27,19,2,7.0,88.3,9,4,1.35,55.6,43.1,93.0
8,4,2,9.7,95.9,15,1,1.4,90.8,49.9,29.2
25,15,3,5.8,35.3,12,1,1.4,115.5,23.6,51.3
46,31,2,10.0,34.9,11,0,1.0,42.2,17.8,180.9
4,3,3,7.5,52.8,8,3,1.4,91.1,57.1,14.5
33,15,3,7.2,46.7,8,0,1.05,41.2,30.1,42.3
1,1,2,7.1,76.5,11,0,1.1,102.3,67.5,9.2
19,18,1,10.7,84.0,16,0,1.25,55.3,31.6,237.3
31,11,5,5.6,80.7,17,5,1.0,56.7,39.8,21.7
16,10,4,7.2,58.6,17,2,0.9,93.8,46.4,22.8
14,12,4,6.1,69.9,13,1,1.4,62.1,16.4,33.4
53,2,3,5.3,81.2,8,0,1.4,35.7,76.4,13.7
48,20,4,10.0,39.6,15,2,1.25,119.5,37.3,61.3
5,4,5,8.0,48.4,16,2,0.95,76.3,31.9,14.5
41,4,4,6.3,101.2,9,2,1.1,79.2,28.0,15.5
26,22,2,9.2,57.4,13,0,1.35,79.4,46.3,160.0
28,18,3,7.4,94.1,14,2,1.4,106.6,45.5,68.2
2,2,3,7.0,50.1,8,0,0.9,26.1,28.4,11.3
50,23,3,8.9,33.3,12,3,1.25,11.8,25.5,99.1
6,3,3,7.4,70.0,12,1,1.35,49.5,54.7,11.1
9,3,5,6.6,101.4,10,4,0.95,70.0,34.1,9.7
33,11,4,9.0,95.5,9,0,1.4,37.9,21.3,39.1
41,28,2,7.8,50.2,8,1,1.05,84.3,40.2,119.9
25,24,2,9.1,102.8,13,0,1.05,13.5,37.2,137.9
48,2,3,7.4,68.4,14,5,0.9,95.9,65.4,8.8
13,11,1,9.5,33.9,9,3,1.35,87.6,35.7,131.2
9,8,3,8.0,32.2,9,1,1.05,29.6,38.3,26.9
53,29,3,9.6,68.8,12,1,1.4,39.3,44.6,150.9
13,11,3,9.5,73.7,12,2,0.9,97.8,35.1,41.5
31,5,6,9.9,36.4,10,0,1.05,93.9,47.3,13.4
41,18,3,8.1,103.8,10,0,1.35,98.6,29.8,86.0
11,7,2,8.6,87.5,8,4,1.25,42.1,39.1,36.9
4,2,2,7.7,94.1,10,2,0.95,116.5,46.9,14.6
34,14,3,6.7,76.7,16,2,1.35,87.3,55.7,47.7
38,10,2,11.0,83.1,9,4,1.35,12.5,35.0,72.9
46,35,3,6.9,61.0,8,2,1.1,59.9,34.8,91.2
4,1,2,9.4,84.3,16,2,1.0,81.4,60.5,5.6
38,35,3,9.1,108.3,12,3,0.95,24.4,35.4,125.1
19,11,4,8.3,81.8,15,5,1.05,108.7,41.3,31.6
6,4,1,7.8,57.3,11,1,1.0,91.7,62.6,35.8
34,12,3,7.8,52.8,15,4,1.1,14.4,42.8,39.1
18,3,3,7.0,107.1,12,3,1.4,110.0,39.0,21.1
13,5,4,8.1,44.8,13,5,1.25,51.5,39.9,17.9
41,39,3,6.2,94.5,13,3,0.95,57.0,33.1,95.9
23,14,3,9.1,67.2,13,3,0.9,95.1,47.4,50.3
19,11,4,7.7,65.5,9,2,1.35,79.1,30.9,34.9
45,39,3,6.6,89.8,17,5,1.25,55.3,51.3,108.9
11,9,3,6.1,41.8,17,5,1.1,34.9,42.2,21.8
1,1,2,7.8,67.3,16,4,1.4,64.4,44.8,9.7
24,21,4,7.9,32.9,14,2,1.4,71.6,62.8,62.3
54,10,5,7.2,83.6,10,2,1.35,77.6,24.6,23.2
7,3,6,8.8,34.7,9,3,0.95,74.6,42.3,7.1
25,15,5,8.5,37.0,11,0,1.1,76.0,49.7,34.7
21,19,4,8.1,97.6,15,4,1.25,59.7,34.6,57.4
15,6,3,6.6,65.4,16,4,0.95,69.6,53.4,18.0
1,1,4,6.9,46.1,17,3,1.0,38.2,35.5,6.7
12,5,3,5.9,77.4,9,3,1.25,23.2,45.5,14.7
58,52,3,7.7,71.5,13,1,0.95,74.8,40.5,148.4
7,4,3,8.8,62.9,15,3,0.95,10.4,43.9,14.7
15,2,3,6.2,102.4,10,2,1.05,12.5,42.9,11.9
21,13,4,7.2,90.0,16,3,1.4,33.4,41.6,34.7
19,5,3,7.9,42.1,11,4,0.95,27.3,36.3,21.1
29,4,2,8.8,75.7,12,0,1.4,48.0,34.0,30.2
25,14,2,5.8,37.1,14,0,1.35,47.7,45.8,55.6
33,8,5,11.3,49.6,12,2,1.05,18.4,42.6,23.8
49,9,4,9.1,102.8,11,0,1.35,33.3,33.7,37.0
32,25,3,7.1,67.0,11,3,1.05,5.5,46.1,72.8
49,35,3,6.4,101.4,12,0,1.35,45.4,36.4,118.7
35,21,3,8.4,43.3,10,3,0.95,96.6,60.7,67.8
44,18,2,8.7,46.4,16,5,1.1,35.6,71.9,89.9
38,33,3,6.5,58.2,9,1,1.25,79.0,58.7,90.8
26,8,4,6.3,59.3,14,4,1.0,16.3,58.0,15.7
11,3,3,6.7,89.6,11,5,1.25,6.4,51.8,6.9
35,17,3,8.1,78.0,15,2,1.05,62.3,39.5,55.1
8,3,1,8.1,74.3,14,1,1.4,58.1,19.2,30.9
46,31,3,11.2,78.2,15,0,1.25,27.0,29.7,142.9
14,2,1,4.8,88.6,11,2,1.4,38.0,33.9,11.6
10,6,3,7.0,101.4,9,3,1.4,8.5,56.5,23.3
2,2,3,7.2,63.2,14,1,0.95,96.7,45.1,4.8
46,14,4,8.7,94.2,16,4,0.9,39.6,34.1,30.5
9,3,3,8.8,69.6,13,4,1.35,30.2,19.9,13.2
3,1,3,7.7,87.8,14,1,0.95,97.5,69.8,11.5
21,2,3,10.3,100.0,13,1,1.0,9.5,48.4,9.2
26,2,4,6.3,32.6,9,1,1.1,37.7,52.9,10.0
8,7,2,7.0,73.7,16,0,1.05,35.2,35.6,27.2
48,23,3,6.0,109.2,12,5,1.0,35.2,40.3,63.9
2,1,5,7.8,69.7,10,5,1.25,6.3,37.9,1.0
6,1,2,7.5,99.1,11,5,1.05,112.5,42.8,9.0
28,7,3,9.2,44.9,11,4,1.05,104.4,64.1,30.3
53,30,4,10.8,78.3,16,4,0.9,52.7,27.5,78.0
29,28,3,10.2,99.6,12,0,1.4,56.2,41.5,158.8
26,14,4,6.2,64.5,9,2,1.0,65.3,46.3,28.1
25,12,3,8.1,68.9,13,4,1.4,60.0,40.6,56.4
12,1,3,9.2,36.6,14,2,1.4,94.6,53.9,8.2
5,3,4,9.0,33.4,15,2,0.9,61.2,21.2,11.9
34,24,4,11.5,67.5,12,2,1.05,26.7,64.6,83.1
48,6,5,7.7,97.5,15,4,0.95,18.5,25.6,10.5
37,27,2,8.1,104.5,15,3,1.05,110.6,28.4,120.1
15,2,3,11.4,82.7,11,2,1.35,10.6,36.6,6.1
44,24,2,8.6,96.1,14,5,0.95,108.2,34.2,104.8
36,24,2,7.1,88.8,16,3,1.0,84.4,47.1,92.1
15,6,3,6.5,86.1,17,0,0.95,51.5,45.7,15.1
43,34,3,8.3,91.5,11,5,0.9,26.5,43.4,103.5
48,40,2,9.6,70.4,16,3,1.35,40.7,25.0,260.6
23,15,2,9.6,66.6,11,3,1.4,65.9,40.3,114.2
6,3,3,6.7,42.7,8,1,1.0,80.5,42.2,11.5
46,22,6,8.2,97.5,11,2,1.05,84.5,56.8,47.1
50,24,4,7.3,33.6,9,4,1.4,56.4,44.4,60.4
44,1,2,7.8,51.4,13,1,1.4,48.0,46.6,9.8
59,18,5,9.4,71.6,15,5,1.0,93.4,65.5,42.2
43,12,3,7.9,107.7,13,3,1.1,111.4,28.1,48.2
45,43,5,9.0,92.9,16,0,0.9,110.2,37.3,76.8
21,8,3,9.0,59.5,13,4,1.25,68.4,28.4,42.0
23,7,3,7.1,87.1,14,0,1.05,14.1,61.3,16.5
43,23,5,9.8,104.5,12,3,1.4,13.4,62.1,77.7
55,21,2,6.4,73.1,15,0,1.05,51.3,60.3,75.5
16,2,5,6.1,67.0,9,1,0.9,89.3,48.6,9.7
47,11,4,7.3,74.2,9,0,0.9,62.2,46.6,24.0
53,22,6,6.5,54.9,15,1,1.0,77.1,36.5,35.3
15,10,3,8.9,102.6,13,2,1.0,102.0,51.2,39.5
25,3,2,11.8,93.8,9,4,1.35,9.6,26.6,18.5
36,29,3,9.7,86.4,13,0,1.0,111.2,26.6,106.2
11,10,6,6.8,77.1,15,1,0.9,43.1,37.0,13.3
51,28,3,6.5,107.6,13,3,1.0,10.4,64.6,74.4
15,11,3,9.5,53.8,16,5,0.95,101.1,35.8,39.1
4,2,3,6.2,52.7,13,3,1.25,112.4,37.5,13.9
21,14,3,6.5,49.4,10,1,0.9,93.4,45.5,35.0
13,2,2,8.6,89.3,16,4,1.0,97.5,52.8,12.2
22,8,3,7.2,93.8,17,2,1.35,105.2,57.0,35.5
19,10,4,8.2,77.8,12,2,1.4,65.1,28.6,36.7
34,8,1,7.5,82.2,13,4,0.9,83.3,40.8,63.6
14,4,5,8.0,57.9,11,5,1.1,37.9,44.7,15.4
4,3,4,9.3,33.2,10,0,1.1,33.7,45.9,9.9
48,36,3,8.9,50.3,17,1,0.9,75.0,52.4,98.8
53,5,3,9.4,76.7,12,2,0.9,89.5,51.8,25.1
52,33,2,9.0,95.0,10,4,1.1,50.7,42.3,191.1
46,34,3,9.1,92.2,9,2,1.4,51.0,55.8,143.9
27,8,4,8.0,44.4,13,2,1.4,114.7,53.6,28.4
29,7,3,5.8,34.1,15,0,1.4,64.6,52.7,23.3
47,47,3,7.8,98.0,10,2,1.25,118.4,35.7,186.9
28,26,1,8.5,36.0,13,1,1.05,104.2,50.6,266.6
35,34,4,8.1,61.5,16,4,1.05,78.6,56.4,80.8
8,7,3,8.6,37.5,8,5,1.35,6.1,35.8,25.7
16,15,3,11.1,75.1,10,5,1.25,39.0,43.6,81.0
42,40,2,7.2,59.1,9,5,1.35,53.0,60.8,196.0
36,28,6,7.4,46.2,15,0,1.4,80.1,46.8,53.4
30,7,3,9.8,77.6,16,5,1.1,50.5,40.9,25.9
18,7,3,8.2,59.1,17,0,1.25,100.2,59.5,26.6
2,2,3,8.7,43.3,13,5,1.0,81.2,36.4,9.4
49,14,4,7.1,86.0,10,4,1.05,44.9,21.6,34.4
13,5,2,6.9,96.9,17,1,1.25,95.2,32.6,28.3
4,2,4,6.2,51.9,15,5,1.1,39.9,55.6,12.5
26,6,3,8.3,44.9,17,2,0.95,12.2,48.2,16.8
25,4,3,6.5,36.0,14,2,0.95,24.8,42.8,13.5
30,10,4,6.3,72.2,9,5,0.95,5.3,54.7,16.4
11,2,4,9.0,96.5,14,1,1.1,100.7,44.0,14.8
7,4,4,7.0,50.1,8,3,0.9,77.1,39.3,9.5
31,16,5,6.2,66.9,15,4,1.1,70.6,52.0,26.8
44,25,2,6.0,42.9,12,1,1.35,81.1,37.4,122.2
10,7,5,9.4,62.3,16,2,1.4,80.2,47.9,25.1
39,38,2,7.8,31.2,10,4,1.35,70.0,32.5,234.4
13,12,4,7.4,102.9,14,5,0.95,101.9,29.3,34.4
31,5,3,8.3,84.1,15,4,0.95,55.7,31.6,13.4
7,3,3,8.1,56.6,8,2,0.95,97.6,41.7,10.3
56,44,3,7.2,100.5,13,1,0.95,95.5,34.2,125.1
49,31,3,7.5,44.6,9,3,1.1,27.9,34.6,90.6
42,42,2,9.1,36.3,15,4,1.25,57.2,40.2,242.0
42,20,3,9.2,105.4,13,5,1.25,101.0,41.1,103.0
56,19,2,6.7,54.7,10,4,1.25,100.5,23.4,93.3
36,11,3,9.9,104.9,11,4,1.1,7.8,11.7,50.4
20,8,2,11.0,81.0,14,5,0.95,30.7,46.8,42.7
4,3,2,7.6,108.4,16,5,0.95,53.7,43.7,20.5
54,23,2,7.5,90.3,17,5,1.4,10.4,25.6,121.3
7,7,3,6.7,38.4,9,1,1.05,35.0,47.2,19.1
54,23,4,7.0,98.2,16,4,1.4,34.7,47.2,63.3
1,1,5,8.5,41.8,13,5,0.9,29.7,38.4,6.4
44,7,2,11.5,85.4,9,2,1.0,50.6,65.5,41.8
56,46,3,9.1,70.0,15,2,0.95,98.5,57.2,140.7
45,34,4,7.5,86.6,11,5,0.95,33.1,37.2,80.2
42,42,3,7.4,91.2,15,0,1.4,71.9,37.4,144.1
47,19,4,7.0,94.3,14,4,1.35,69.1,24.5,54.5
59,58,2,9.6,96.8,14,3,0.95,99.1,56.7,271.2
13,9,3,7.6,97.8,14,0,1.05,50.3,45.0,28.6
55,48,3,8.7,63.0,9,4,0.95,30.7,51.9,134.5
22,19,2,7.6,101.1,15,4,1.05,107.5,16.4,85.7
54,18,3,11.2,87.6,9,5,1.25,100.8,51.3,87.6
21,9,3,7.2,97.1,10,1,0.95,76.5,35.9,30.5
22,16,2,6.9,109.1,17,1,0.9,15.7,49.0,55.0
28,13,3,7.3,39.3,14,2,1.05,6.9,48.3,32.4
9,9,4,8.6,59.6,14,0,1.4,26.0,41.8,27.7
26,20,4,10.2,94.5,14,0,1.4,27.6,33.6,73.4
9,9,3,8.6,36.9,11,5,1.35,20.7,46.8,41.0
15,3,3,9.1,73.3,12,0,0.95,35.2,32.0,13.9
10,7,3,8.9,98.7,14,5,1.0,43.9,54.6,24.7
24,23,3,5.5,31.5,15,2,1.0,91.8,33.3,50.4
58,15,2,8.0,105.2,10,3,1.0,86.6,42.3,73.8
57,16,3,7.5,108.3,13,3,1.4,17.0,33.1,72.3
42,27,3,7.8,55.8,16,5,1.05,117.4,43.9,77.3
8,8,3,6.8,91.3,17,3,1.35,91.5,29.6,34.8
24,10,5,9.3,40.2,12,5,1.4,23.8,32.3,34.4
16,15,4,8.1,91.8,11,0,1.25,19.3,69.5,48.6
49,4,2,8.1,68.5,16,4,0.95,15.1,52.1,16.1
26,19,2,7.8,98.8,11,0,1.1,89.2,46.4,100.4
27,19,2,7.1,47.0,10,5,1.0,32.2,48.2,76.2
37,28,4,5.3,83.8,14,4,1.25,13.4,45.7,47.3
4,1,4,8.4,92.9,12,1,1.25,53.5,40.9,7.2
50,47,6,8.2,46.2,8,5,1.05,86.5,51.1,77.6
24,14,3,8.8,95.5,15,5,0.9,40.0,32.1,44.9
19,1,4,8.1,106.6,8,2,1.25,60.5,61.1,6.0
36,10,3,6.4,79.3,16,3,1.0,27.2,43.4,22.7
39,19,5,6.8,92.8,8,0,1.1,54.4,51.6,34.7
10,6,4,10.0,72.6,11,0,1.35,46.3,60.9,29.5
25,3,3,8.5,77.8,17,1,0.95,54.9,47.9,13.2
18,5,3,9.2,31.1,11,4,1.25,58.6,32.3,18.7
19,9,4,9.4,71.9,16,3,1.35,15.6,56.6,27.4
36,18,3,6.5,76.0,8,2,1.4,15.7,62.4,58.6
10,2,2,7.5,83.6,17,4,1.4,35.0,18.6,12.2
33,12,1,9.0,43.6,16,4,1.25,18.3,40.8,129.7
55,54,3,6.8,49.3,11,5,1.0,34.1,45.5,146.9
50,6,3,7.4,90.5,14,3,1.05,7.8,38.8,16.1
5,3,2,7.2,43.4,16,2,1.05,45.3,27.0,16.2
47,40,2,6.9,63.3,14,3,1.1,29.5,31.4,158.1
49,44,3,7.8,50.0,9,3,1.1,107.6,19.8,132.1
35,29,3,7.3,73.6,13,0,1.0,103.7,53.5,84.2
44,30,2,7.4,108.9,13,2,1.4,39.5,58.5,183.1
34,2,2,8.4,98.2,10,4,1.4,59.7,58.3,13.9
33,9,2,9.5,51.6,11,3,1.05,114.9,41.6,48.8
55,47,2,9.1,59.5,13,1,1.35,65.3,45.3,332.2
21,2,4,8.3,103.5,13,2,1.05,102.6,54.8,15.8
17,1,2,10.5,101.9,8,1,0.9,100.0,39.2,11.3
22,10,4,9.0,42.8,17,4,1.25,113.2,30.6,37.2
48,34,3,9.2,96.3,15,2,1.05,40.2,35.2,115.0
37,8,6,7.8,53.8,16,0,1.25,10.0,44.1,17.8
15,5,2,7.4,73.5,9,2,0.95,17.0,33.4,14.9
35,33,2,8.6,30.4,11,4,1.05,70.7,47.7,172.1
28,15,2,9.4,109.9,13,0,1.35,66.0,25.7,113.6
7,6,2,8.3,90.9,9,4,1.4,39.3,39.1,33.7
32,12,4,7.1,49.3,14,5,1.25,33.6,46.9,34.4
11,8,2,6.1,84.7,13,2,1.0,86.6,43.6,27.7
10,3,2,5.6,53.5,15,4,0.95,44.2,33.2,11.9
9,1,5,8.1,37.2,14,2,1.1,74.5,50.8,10.6
14,11,3,9.2,64.0,17,0,1.05,86.9,45.1,42.2
13,4,2,4.5,79.1,8,2,0.9,54.5,16.9,12.4
57,33,1,7.1,37.2,17,4,1.0,27.2,47.5,230.6
25,8,2,6.8,71.5,17,4,1.0,104.0,36.9,35.1
2,2,5,8.6,71.2,12,5,0.95,15.8,35.7,5.6
35,5,4,7.0,80.3,13,5,1.0,100.4,32.0,14.3
7,1,4,6.2,49.6,14,4,1.25,101.2,30.0,10.8
21,8,5,7.1,31.7,11,1,0.95,70.7,44.5,19.3
18,10,3,6.9,56.0,16,1,1.1,77.4,48.6,29.6
3,2,2,8.0,61.9,8,1,1.35,46.2,43.8,13.2
42,9,3,7.7,80.9,10,3,0.95,101.8,53.4,31.8
54,23,4,8.7,104.4,17,5,1.35,35.3,49.0,74.3
39,35,5,8.0,46.3,9,2,0.9,69.4,17.9,56.9
41,7,3,9.5,85.0,9,1,1.4,5.2,31.0,24.5
49,15,3,7.3,37.8,8,4,1.0,113.1,56.3,42.5
11,5,5,8.9,45.2,10,4,1.0,114.1,26.8,15.2
39,20,2,8.5,70.7,17,1,1.35,86.7,10.0,114.8
24,18,5,7.6,86.7,12,5,1.0,53.7,64.0,35.0
46,25,2,9.0,98.7,13,1,1.4,25.5,45.6,181.3
19,3,3,6.8,89.5,15,4,1.35,61.6,33.8,12.8
4,4,2,9.9,31.2,11,1,1.05,96.0,31.8,26.5
26,23,3,6.8,84.7,8,5,1.25,74.6,49.6,68.6
38,24,3,6.0,96.0,16,3,1.25,65.7,47.7,67.7
42,34,3,5.9,72.0,10,3,1.1,102.7,45.9,91.9
32,14,5,8.1,107.2,15,5,1.25,41.0,39.7,39.3
39,22,4,7.2,30.3,11,3,1.25,103.9,26.6,64.7
45,11,4,8.3,95.5,10,0,0.9,55.5,41.6,28.6
46,8,2,6.3,56.8,10,3,0.95,5.3,54.8,26.9
36,35,5,8.7,82.0,11,4,0.9,89.2,35.5,70.2
40,38,2,8.3,85.5,11,5,1.35,106.0,49.2,245.0
37,8,2,7.3,54.5,14,0,1.25,60.7,37.1,36.5
33,27,2,8.9,109.6,9,4,0.9,57.3,51.6,115.5
36,28,3,8.9,38.3,15,4,1.05,97.6,30.2,96.1
3,2,5,8.1,42.6,9,5,1.1,106.7,42.2,8.4
9,1,2,9.3,101.4,8,5,1.25,117.1,47.5,9.4
8,1,3,9.7,39.5,15,1,0.95,44.7,33.9,5.5
33,16,4,6.8,60.5,11,5,0.9,73.4,46.4,35.6
59,29,3,9.7,88.7,13,2,1.4,99.6,41.6,154.9
6,1,4,6.7,93.3,8,3,0.95,66.2,41.5,10.2
41,33,2,9.2,106.4,10,5,0.9,58.1,33.9,169.4
39,29,4,9.4,93.2,14,2,0.9,70.8,54.0,69.9
4,1,2,7.7,97.6,14,2,1.35,46.0,30.7,11.1
13,5,6,7.9,106.0,15,1,1.4,27.1,45.4,24.5
49,21,3,7.6,74.3,9,2,1.1,12.7,31.8,61.3
2,1,4,6.8,57.5,14,3,1.4,75.1,41.2,6.8
5,2,2,7.0,90.9,11,0,1.1,48.6,49.7,11.0
44,6,2,8.7,43.1,13,4,1.05,106.5,38.5,37.5
27,24,2,9.3,35.5,11,3,1.35,30.6,10.0,168.8
32,19,3,8.0,92.8,16,1,1.4,40.7,25.9,69.6
21,13,2,6.5,106.1,8,0,1.1,116.6,16.1,53.3
8,1,4,6.3,65.4,8,1,1.1,69.0,42.8,9.7
38,20,2,7.8,42.9,12,3,1.0,44.9,41.9,94.0
8,1,4,7.2,69.8,12,4,1.35,104.0,37.8,8.0
50,47,1,9.8,61.5,15,2,1.0,90.5,34.5,460.7
3,2,2,6.9,59.8,14,5,0.9,70.9,44.7,12.3
54,8,4,8.9,80.2,10,5,1.4,107.2,24.6,34.4
44,10,4,7.1,44.0,15,2,1.1,15.8,53.5,22.5
58,9,3,7.6,60.4,11,1,1.0,50.4,42.9,32.6
3,1,1,8.3,99.5,10,0,0.9,98.2,30.7,12.5
22,9,3,8.8,88.4,9,5,0.9,49.4,37.0,27.4
6,3,3,8.6,34.4,16,4,0.95,111.6,40.4,16.0
2,1,3,7.2,71.1,14,1,0.9,22.5,25.4,4.1
23,12,3,8.2,37.3,12,4,0.95,43.7,50.1,40.1
44,10,3,7.4,106.6,16,5,0.95,54.0,53.6,33.6
2,1,2,5.9,49.6,10,1,1.0,84.0,43.4,7.2
38,25,5,8.3,104.6,13,0,1.05,27.5,53.3,58.4
17,11,4,9.9,96.7,15,3,1.25,6.1,73.8,37.7
35,26,2,10.3,74.1,16,2,1.35,117.3,19.5,180.0
34,14,3,8.5,56.9,11,4,1.35,108.4,42.6,65.9
23,7,2,8.4,98.6,8,4,1.05,39.5,25.9,40.7
30,24,4,4.1,42.2,15,0,0.95,60.6,60.7,27.6
52,40,3,12.1,44.4,17,4,1.05,61.2,45.0,175.1
8,1,2,10.1,48.0,10,3,0.95,105.0,33.6,8.2
22,22,1,9.1,77.8,13,3,0.95,73.7,38.9,220.4
44,4,1,8.1,55.1,11,0,0.9,100.0,58.0,31.7
58,30,3,4.7,109.1,13,1,1.35,109.9,47.4,83.1
36,12,4,8.3,45.6,10,1,1.35,70.1,48.9,48.5
5,3,2,8.0,94.4,14,4,1.25,37.8,59.9,17.3
13,13,2,5.9,37.7,9,4,1.25,62.4,53.5,53.2
29,20,3,8.7,58.3,12,0,1.25,102.9,55.5,88.8
31,31,2,9.9,49.5,10,3,0.95,72.1,40.5,164.2
47,38,3,8.5,108.1,12,0,0.9,108.0,15.0,122.7
57,43,3,8.5,32.1,10,1,1.1,108.0,43.2,156.0
55,23,4,8.6,87.7,16,3,1.25,47.9,34.0,67.7
16,4,6,7.5,49.8,15,4,1.0,56.5,51.5,11.3
42,16,5,9.1,94.9,9,1,1.0,83.0,20.8,33.8
30,7,3,10.3,54.9,15,2,1.25,17.8,51.9,28.0
57,22,4,8.1,45.0,15,1,1.25,58.5,44.3,60.1
55,29,6,6.9,85.4,17,3,1.25,22.2,46.2,51.9
16,11,2,5.9,50.6,10,3,1.35,102.5,49.4,58.4
12,8,1,8.8,68.8,17,0,1.0,113.4,41.7,70.7
17,1,1,8.9,40.5,12,3,1.4,21.3,38.0,6.9
16,10,3,8.5,88.0,9,2,1.1,81.7,55.6,37.7
12,11,4,7.6,62.5,17,2,1.4,78.2,49.1,33.3
8,7,3,8.4,41.2,13,3,1.0,92.4,50.3,25.8
20,12,3,7.2,89.3,9,4,1.0,85.0,41.0,36.5
3,3,3,6.9,38.3,11,3,0.9,30.0,43.3,9.5
16,16,2,6.5,76.0,10,4,1.4,38.5,41.8,88.8
30,27,3,6.5,78.6,8,3,1.25,24.0,21.1,73.1
45,39,1,8.8,104.4,15,1,1.05,110.9,25.4,360.8
23,10,2,7.6,42.1,15,3,1.35,65.0,40.5,57.2
28,16,4,7.0,82.3,8,1,1.25,117.3,19.5,40.6
51,26,4,6.0,60.5,13,4,1.0,56.7,40.7,49.8
40,40,4,9.0,62.1,8,3,0.9,68.6,31.3,88.3
54,9,4,9.6,70.1,16,4,1.4,95.8,41.1,38.0
5,1,4,6.5,48.7,8,2,0.9,96.7,44.0,9.8
20,2,4,7.8,66.9,10,5,1.1,31.6,19.7,9.5
40,13,4,6.6,84.9,16,0,0.9,38.2,45.9,26.4
56,55,4,7.8,66.6,8,4,1.1,16.2,36.6,121.8
44,36,3,8.9,33.4,9,1,1.35,97.6,14.1,151.3
1,1,3,10.4,50.6,11,0,1.4,96.3,36.5,15.4
57,25,4,7.3,58.1,14,5,0.95,14.3,46.6,48.0
30,24,2,9.0,58.4,15,3,1.25,34.6,37.1,134.4
21,12,3,9.1,36.5,8,1,1.1,56.7,36.4,46.5
20,17,3,7.8,66.0,8,0,1.25,67.3,43.8,59.1
6,2,2,9.7,85.4,12,0,1.35,65.1,36.2,15.9
22,13,6,7.5,33.9,15,4,1.35,118.1,38.8,29.8
18,18,2,8.7,90.1,8,3,0.9,92.9,26.1,72.9
8,4,3,7.1,106.4,10,3,0.9,18.0,35.8,15.9
39,27,2,8.8,30.7,13,3,0.95,38.8,64.6,125.8
32,15,4,8.6,45.5,8,4,1.35,44.7,44.1,47.5
33,31,3,9.8,73.5,10,4,1.4,41.2,45.2,165.6
53,40,3,10.8,47.4,8,3,1.25,95.4,34.3,183.0
16,15,4,9.4,91.2,11,0,1.4,46.5,37.3,58.9
12,1,3,9.0,55.0,16,5,0.95,61.6,39.3,8.4
38,20,2,7.4,53.5,12,3,1.1,66.3,52.5,94.3
52,42,2,4.6,30.1,10,4,0.9,36.1,56.4,101.5
34,12,4,9.9,51.6,17,3,0.9,42.1,36.5,32.7
14,5,3,10.8,47.4,14,4,0.9,94.7,41.7,22.6
36,9,2,8.5,57.5,13,3,1.05,104.7,39.2,50.6
33,23,2,6.5,41.8,16,5,0.9,9.3,51.1,67.7
23,8,2,10.1,77.6,11,0,1.35,74.6,47.6,65.2
50,32,3,9.7,49.1,11,0,0.9,77.8,40.9,108.3
45,14,1,4.9,96.5,16,4,1.1,89.8,54.1,79.7
2,1,1,8.2,52.8,9,4,0.95,84.8,48.2,9.9
41,25,3,8.4,46.9,17,1,1.1,105.9,32.7,84.2
21,13,4,5.6,34.5,9,2,1.35,14.0,42.1,25.6
2,1,4,6.4,89.2,16,1,1.4,49.7,39.9,12.4
27,21,3,9.6,70.7,14,4,1.0,94.9,30.1,72.1
57,45,4,8.1,39.1,12,5,0.9,102.4,39.3,100.8
9,5,3,6.6,47.7,12,4,0.9,35.4,55.7,18.0
1,1,6,7.0,109.9,16,3,1.0,72.3,55.1,16.6
11,10,2,6.2,94.5,17,1,0.95,25.8,53.0,33.7
3,3,3,8.1,58.0,12,2,1.4,102.9,51.3,20.0
52,5,3,9.1,73.4,16,1,1.1,89.0,44.5,20.3
23,13,2,9.8,63.3,15,0,0.9,30.5,34.8,63.1
26,11,4,7.0,32.9,13,0,1.4,76.7,48.8,36.1
4,1,2,7.5,92.3,12,1,1.0,63.6,22.2,8.9
18,3,3,8.8,87.4,12,5,1.1,34.8,33.9,13.0
55,47,3,9.4,62.7,12,1,1.1,107.7,55.3,191.9
6,6,2,8.6,97.7,8,5,1.4,22.0,36.1,35.7
35,32,3,9.9,72.8,12,4,1.25,58.8,49.7,154.3
22,3,3,10.7,35.2,10,5,1.25,72.0,37.6,18.0
43,39,4,5.6,50.8,13,3,1.05,99.7,48.6,69.4
15,5,4,10.3,66.9,16,0,1.05,22.3,23.5,15.0
22,18,2,9.9,38.3,10,2,1.25,75.1,57.3,124.1
37,22,3,6.2,75.7,8,3,1.35,5.8,28.6,59.3
52,8,5,8.7,39.6,15,5,1.0,99.6,25.7,20.4
42,17,2,9.0,46.0,16,1,1.25,32.0,56.6,98.2
12,4,3,6.4,101.5,17,0,1.4,87.9,42.0,19.0
47,27,4,7.9,110.0,11,1,1.1,74.2,38.3,77.7
49,33,3,8.2,74.0,17,0,1.4,10.8,60.8,130.3
42,17,2,6.4,79.6,12,2,0.95,26.1,50.8,63.8
38,12,3,7.5,93.8,10,3,1.4,35.8,36.6,53.7
18,16,3,10.1,85.7,15,2,0.9,107.0,40.4,54.2
45,27,6,10.5,44.6,10,2,0.95,60.3,54.9,56.0
35,8,2,6.3,62.9,11,3,1.0,110.1,30.4,35.0
30,23,6,4.0,72.8,17,5,1.1,10.5,59.3,23.7
24,10,3,9.9,58.8,14,3,0.9,5.8,36.7,34.6
42,29,2,10.7,44.1,9,5,1.35,114.0,31.5,217.4
30,18,3,9.3,88.9,8,2,1.0,88.3,55.0,64.7
14,4,3,7.6,45.9,11,1,1.1,95.1,50.8,17.9
6,1,2,6.4,50.8,15,3,0.95,110.3,20.7,5.5
3,3,2,8.9,52.9,8,2,0.95,118.2,40.7,18.6
16,8,5,9.6,42.9,17,2,0.9,16.2,28.7,19.9
7,6,6,7.0,98.0,10,2,1.05,23.2,51.6,8.4
52,38,3,8.4,78.8,11,1,0.95,26.7,62.6,115.6
14,5,2,7.3,96.8,11,4,0.95,99.1,48.5,24.9
9,9,4,9.1,69.5,10,4,1.25,45.9,32.9,31.3
15,4,3,4.9,71.6,10,3,1.4,73.2,52.7,11.6
21,12,2,8.6,79.3,14,4,1.05,103.4,41.4,59.0
35,12,5,7.5,59.7,15,0,1.25,83.6,41.1,31.6
2,1,2,10.7,69.7,17,5,1.1,12.5,36.2,4.2
27,17,3,8.5,73.8,11,3,1.05,56.3,43.3,57.7
2,1,3,9.1,106.3,15,3,1.05,12.8,41.1,9.3
35,9,3,6.6,100.6,15,2,0.9,60.1,13.1,23.1
18,7,2,7.7,40.3,13,5,0.9,30.2,42.3,27.5
14,10,4,8.6,33.3,8,0,0.9,5.2,40.3,23.1
20,16,6,7.5,84.4,14,4,1.4,98.5,46.2,37.4
18,12,3,7.6,33.9,14,3,0.9,116.5,17.9,33.1
10,9,3,8.4,34.8,12,5,1.0,115.9,48.1,36.1
25,7,2,5.4,42.7,13,0,1.0,39.4,42.3,22.7
2,2,5,7.2,58.1,16,1,1.0,100.3,47.9,11.1
25,15,6,9.2,64.8,10,1,0.95,83.1,22.5,30.4
54,32,4,7.4,71.6,11,2,1.05,97.0,27.2,74.3
33,6,3,11.5,109.4,16,0,1.25,102.3,19.5,34.9
36,35,6,8.1,60.8,17,3,1.1,117.7,43.8,60.3
31,2,2,5.2,49.4,9,1,1.25,22.4,37.9,5.2
14,6,3,8.7,76.0,16,5,1.05,93.5,40.3,22.6
1,1,3,6.4,47.2,12,1,1.25,89.4,25.3,10.8
46,5,3,8.5,105.2,10,5,1.4,38.1,27.5,27.4
16,2,4,7.2,50.7,15,4,1.05,50.1,12.0,5.1
54,16,4,7.3,109.2,16,4,1.25,25.3,25.9,44.0
46,8,2,9.6,63.5,8,0,1.4,110.0,34.2,57.0
52,25,3,5.6,95.0,12,4,1.35,106.1,34.8,76.3
3,2,3,7.3,81.9,16,0,1.0,75.6,41.2,13.2
35,26,3,7.1,104.7,9,3,0.95,63.8,51.1,69.3
41,22,2,10.0,80.0,8,3,0.95,31.8,33.7,107.0
6,3,2,7.5,76.5,15,3,1.0,95.8,47.9,17.2
25,10,4,6.6,82.2,13,4,1.25,5.9,51.3,25.1
13,8,5,8.3,92.9,9,4,1.25,58.2,55.8,23.5
53,12,5,6.7,101.9,10,2,0.95,104.0,47.9,27.5
34,28,6,6.9,51.3,12,1,1.35,76.1,42.9,58.1
8,6,4,9.0,46.1,8,5,1.0,78.0,29.0,22.4
21,20,2,4.0,32.7,9,3,1.35,13.1,45.3,54.0
34,5,5,6.6,59.6,8,4,0.95,38.0,37.5,9.8
4,3,3,7.0,97.7,14,1,0.9,82.5,58.5,13.1
25,9,4,10.3,35.6,14,3,0.95,10.7,43.1,22.5
15,10,3,8.7,73.1,17,3,1.0,43.1,40.1,35.7
4,3,4,8.0,85.6,12,5,1.35,45.7,59.0,9.3
45,29,3,7.8,96.9,17,1,0.9,62.4,36.2,76.5
12,6,2,8.2,76.7,13,1,1.0,46.7,42.0,34.0
32,14,3,8.4,44.9,10,4,1.1,57.2,66.1,51.7
32,22,2,8.2,107.2,9,1,0.95,67.9,45.2,97.3
28,8,6,10.9,37.6,17,1,0.95,19.8,55.5,20.5
13,11,3,7.3,91.5,16,4,0.95,25.8,60.0,28.7
31,20,3,8.3,36.9,9,3,1.4,100.7,35.4,83.6
14,3,5,8.1,41.5,8,5,1.4,57.9,52.9,9.8
20,14,3,9.4,101.9,16,1,1.1,45.8,38.0,52.0
18,7,3,7.0,90.2,15,5,0.9,54.9,66.5,18.7
29,5,2,7.4,59.2,15,2,1.25,25.1,59.3,27.9
6,2,3,5.7,81.1,14,0,1.25,32.6,50.9,7.6
32,2,5,9.5,66.6,16,5,1.4,64.3,54.5,10.3
29,11,4,5.7,35.3,10,1,1.25,46.3,33.7,25.0
43,40,6,8.8,87.7,15,5,0.9,59.7,62.6,61.1
2,1,2,10.5,91.1,8,1,1.35,22.2,31.1,8.0
23,22,2,10.9,100.6,8,0,0.95,23.0,46.9,115.2
19,12,2,7.5,73.3,13,2,1.25,49.2,33.4,60.9
31,2,4,7.5,83.9,15,5,1.0,48.6,52.3,8.0
51,50,2,7.9,65.0,15,3,1.1,106.6,62.9,222.1
5,2,2,9.4,55.5,17,2,1.4,8.8,47.4,10.6
19,17,3,7.8,62.9,8,0,1.35,119.2,45.8,65.0
34,23,3,7.6,102.9,8,5,1.25,115.0,40.6,82.2
10,8,4,9.6,43.1,16,1,1.35,67.4,43.2,29.0
25,7,3,8.1,49.9,16,3,0.95,87.7,38.0,20.3
2,2,3,7.8,78.5,14,2,0.9,112.6,61.6,12.7
11,9,3,6.7,39.3,8,2,1.25,33.9,51.5,26.5
50,3,5,9.5,101.3,17,3,1.35,41.3,37.8,11.7
31,27,3,8.4,33.8,9,2,0.95,17.8,42.7,75.4
56,38,3,8.0,90.4,15,0,1.1,69.8,77.0,113.3
15,4,3,5.2,59.9,15,3,1.0,23.3,45.3,8.9
9,2,2,9.4,34.1,12,0,1.05,112.1,59.4,18.2
23,17,5,6.3,97.4,9,3,1.4,54.6,35.1,41.3
19,12,2,8.7,81.2,10,0,1.4,110.8,47.7,88.3
9,1,5,6.8,30.7,12,1,0.9,28.6,34.5,8.0
35,10,2,6.4,51.4,10,1,1.0,84.8,35.6,44.0
21,3,5,9.4,58.2,17,2,1.25,79.5,51.5,17.5
9,4,4,8.2,55.8,8,3,1.25,51.0,31.3,17.5
28,18,3,8.1,69.9,13,5,1.05,108.3,27.7,64.2
46,45,4,10.9,72.1,12,3,1.35,55.0,50.2,196.0
51,44,3,10.9,61.7,10,0,0.95,27.8,36.1,175.6
7,3,3,7.6,56.5,16,5,1.05,117.4,38.6,14.3
16,11,2,6.0,70.4,17,2,1.35,55.8,20.4,48.5
16,14,3,10.1,32.7,15,2,1.05,28.9,26.8,51.8
33,23,4,6.0,81.6,14,5,0.9,46.8,44.6,35.8
4,4,2,8.7,78.5,9,3,1.0,75.6,39.2,24.1
4,2,4,7.6,52.3,17,1,0.9,63.9,52.9,6.8
39,11,3,8.1,44.4,12,3,0.95,78.0,31.2,37.8
40,38,3,9.8,35.8,12,5,1.1,81.1,40.0,158.2
17,6,5,6.8,77.0,13,3,1.1,19.2,42.6,9.0
37,34,4,7.1,75.5,13,4,1.25,41.2,39.6,93.8
39,36,3,9.1,72.7,10,0,1.1,91.1,49.2,146.2
52,37,4,10.7,108.8,11,0,0.9,79.8,29.0,110.9
29,17,5,11.7,72.5,8,4,1.4,15.2,48.1,57.6
52,40,2,5.8,87.7,8,2,1.1,41.2,55.7,130.9
36,12,3,7.4,39.0,12,5,0.95,112.1,32.1,37.3
38,21,3,6.5,53.9,11,0,1.35,104.1,46.8,73.9
39,19,1,9.3,52.0,14,2,0.9,82.1,46.3,159.3
50,3,2,8.1,76.1,14,1,1.4,13.4,49.1,15.2
37,18,3,9.3,56.5,11,2,1.35,74.8,42.0,90.8
52,51,3,7.4,81.3,17,0,1.4,6.4,59.0,180.6
35,19,5,9.0,85.2,9,5,1.05,81.0,67.3,43.1
7,7,4,7.7,32.7,17,5,1.35,89.1,49.5,24.1
27,6,3,8.2,81.2,11,2,1.05,62.2,45.8,22.6
28,16,2,7.1,39.3,15,1,1.1,5.4,42.2,62.2
22,8,2,10.0,67.2,9,4,1.0,81.7,26.2,38.9
14,2,3,6.1,88.1,12,0,1.05,99.3,24.9,14.6
7,4,3,7.8,86.3,14,5,1.1,72.4,28.2,13.9
37,12,2,10.7,54.0,17,1,1.1,86.6,45.2,67.8
22,13,3,9.9,51.8,13,3,1.0,15.4,39.7,50.4
5,2,5,6.7,65.2,16,4,1.1,87.3,60.3,10.4
55,7,4,6.8,45.1,9,4,0.9,75.6,11.9,20.3
2,2,4,8.8,108.0,11,0,1.0,43.1,42.5,14.4
27,23,4,9.0,57.6,14,1,0.9,83.8,47.2,54.7
21,1,2,9.8,103.8,15,5,1.4,79.2,52.8,13.7
54,49,2,5.9,102.7,12,5,1.0,73.9,43.7,175.5
38,36,4,10.0,59.2,12,3,1.4,26.0,46.4,143.6
15,5,4,6.6,50.3,11,5,1.05,39.1,44.1,15.9
21,5,3,10.0,91.7,16,1,1.25,119.0,47.3,22.2
10,4,2,5.6,48.4,17,5,1.35,54.8,41.8,23.5
23,23,3,6.3,71.7,11,2,1.25,11.8,67.4,73.1
58,25,1,10.6,38.9,10,5,0.9,108.4,48.9,269.7
56,7,2,10.7,60.9,16,0,1.4,24.9,44.4,51.6
39,17,3,8.2,36.3,14,2,1.4,51.4,33.1,65.5
5,5,3,7.5,52.7,16,5,1.0,37.0,37.9,12.7
1,1,2,8.0,83.2,11,5,0.95,115.8,60.1,10.8
13,7,2,8.6,109.3,10,5,1.25,48.5,12.2,46.6
21,1,4,8.8,50.4,17,2,0.9,86.5,42.7,7.6
26,7,3,7.6,67.9,15,5,0.9,73.8,41.7,21.9
50,24,3,5.1,65.8,11,4,1.0,9.9,48.0,48.8
45,11,3,7.2,44.7,17,5,1.0,49.2,45.2,28.4
21,9,6,5.7,78.8,10,4,1.05,49.9,60.2,16.3
53,12,1,9.1,88.0,11,2,0.9,118.8,43.2,113.1
18,3,2,8.6,41.8,9,5,1.0,98.4,41.2,19.0
37,4,3,7.8,90.6,11,1,0.95,103.5,53.4,23.2
45,36,2,7.6,86.0,14,0,1.05,41.1,60.4,141.9
32,28,3,10.9,45.8,10,5,1.4,42.8,50.2,163.5
36,13,3,9.7,81.9,8,0,0.9,64.3,54.1,43.1
17,10,6,8.3,61.5,17,1,1.1,77.6,39.4,24.1
35,24,5,7.2,84.5,15,2,1.25,88.8,43.5,50.3
49,16,5,9.9,69.7,13,0,1.25,99.4,59.8,53.9
11,1,2,8.2,33.9,10,5,1.1,105.4,48.3,4.7
21,12,5,7.0,93.0,15,4,1.1,7.8,39.1,20.9
52,34,2,7.1,74.4,13,3,1.35,96.6,42.4,194.1
55,7,3,9.0,88.0,8,4,0.95,75.2,54.4,22.7
53,11,4,9.4,40.1,16,1,1.4,66.2,55.5,33.3
26,13,2,9.0,87.7,16,3,0.95,77.3,31.9,56.8
4,3,3,9.0,63.1,16,0,0.9,106.4,46.4,14.9
34,2,2,7.5,93.9,13,5,1.0,67.7,41.9,12.8
52,39,2,7.2,77.9,13,0,1.25,23.7,41.2,198.8
48,15,5,8.2,58.4,11,3,0.95,55.2,58.0,30.6
18,11,2,7.9,46.2,15,0,1.1,111.3,39.1,48.5
40,34,2,6.5,95.3,16,3,0.95,98.7,35.1,108.4
35,4,3,8.0,74.8,14,2,1.35,28.4,32.2,14.6
41,11,5,9.0,109.0,14,1,0.9,87.1,39.9,29.3
29,29,2,7.4,59.9,9,5,1.0,34.5,33.2,104.3
52,2,3,10.4,84.9,9,4,1.35,45.1,31.6,15.0
29,29,5,6.1,79.8,17,3,1.25,58.9,31.3,50.0
38,16,2,6.8,81.0,9,3,0.9,55.7,32.0,50.2
42,39,3,7.1,89.0,11,2,1.25,8.4,32.9,131.6
21,13,4,9.2,41.1,16,5,1.4,94.0,46.8,45.4
42,37,3,8.3,74.0,12,5,1.35,102.3,18.5,163.3
13,1,4,6.7,70.7,9,4,1.25,66.1,33.6,7.9
49,21,2,5.2,57.4,11,2,0.95,24.9,40.8,62.1
41,19,5,6.2,64.9,14,2,1.4,33.5,55.8,35.8
17,7,5,5.4,71.5,12,1,1.4,19.5,39.0,15.8
56,38,2,9.3,55.7,15,0,1.4,24.5,40.2,241.8
9,8,1,6.4,53.5,8,5,1.0,105.8,40.9,50.2
41,13,6,9.0,89.1,12,5,1.05,60.2,20.1,27.5
1,1,3,8.8,35.4,11,4,1.0,17.8,49.9,1.9
2,1,3,9.8,55.0,10,2,1.4,34.3,49.4,5.9
48,2,3,6.9,82.3,14,0,0.9,114.2,51.8,7.3
29,9,4,8.6,46.7,17,0,1.05,63.6,72.1,29.9
33,11,4,8.2,75.8,8,0,1.05,64.3,26.4,25.4
10,8,2,8.2,54.2,13,5,1.4,65.4,24.1,57.5
50,6,2,8.0,97.5,15,0,1.35,17.8,50.5,29.0
58,26,5,9.3,58.0,9,1,0.9,116.6,38.0,55.3
40,7,4,9.1,48.4,13,1,1.25,14.7,30.2,26.0
21,7,3,8.0,72.4,8,2,1.0,85.5,38.6,26.0
28,19,6,7.3,40.9,13,0,0.9,11.6,34.6,23.9
11,6,4,7.1,93.8,13,2,1.05,56.0,62.7,18.2
55,43,2,8.1,84.4,12,3,0.9,108.5,69.1,182.8
34,29,4,8.3,91.6,14,5,0.95,93.4,22.4,63.8
8,3,3,7.9,61.9,12,1,0.9,43.5,24.3,15.4
59,39,1,6.1,96.8,15,1,1.1,68.4,32.9,264.5
22,2,3,7.5,69.5,9,5,1.0,24.0,33.7,7.9
8,3,4,7.2,37.6,13,4,1.1,115.0,32.7,15.6
49,4,6,8.0,47.9,12,3,1.25,86.5,39.7,16.8
15,10,2,11.8,86.9,17,1,0.9,48.0,36.6,53.4
17,6,2,8.6,101.7,9,0,1.0,41.6,25.8,29.8
23,17,3,9.9,37.6,14,5,0.95,32.4,29.7,61.8
24,5,4,7.0,99.1,11,0,0.95,95.4,60.6,17.5
45,28,4,8.0,93.9,13,5,0.95,55.0,37.7,65.9
19,7,3,9.8,58.5,12,0,1.05,43.0,37.1,30.2
5,1,3,5.6,85.1,11,5,1.0,109.1,23.8,11.1
32,25,2,7.6,45.0,9,2,1.0,22.3,36.4,99.3
44,33,3,8.9,95.1,14,1,0.9,35.3,53.5,93.2
1,1,2,7.9,82.6,12,2,1.05,44.6,49.1,8.4
23,1,5,7.1,65.1,10,1,1.4,34.9,51.7,7.1
37,6,2,7.2,99.2,13,4,1.35,72.3,27.6,37.7
8,2,4,8.5,41.1,15,2,1.4,74.1,27.4,10.0
13,10,2,5.6,97.7,17,1,1.4,11.3,55.6,42.4
8,4,3,8.2,31.9,17,4,1.1,21.6,51.9,13.6
57,11,2,9.1,90.3,9,1,0.9,27.8,38.9,47.2
23,1,3,7.5,75.9,17,3,1.25,13.1,52.2,4.6
43,1,2,5.7,85.7,11,5,0.95,19.3,27.6,1.8
1,1,4,7.2,63.0,10,2,1.1,32.6,27.1,5.0
45,13,3,7.8,99.2,14,0,1.0,44.7,22.6,39.8
51,37,4,6.4,55.1,17,4,1.4,96.0,46.3,93.3
24,20,3,8.0,52.0,15,4,1.0,30.1,44.6,56.7
35,1,3,8.3,54.1,15,0,1.1,82.1,35.7,8.6
24,20,3,9.8,91.9,11,4,0.95,11.7,32.6,78.3
17,3,6,7.8,69.6,17,0,1.05,80.7,71.0,6.7
5,2,3,8.2,73.0,9,0,1.4,96.4,38.9,8.2
20,9,2,7.2,96.5,13,1,0.9,74.6,58.7,37.2
21,14,5,7.3,96.7,10,2,1.4,28.2,40.2,37.4
40,31,2,9.1,42.9,15,3,1.4,43.0,36.0,196.4
58,27,4,7.6,74.0,10,4,1.05,97.6,59.0,67.0
31,17,2,9.2,40.1,9,1,1.4,54.7,51.5,107.6
46,46,4,7.9,99.5,16,3,0.95,34.4,41.7,96.0
36,29,2,6.3,97.0,16,3,1.1,112.3,55.6,105.9
11,4,5,7.0,97.9,16,4,1.4,78.3,72.2,18.7
52,37,3,11.6,86.4,10,4,1.05,97.7,33.2,174.2
15,10,3,7.8,67.4,9,1,1.1,7.8,47.7,34.7
19,17,2,5.6,62.4,11,4,0.95,44.0,37.1,51.4
7,6,3,6.3,61.6,9,3,1.0,57.8,30.8,17.8
51,25,4,6.9,35.3,15,4,0.9,72.6,30.5,42.7
28,2,3,6.7,105.9,17,5,0.95,26.8,61.1,12.2
51,22,2,6.4,66.0,8,5,1.4,62.3,20.1,98.4
43,5,3,10.2,104.4,9,1,1.1,83.8,48.1,21.2
58,4,3,9.0,100.3,13,1,1.4,44.8,32.1,22.0
5,4,2,7.7,96.3,16,1,1.4,84.5,63.3,29.7
5,4,2,7.1,77.1,17,4,1.05,49.8,38.7,15.8
30,21,4,7.8,38.1,12,2,1.4,59.0,37.6,71.1
54,13,6,10.7,55.9,12,1,1.25,20.4,60.8,36.2
32,22,2,6.7,78.3,10,2,0.9,79.9,52.5,79.6
8,5,4,5.6,31.1,15,0,0.9,30.8,48.7,16.4
10,7,2,9.0,33.4,13,1,1.1,100.3,51.7,41.7
38,25,3,9.5,84.2,17,2,1.0,68.6,29.0,84.2
47,26,3,10.2,101.1,9,2,1.0,69.4,50.9,95.4
32,23,2,7.5,98.4,12,3,1.0,109.9,39.6,109.0
48,39,3,7.5,43.5,11,2,1.4,24.3,46.3,154.8
28,20,5,11.0,102.9,17,3,1.05,66.0,47.8,60.4
17,1,5,8.9,85.7,16,5,1.1,49.0,28.7,10.8
31,14,2,7.9,87.3,11,5,1.35,116.1,49.1,89.0
8,8,2,8.8,54.3,15,5,1.4,96.2,39.8,52.7
40,36,6,7.3,87.3,8,2,1.05,92.1,27.1,52.6
25,17,2,8.5,86.8,12,2,1.25,28.5,40.2,103.7
9,5,4,8.4,77.6,16,0,1.1,32.3,42.2,16.6
2,2,2,9.3,58.6,10,2,1.1,8.4,49.1,7.6
15,14,3,6.5,94.9,13,4,1.05,78.4,13.3,47.0
50,16,2,8.5,105.0,17,4,1.35,47.6,46.7,97.7
3,1,5,6.3,99.6,13,5,1.1,40.9,35.9,9.5
49,28,5,10.8,49.4,13,4,1.05,78.3,51.7,76.2
36,8,2,7.4,65.7,11,0,0.95,100.3,42.0,39.4
4,4,4,5.5,57.4,14,2,1.25,20.3,38.0,10.6
14,3,3,12.2,86.6,10,0,1.1,110.6,39.9,17.4
41,25,2,7.2,96.5,13,2,0.95,8.9,46.0,97.7
41,19,4,8.1,47.3,17,3,1.35,15.9,52.9,54.2
25,1,3,5.5,105.8,12,0,1.05,101.4,31.3,9.4
58,2,2,7.9,84.2,10,5,1.05,61.7,37.9,13.1
55,15,2,10.5,47.5,9,4,1.25,113.0,59.6,102.4
50,22,6,9.1,59.7,8,4,0.95,58.1,37.7,36.5
10,10,5,5.4,38.4,15,4,1.0,111.5,46.4,18.9
21,18,4,6.9,77.8,8,2,1.05,32.6,27.2,40.0
36,22,2,9.4,43.5,12,2,0.95,75.9,21.4,115.0
12,1,4,9.0,85.4,12,0,1.05,119.4,29.5,8.4
27,27,2,7.3,89.0,8,5,1.1,48.2,33.7,111.0
40,13,6,8.6,68.3,16,1,1.4,5.2,54.5,26.2
2,1,2,6.2,37.5,12,2,0.9,12.4,55.8,3.8
54,5,3,6.0,78.9,16,1,1.25,103.8,18.9,16.5
13,10,3,4.3,59.8,13,1,1.0,61.6,35.5,23.2
53,13,4,9.4,106.0,14,2,1.35,66.7,50.4,49.4
32,27,4,7.8,71.1,14,0,1.0,96.9,40.7,60.7
31,25,3,8.0,35.8,9,5,0.9,98.3,60.1,68.5
16,16,3,4.0,80.9,12,1,1.1,59.9,50.1,30.1
32,14,4,7.9,92.3,9,0,1.35,103.7,38.8,41.6
32,24,1,8.8,42.8,11,0,1.4,58.9,39.9,335.9
34,3,4,4.9,65.9,10,5,0.9,82.6,41.3,9.8
11,3,5,8.1,89.5,13,2,1.1,8.8,31.8,8.4
10,1,1,7.9,31.6,12,5,1.05,20.9,53.3,5.8
15,14,1,7.3,32.3,8,1,1.35,102.9,50.9,134.1
17,3,3,10.0,84.2,9,0,1.1,41.0,47.5,15.3
40,14,2,9.6,88.0,14,1,1.25,43.5,44.9,85.5
18,12,3,13.0,97.7,16,0,1.4,81.2,29.8,73.9
55,28,4,6.2,62.0,8,2,1.4,73.1,48.1,65.7
9,1,3,8.6,61.2,11,0,1.25,14.5,43.5,4.7
25,8,2,10.2,74.2,10,2,1.1,93.1,66.0,55.4
40,21,4,7.0,90.6,12,2,1.1,76.0,26.5,54.9
59,57,4,10.5,81.3,12,1,1.35,103.4,33.3,237.4
14,7,5,8.5,56.2,17,1,1.4,66.6,23.0,17.7
58,20,2,5.4,57.7,17,5,1.4,52.6,39.4,80.5
25,11,4,6.1,91.0,9,1,1.4,47.7,21.1,34.0
50,34,5,7.1,72.8,12,3,1.4,5.5,56.2,80.9
22,10,3,7.9,37.8,11,1,1.1,9.6,55.1,33.4
52,10,3,9.9,42.2,8,1,1.4,20.1,40.1,47.9
30,11,2,7.9,98.1,8,5,1.05,111.9,29.8,53.8
20,6,5,9.8,109.9,8,0,1.1,106.3,23.7,24.5
21,4,3,8.2,56.9,15,5,1.25,62.2,33.6,21.0
44,24,5,8.0,60.9,10,3,1.05,25.7,49.5,47.6
32,12,4,7.6,42.4,16,3,1.0,21.8,32.6,25.4
51,43,3,9.5,48.9,17,0,1.25,34.5,64.9,173.3
46,23,3,8.2,64.0,9,1,1.25,109.5,59.9,85.3
49,27,1,6.9,52.8,16,5,0.9,65.0,42.0,167.7
56,45,2,8.5,86.1,16,4,0.95,97.5,36.5,184.7
21,5,4,7.3,73.0,11,2,1.25,63.3,35.2,16.3
35,6,4,7.2,95.8,11,3,1.35,75.1,61.2,21.4
58,1,3,9.8,88.0,11,0,0.9,75.2,34.1,9.1
32,6,4,7.8,40.2,8,4,0.95,8.6,53.2,13.2
30,18,2,11.2,39.9,12,2,0.9,56.2,42.3,109.1
55,22,3,9.1,101.7,13,4,0.9,104.4,50.6,74.5
39,24,3,6.9,95.6,11,1,1.05,61.2,32.2,71.9
49,25,3,6.7,67.4,15,0,0.95,55.1,38.0,60.4
12,10,6,6.1,40.4,10,2,0.95,65.6,41.7,18.5
41,8,4,8.9,101.9,16,2,1.25,48.8,34.4,26.7
47,24,3,6.7,48.5,14,1,1.0,64.3,57.0,61.9
18,16,3,4.6,32.8,15,1,1.35,20.6,32.8,36.8
21,6,2,5.5,103.9,14,1,1.05,116.3,35.1,31.4
13,13,3,6.3,94.7,16,0,0.9,8.9,58.3,27.8
21,6,4,8.5,85.5,9,3,0.95,60.6,56.0,20.4
8,6,5,7.9,32.7,11,4,0.95,29.1,61.1,13.8
46,35,4,9.4,72.3,9,0,1.35,11.7,19.1,112.0
40,1,3,6.6,82.3,15,0,1.4,79.9,44.4,9.1
46,46,3,7.5,90.7,9,4,1.4,118.3,43.1,162.3
7,4,2,10.6,67.7,15,2,1.1,91.2,35.3,20.6
23,12,2,7.5,106.3,13,4,1.4,34.2,45.9,75.1
44,38,3,8.3,49.6,14,1,1.4,61.7,38.1,148.1
32,11,3,7.0,35.6,13,2,0.9,10.7,43.9,23.0
11,10,2,7.7,56.6,16,0,1.05,66.1,82.8,45.6
22,18,3,8.7,82.9,11,4,0.95,16.4,45.8,57.1
22,7,4,9.0,89.0,8,0,0.95,96.4,46.3,20.2
43,7,2,8.2,89.1,16,5,1.25,11.5,51.9,35.6
25,11,4,7.6,38.9,17,0,1.05,6.1,44.2,24.8
22,4,2,8.2,100.8,15,4,1.05,104.1,28.8,24.7
28,20,3,6.9,52.5,8,5,1.35,113.4,22.2,68.0
29,1,4,7.7,46.8,17,5,1.4,15.0,41.6,6.2
13,13,3,8.5,79.2,13,5,0.95,37.1,38.8,42.4
18,18,5,9.5,46.9,17,0,1.25,90.3,18.4,46.6
2,1,2,6.6,70.6,11,3,1.0,67.1,61.6,1.8
29,26,3,7.7,62.6,9,3,1.35,114.2,43.3,97.1
21,9,3,6.5,48.6,10,0,1.05,49.8,59.3,26.3
15,15,4,7.3,53.4,16,2,1.05,5.4,15.2,35.2
52,41,4,9.5,64.2,12,2,1.4,7.3,59.5,158.6
27,10,4,7.2,57.7,14,2,1.0,70.0,36.2,26.2
50,2,4,7.9,60.5,9,2,1.35,91.5,57.1,12.6
31,6,2,6.1,88.8,15,3,1.0,95.9,44.6,24.9
15,15,3,7.2,43.5,10,2,1.1,109.8,47.4,51.9
51,3,3,5.7,80.2,8,4,0.95,31.3,47.5,11.3
23,11,3,8.4,84.3,15,2,1.25,89.9,36.9,43.6
24,6,6,8.6,94.2,16,4,1.25,100.1,34.2,16.7
44,3,2,8.5,97.8,15,3,1.1,101.2,37.7,16.7
13,8,3,8.6,42.7,8,4,1.35,52.3,24.3,35.3
22,11,3,8.5,41.1,14,5,0.9,77.0,36.2,36.6
43,15,5,5.7,79.2,14,4,0.95,68.4,33.6,22.5
37,28,5,6.8,90.6,11,0,1.35,73.7,24.0,65.4
33,10,3,4.6,51.8,15,4,0.95,37.4,47.5,16.5
56,38,2,7.3,72.1,12,5,1.1,83.6,42.1,177.8
3,3,3,6.7,91.8,11,0,1.35,86.7,45.0,12.4
54,50,3,7.9,91.4,12,5,1.05,27.5,50.4,160.1
19,18,6,11.7,82.3,9,2,1.1,56.0,39.1,44.0
23,7,3,9.2,36.3,11,4,0.95,53.5,30.7,27.1
29,15,3,10.3,34.1,17,4,1.1,91.1,45.6,63.0
30,18,3,9.2,61.1,15,1,1.0,81.6,10.0,62.2
39,18,3,7.8,32.1,14,2,0.95,59.8,40.7,47.5
44,41,4,8.0,102.3,15,4,1.35,80.0,51.2,114.0
47,24,2,9.3,31.6,14,4,1.35,35.2,54.6,148.4
25,2,3,8.4,32.4,14,1,1.25,31.7,35.6,8.0
37,20,6,7.6,43.2,14,0,0.9,32.6,15.1,29.3
47,34,2,10.1,80.2,9,2,1.4,8.4,10.4,239.8
8,3,4,8.7,73.3,10,1,1.4,84.5,49.7,14.9
42,26,3,5.9,82.8,8,2,1.4,118.4,37.8,78.9
58,7,3,7.7,101.5,9,2,0.9,40.5,66.2,29.9
16,6,2,8.1,66.4,17,0,1.4,111.9,25.1,36.5
8,6,3,7.4,33.5,13,0,0.9,74.8,46.1,20.0
1,1,3,7.4,91.1,9,3,1.4,30.9,61.9,4.4
44,42,2,7.4,95.0,8,1,1.4,6.4,44.5,217.3
5,5,3,5.3,34.0,15,5,0.9,88.2,22.9,17.3
3,3,2,5.1,49.4,16,1,1.25,85.1,75.3,13.1
1,1,4,7.0,91.6,14,2,1.05,31.4,61.0,5.7
4,1,5,7.4,60.1,10,3,1.05,43.3,39.3,5.5
40,34,2,6.0,67.8,8,3,0.9,108.3,51.8,94.5
35,1,2,6.5,95.9,11,2,0.95,23.1,52.0,7.5
32,19,4,7.6,37.6,17,0,0.9,101.1,49.7,39.6
42,2,3,9.5,84.2,10,3,1.1,24.5,25.4,9.7
34,21,2,9.4,47.2,10,1,1.0,60.4,45.9,120.7
43,20,3,9.5,35.0,9,0,1.35,62.4,59.5,89.7
25,23,2,6.5,83.0,17,4,1.0,59.3,48.1,75.9
10,5,2,7.7,39.7,10,3,1.25,38.1,46.8,30.2
21,4,5,9.9,89.8,12,2,1.25,34.1,35.6,14.1
46,12,4,5.4,46.2,11,1,1.25,89.3,31.2,28.4
39,22,4,7.3,33.9,8,3,1.0,36.7,23.1,44.5
27,20,2,8.3,37.9,8,2,1.25,75.1,51.1,106.0
27,18,2,5.4,97.3,8,1,1.05,102.4,39.3,59.4
2,1,5,8.6,59.7,17,3,1.25,101.3,25.9,13.6
41,30,1,10.3,54.2,16,1,1.35,24.2,53.7,408.9
48,33,3,9.8,69.3,16,4,0.95,80.3,35.0,107.8
13,8,2,7.7,80.6,16,1,0.95,74.3,31.7,34.1
9,4,3,9.2,33.0,17,2,0.9,37.4,36.0,13.6
52,5,2,5.4,101.9,11,3,1.05,50.0,39.7,22.1
36,11,3,8.4,106.7,11,2,1.05,37.8,47.5,47.1
22,13,5,7.5,63.4,17,4,0.9,66.8,31.5,22.6
42,16,3,7.8,63.0,14,5,1.35,97.4,54.1,58.5
26,24,2,8.2,100.3,10,0,1.0,105.9,47.8,123.3
58,13,4,8.6,64.3,17,1,0.9,88.1,35.8,28.2
54,24,2,5.8,98.5,10,2,1.25,60.6,40.1,108.0
12,6,3,6.5,32.3,11,5,0.9,115.2,36.9,19.3
17,2,3,7.6,69.2,13,3,1.05,69.8,42.8,7.7
14,6,2,5.3,106.2,8,3,1.1,60.0,60.2,25.2
14,14,3,8.2,50.2,10,0,0.9,103.5,36.8,44.6
57,1,4,9.2,51.3,12,3,1.0,26.2,44.3,1.9
34,11,5,10.1,80.4,11,4,1.25,23.2,33.6,35.8
53,51,3,8.1,104.1,15,0,1.05,95.0,48.4,155.1
57,35,1,10.8,45.9,16,4,1.05,105.1,45.3,394.1
20,11,3,7.9,103.7,15,1,1.25,13.4,58.0,42.5
11,5,3,6.1,83.0,16,4,1.0,92.9,32.0,16.8
16,1,3,7.9,109.4,15,1,0.9,53.8,50.3,15.3
51,39,3,7.7,88.9,17,4,1.35,85.9,57.2,136.9
31,10,3,8.8,83.4,8,0,1.25,20.5,36.7,37.7
55,28,2,8.4,95.2,14,1,1.25,116.9,40.5,154.2
6,5,2,8.3,44.0,16,5,1.1,106.3,44.3,28.0
56,43,3,9.5,105.7,8,4,1.0,51.7,39.2,137.6
19,3,3,7.4,43.2,17,4,1.05,107.7,44.1,9.4
37,10,6,8.8,32.1,8,3,1.05,107.9,50.1,22.3
58,42,3,8.4,85.8,17,4,1.35,58.0,40.6,166.8
4,2,5,8.2,44.8,9,3,0.9,113.9,40.5,8.9
47,12,5,7.9,90.7,12,4,0.9,117.3,45.2,28.4
4,3,4,6.1,93.6,15,2,1.25,30.0,37.2,11.1
20,10,1,7.6,48.9,15,3,1.4,12.7,37.8,102.2
10,10,5,7.7,36.9,17,0,1.1,43.1,31.2,24.8
24,19,2,6.9,70.1,11,0,1.1,61.2,41.5,88.5
54,1,1,6.0,101.2,14,1,1.1,15.7,47.4,10.1
35,2,3,7.2,97.8,14,5,1.05,21.2,38.8,8.5
26,17,2,7.3,39.4,16,5,1.25,116.7,32.7,81.1
37,30,2,6.0,107.2,16,0,1.0,89.8,40.8,100.6
38,7,2,6.0,51.1,10,1,1.0,105.6,46.8,30.3
21,20,2,4.9,58.0,15,0,1.1,116.7,43.5,60.9
54,27,4,8.4,41.9,12,3,1.05,48.5,68.8,68.9
40,9,2,9.5,60.2,12,2,0.95,84.1,34.1,52.4
39,22,3,8.0,80.9,15,1,0.95,26.2,40.2,55.0
21,2,6,7.4,70.5,13,2,1.4,68.4,51.4,7.7
10,1,3,5.9,96.2,17,4,1.35,29.1,33.7,8.2
38,1,3,4.7,81.3,17,4,1.35,23.4,65.1,5.7
46,9,6,8.0,51.1,8,2,1.05,16.3,42.1,19.8
4,4,2,8.9,74.6,11,3,1.4,71.7,48.7,26.3
57,53,3,6.8,35.1,16,2,0.95,114.2,42.2,118.8
45,19,5,9.6,76.5,12,2,0.9,19.1,54.2,36.2
20,4,5,7.0,61.2,11,2,1.4,62.8,29.2,14.5
17,8,3,9.6,37.9,17,1,1.1,84.0,60.9,32.2
55,45,2,6.8,54.6,8,1,0.9,62.0,44.8,139.6
7,4,5,4.0,101.8,16,2,1.1,109.9,49.9,17.4
4,1,2,8.9,76.9,15,5,0.95,24.1,33.1,8.5
29,9,3,6.6,102.3,10,3,1.05,7.8,46.0,28.5
14,6,3,5.7,62.9,16,4,0.95,49.1,30.4,18.9
3,2,3,8.7,108.3,8,4,1.05,68.9,56.1,15.0
24,12,4,6.7,58.8,11,4,1.0,34.3,26.5,29.3
37,9,4,5.9,90.5,12,0,1.1,24.4,43.9,23.0
16,6,4,10.0,54.4,11,3,0.95,97.6,37.3,19.2
58,19,1,7.7,38.5,11,1,0.9,26.7,23.2,150.4
55,48,3,5.8,96.6,16,4,1.1,55.9,30.8,110.1
52,47,4,7.3,91.0,12,1,1.25,114.8,47.4,127.0
4,3,3,11.2,95.7,8,1,1.05,75.5,31.2,13.9
56,16,5,8.2,54.0,14,1,0.9,62.2,34.0,30.8
24,5,4,7.0,86.3,13,5,1.4,46.4,46.5,17.6
34,16,3,8.8,47.6,16,1,1.0,64.8,53.0,47.6
30,1,2,7.3,30.9,11,2,1.4,89.4,49.9,9.6
18,5,4,7.2,99.3,17,1,1.1,99.6,41.4,20.9
19,7,5,7.0,71.9,13,0,1.4,79.7,44.6,18.5
31,19,3,9.3,108.7,17,1,0.9,95.9,43.4,63.0
19,5,4,8.3,60.8,14,4,1.25,15.2,29.6,19.2
49,17,3,10.1,106.5,11,1,0.95,6.7,45.4,64.6
46,26,3,8.5,79.2,16,4,1.4,89.5,29.5,111.1
19,8,3,10.3,71.0,8,1,1.1,35.1,49.4,32.1
22,1,4,9.0,54.2,8,3,1.4,105.9,43.6,8.2
24,2,5,7.6,96.0,10,2,1.4,66.6,16.0,8.1
45,30,2,7.8,96.3,16,4,1.35,60.0,53.7,158.2
12,4,2,10.7,63.4,12,0,0.95,93.9,35.7,24.2
30,28,4,10.0,88.2,8,1,0.9,90.2,34.7,70.8
58,18,2,10.3,65.8,12,4,1.35,86.0,53.5,150.1
38,10,3,6.5,89.2,13,5,1.35,84.3,40.0,44.7
53,24,1,5.2,109.5,11,2,1.1,64.3,49.2,163.0
31,24,2,6.7,51.0,14,5,1.35,111.5,34.2,112.2
36,4,4,8.2,80.7,10,1,1.1,107.4,51.6,13.8
19,5,4,7.0,60.4,12,2,1.25,42.9,44.4,19.7
48,4,2,8.0,73.9,13,0,1.35,97.5,46.9,25.2
45,13,2,7.3,99.9,14,4,0.95,107.5,39.9,52.1
36,25,2,5.4,57.8,17,0,0.9,76.1,61.6,66.9
30,13,3,8.6,35.8,9,2,1.05,68.9,64.4,45.1
55,18,2,8.0,93.9,12,3,0.9,82.3,15.6,78.2
49,24,3,10.0,74.4,14,3,1.0,23.8,53.1,82.2
55,2,4,8.2,66.0,14,5,1.25,15.0,29.0,6.1
33,33,4,9.2,44.7,10,4,1.25,99.3,48.1,111.7
18,9,2,6.8,37.4,15,1,1.1,70.9,20.7,34.9
52,28,4,8.5,52.3,8,5,1.1,19.1,46.8,65.0
49,35,5,9.2,87.5,11,0,0.95,52.9,32.0,76.5
59,57,3,8.8,62.9,10,3,1.25,39.3,36.5,243.1
28,7,3,7.7,75.6,11,3,0.9,105.7,36.8,21.4
59,10,3,8.5,36.6,16,1,1.0,63.3,33.2,30.0
47,1,2,8.9,39.9,15,0,0.95,71.4,33.5,4.6
11,10,4,9.8,30.9,11,2,1.1,32.1,37.2,32.7
57,21,4,7.2,83.9,15,5,1.0,96.9,40.2,46.9
54,9,3,6.3,51.2,8,3,0.95,112.0,45.9,22.8
45,15,4,6.8,107.4,15,4,1.25,96.1,64.3,43.5
33,5,4,8.2,54.7,17,4,0.9,61.7,30.6,18.7
17,9,1,8.0,59.1,9,2,1.0,101.0,43.5,72.8
6,2,2,8.9,67.6,13,1,1.05,26.6,51.3,9.5
4,2,5,9.2,55.5,13,1,1.4,18.0,33.5,8.1
20,9,5,5.2,95.4,10,5,0.95,55.4,14.9,17.5
48,23,4,7.3,100.1,12,3,0.95,25.9,19.1,56.5
47,7,5,8.3,30.9,9,5,1.25,34.8,15.4,14.6
27,24,3,9.7,82.4,15,3,0.9,72.3,60.5,77.3
15,7,2,7.9,84.9,15,3,1.25,51.4,49.4,32.5
6,4,3,10.0,106.9,12,2,1.25,104.6,51.1,29.1
47,25,2,8.8,59.6,14,2,0.95,30.9,53.8,105.8
14,11,4,8.6,45.6,15,3,1.0,119.6,35.1,34.6
11,9,6,7.8,71.6,11,1,1.0,46.3,69.6,20.6
39,6,4,8.0,65.8,9,0,1.4,64.3,46.0,22.9
9,7,3,8.5,93.3,12,3,1.1,20.2,41.1,25.5
26,2,2,7.7,102.3,14,1,1.4,71.6,55.3,20.7
16,15,2,9.7,36.9,11,1,1.05,115.5,50.0,97.3
5,1,3,9.3,97.7,11,4,0.95,91.2,58.0,15.1
57,49,4,9.8,102.7,11,5,0.9,33.1,58.7,128.7
52,33,3,6.4,103.9,16,0,1.35,55.9,37.8,103.0
10,3,5,6.4,91.1,16,3,0.9,53.9,44.2,6.8
50,6,5,8.7,89.4,17,0,1.25,16.3,31.1,14.5
3,1,2,7.9,31.2,15,3,1.0,106.9,22.5,9.1
13,2,2,8.4,103.6,15,5,1.25,48.9,52.0,17.5
43,41,4,6.3,58.1,14,0,1.1,61.8,53.5,78.3
49,29,2,5.8,33.3,8,0,1.25,38.5,18.2,104.0
30,26,4,8.3,63.0,15,1,1.05,22.5,33.4,60.4
54,14,3,6.9,88.6,11,0,0.9,108.7,42.7,40.5
45,36,2,9.1,65.4,8,0,1.05,9.3,43.8,173.3
6,4,3,7.1,90.6,8,5,0.9,51.0,66.5,14.7
17,15,3,6.7,70.8,10,3,1.05,89.0,34.5,46.9
59,8,5,4.6,54.0,10,1,1.4,40.5,39.9,16.5
45,26,1,9.9,46.2,17,0,1.35,56.3,49.8,341.1
51,36,5,9.0,63.7,8,1,0.95,69.9,37.8,74.3
53,48,4,5.8,32.9,15,1,1.05,119.4,35.9,82.7
19,4,4,5.0,63.8,11,2,1.25,92.2,35.0,14.5
42,16,1,7.1,35.5,11,3,0.95,116.2,44.8,126.8
35,22,3,9.4,100.2,13,2,1.0,84.7,39.9,86.6
46,12,3,7.2,76.0,16,1,1.1,35.9,50.2,35.8
26,16,3,7.7,81.7,16,5,1.1,38.1,46.3,51.3
51,51,4,9.5,53.1,15,5,1.05,99.6,10.0,131.3
5,2,3,6.5,48.1,8,0,1.0,54.2,21.0,9.1
29,5,5,7.0,86.6,17,3,1.1,47.6,36.0,9.7
37,29,2,8.3,83.7,17,4,1.05,113.7,53.8,132.9
20,18,4,7.6,39.8,9,3,1.05,6.5,34.2,40.1
49,10,2,6.7,49.1,10,2,1.0,65.4,46.5,43.6
21,10,4,9.1,105.7,12,3,1.0,94.1,49.2,35.0
10,7,5,8.8,54.3,12,0,1.4,89.7,48.5,25.0
5,2,3,9.2,32.1,17,3,1.05,47.3,35.4,10.6
36,1,3,7.8,35.1,15,4,1.25,66.6,28.2,10.3
6,5,4,5.4,92.0,9,5,0.95,5.6,26.3,11.6
26,1,2,8.0,90.6,9,2,0.9,66.5,77.7,4.1
4,3,3,6.2,60.5,15,2,0.9,72.9,47.5,9.3
39,4,3,5.0,42.3,8,1,1.05,105.6,64.1,14.7
39,20,5,7.6,69.8,16,2,1.25,29.2,32.0,38.8
50,10,5,8.2,56.6,9,4,1.1,99.9,57.0,26.7
35,23,4,10.4,59.9,12,4,1.35,87.6,36.3,96.2
1,1,4,6.2,50.9,10,5,1.0,81.6,41.7,9.7
24,9,4,9.0,35.0,12,2,0.9,50.4,38.6,25.8
57,34,3,5.6,93.3,15,5,1.4,47.3,31.4,93.8
36,33,3,9.9,79.5,15,3,1.1,85.9,31.6,121.5
6,2,3,6.9,96.8,13,4,0.95,118.9,41.5,11.5
41,39,5,7.5,70.3,16,2,1.4,51.6,35.0,86.6
54,10,4,7.5,108.8,14,2,0.9,110.6,43.5,28.0
46,20,3,9.1,107.0,9,3,1.25,72.5,31.9,86.1
44,1,4,5.8,51.7,8,5,1.25,104.8,50.5,6.8
57,13,3,7.7,61.0,15,2,1.4,30.0,36.5,49.4
31,1,4,7.0,90.2,8,0,1.05,92.7,61.6,12.0
20,5,3,11.3,92.1,15,1,1.1,101.0,41.4,27.5
24,16,2,6.4,102.9,16,4,0.9,100.7,40.8,54.8
25,15,3,4.1,82.2,8,3,1.0,95.2,61.2,23.8
36,28,4,10.5,68.0,14,3,1.25,40.0,36.1,92.2
21,16,3,8.7,60.2,12,1,1.4,65.0,37.1,79.5
30,13,3,6.8,63.5,15,0,1.35,39.5,33.6,45.3
24,11,4,8.0,98.0,11,1,0.95,44.4,44.5,25.7
44,17,4,6.8,108.4,9,2,0.9,39.6,33.2,37.5
42,34,5,5.1,34.2,14,5,1.1,37.7,51.3,41.9
30,13,3,7.8,76.4,14,3,1.05,84.7,41.4,39.6
22,14,6,7.7,71.6,15,5,1.0,79.8,52.1,26.9
28,11,3,8.5,60.1,16,5,0.95,28.5,50.7,34.9
7,4,4,6.5,98.1,13,5,1.0,84.5,35.9,15.4
35,32,4,6.8,76.1,10,5,1.05,38.5,33.2,72.3
55,35,2,7.4,55.0,12,2,1.25,28.2,38.1,186.9
28,27,2,6.5,65.5,10,3,1.0,90.9,42.1,103.8
14,1,4,9.7,58.5,17,5,0.9,46.7,46.0,10.1
56,47,3,9.3,64.4,16,3,1.25,70.5,47.3,188.7
10,9,4,7.2,35.7,12,5,1.25,28.0,41.6,25.2
16,10,3,8.8,39.0,14,2,1.25,75.6,33.8,39.5
16,8,3,6.1,79.9,17,1,1.05,28.9,35.0,23.4
54,21,2,7.3,84.7,14,5,1.35,24.2,48.2,102.7
31,13,4,10.2,80.9,14,4,0.9,49.5,34.2,36.6
42,5,2,9.0,91.0,17,4,1.4,95.9,48.7,31.0
25,6,4,8.4,105.5,11,1,0.95,25.3,49.1,20.6
13,1,3,7.5,98.8,11,0,0.95,18.5,60.4,10.0
6,3,4,7.9,63.5,10,1,1.0,8.6,36.2,6.2
44,20,2,5.8,47.4,11,1,1.0,52.8,38.1,69.0
9,9,2,7.5,54.9,16,1,1.4,37.4,14.2,49.6
45,2,4,8.6,77.0,12,4,1.25,38.6,30.7,5.2
36,1,3,8.0,98.5,13,3,0.95,117.9,30.5,10.9
56,4,2,8.0,86.1,11,0,1.1,27.3,48.1,24.0
43,36,5,7.0,73.4,8,0,0.9,57.7,63.7,53.7
20,3,2,6.6,78.2,14,0,1.25,118.4,49.0,16.8
18,9,3,6.5,72.3,14,2,1.25,8.5,53.9,25.8
58,22,2,7.6,107.7,13,5,1.25,85.1,33.5,131.2
43,23,3,9.1,95.3,11,1,1.0,47.7,27.6,88.5
57,12,3,6.7,92.5,17,3,1.05,109.2,39.1,34.7
21,10,2,8.1,71.4,15,3,1.05,109.9,34.5,45.0
4,2,4,8.0,56.5,15,2,1.35,49.5,31.7,11.9
50,43,3,9.4,31.6,8,4,1.05,30.5,44.6,147.1
33,10,4,8.0,33.5,16,2,1.0,54.2,27.8,28.7
27,22,2,5.8,32.4,15,2,1.05,116.0,51.9,73.6
7,6,3,11.2,108.4,9,1,1.1,37.4,37.2,30.8
6,2,1,9.5,39.2,16,4,0.9,117.9,41.5,12.9
15,2,4,8.7,41.4,11,5,1.35,99.2,43.2,16.5
18,2,3,7.1,68.7,17,5,1.25,35.8,36.4,13.5
32,32,4,7.5,68.5,13,2,0.95,96.0,57.2,70.0
56,42,3,5.9,103.6,9,5,1.35,10.7,22.7,116.5
11,1,4,7.5,35.9,17,3,1.05,68.0,57.4,7.1
20,8,3,8.3,106.6,11,1,1.35,46.1,37.8,41.2
24,16,1,8.0,47.3,9,5,1.35,54.1,53.0,167.4
15,2,2,10.6,107.6,16,4,1.0,59.4,44.4,18.8
48,13,3,9.0,73.3,16,3,1.4,62.8,52.2,55.1
7,7,3,9.5,82.2,12,0,1.0,80.5,40.6,28.7
21,21,2,8.8,55.3,10,1,1.25,85.1,44.9,136.9
42,8,4,8.2,78.9,10,3,1.25,117.2,55.2,24.4
26,10,3,8.7,86.9,8,2,1.0,92.7,43.2,35.0
44,5,3,5.0,30.8,15,2,0.95,84.1,58.0,13.0
56,50,2,7.6,32.7,10,1,1.4,50.1,46.2,311.3
14,3,3,5.9,108.9,11,4,1.4,18.5,33.2,17.2
57,47,1,6.2,66.6,9,2,1.35,11.8,37.7,389.5
37,11,2,9.8,104.9,15,3,1.25,59.9,52.7,75.9
58,53,4,6.4,88.4,10,0,1.35,81.8,27.1,136.9
21,11,3,6.0,59.8,9,4,1.0,79.8,51.5,28.3
18,18,3,8.6,42.1,8,1,0.95,114.6,37.6,57.0
5,1,2,7.9,108.3,17,2,0.9,49.0,26.5,10.1
3,2,3,8.7,76.8,9,4,0.95,77.2,44.5,14.2
23,10,2,10.6,45.4,9,0,0.9,107.1,33.6,52.9
26,2,3,8.9,84.5,11,4,1.25,51.5,35.1,9.8
37,26,3,5.7,37.4,8,4,1.4,59.9,34.5,72.5
24,9,3,9.4,99.4,8,1,0.9,111.1,43.4,30.3
49,46,6,7.7,37.2,13,0,1.0,68.3,37.3,74.6
19,19,3,8.3,48.9,12,0,1.35,97.0,46.7,84.7
51,31,3,5.5,37.3,8,4,1.1,112.6,54.1,70.0
25,10,3,8.8,38.3,13,2,1.1,70.7,48.5,36.7
21,4,2,6.0,71.9,15,4,1.4,17.6,63.7,16.6
12,6,5,8.8,85.0,12,3,1.05,99.5,66.6,16.5
57,14,3,6.9,93.1,10,2,1.1,99.0,38.5,48.2
41,4,2,9.1,85.6,10,1,1.0,18.2,28.2,19.5
33,26,4,6.1,59.1,9,0,1.05,68.0,38.5,48.5
50,47,1,5.7,74.6,16,5,1.25,61.0,43.4,331.5
53,48,6,7.2,104.2,16,2,1.25,102.4,68.7,86.4
4,3,5,8.4,61.0,14,1,1.0,36.6,37.5,10.0
42,17,3,6.3,50.2,8,4,1.25,54.0,45.3,51.4
57,19,2,8.3,71.5,8,1,1.0,74.6,33.8,82.3
7,5,2,9.3,53.8,11,3,1.0,64.5,37.8,31.3
22,19,2,6.0,50.9,9,5,1.1,114.8,27.4,66.2
55,49,2,8.3,92.3,10,1,1.05,115.5,24.4,249.8
33,6,3,8.8,101.3,9,5,1.1,14.4,58.3,22.7
17,11,5,7.7,70.2,8,5,1.4,39.3,54.8,32.9
24,16,3,7.9,92.4,10,2,1.1,5.9,37.6,50.9
34,30,4,5.9,45.0,14,0,1.25,53.1,54.8,65.7
28,25,4,8.7,73.8,17,2,1.05,81.1,26.3,59.0
58,40,5,8.1,80.9,16,2,1.1,59.2,39.9,78.6
43,11,1,8.2,69.3,17,0,1.0,12.7,44.1,85.4
41,7,3,11.1,39.4,16,3,1.1,27.5,57.2,31.1
39,26,4,7.7,88.7,15,2,0.95,24.9,44.4,51.1
22,22,4,8.5,97.1,13,0,1.25,63.8,48.5,71.2
49,25,5,9.9,80.8,8,0,1.4,82.9,36.4,74.9
17,10,4,7.9,43.5,15,2,1.05,41.4,45.2,24.4
34,23,2,6.9,36.0,15,5,0.9,20.0,57.2,75.5
6,5,3,8.6,54.1,16,0,1.05,96.8,22.6,17.8
46,25,1,7.0,33.0,17,5,1.0,103.7,55.6,176.9
6,2,3,9.8,97.1,13,4,1.25,36.8,39.5,15.2
34,2,3,8.8,86.2,10,2,1.25,53.4,25.1,11.1
1,1,4,6.7,75.1,13,5,1.35,14.4,38.8,1.6
10,9,5,6.1,101.2,15,3,0.9,31.2,57.5,22.2
21,13,4,8.2,38.8,14,4,1.4,93.2,36.2,43.9
5,3,3,8.4,87.2,15,3,0.95,47.0,45.6,10.5
2,1,2,6.1,41.7,10,5,1.0,74.5,22.6,9.0
22,13,5,9.2,34.9,15,2,1.4,113.8,20.1,35.2
48,31,2,9.0,40.6,12,1,0.95,88.2,29.1,158.5
57,21,2,8.5,106.1,14,0,0.9,57.1,54.2,93.3
2,2,2,9.1,65.2,11,4,1.0,47.2,41.4,14.3
10,6,3,6.5,33.9,10,2,1.1,26.9,55.2,17.2
34,34,2,6.6,76.7,13,0,1.4,92.0,55.9,178.6
16,8,5,7.6,46.0,16,5,1.1,17.9,32.9,20.4
48,41,6,7.0,30.5,11,1,1.0,12.1,60.8,58.3
51,48,6,8.8,90.7,16,3,0.9,17.1,35.5,66.1
39,2,1,9.2,42.4,10,2,0.95,32.9,54.0,19.3
22,6,5,6.9,105.4,13,2,1.1,77.1,53.5,19.0
12,6,6,6.7,77.4,12,5,0.95,104.1,42.8,16.4
24,8,5,9.3,37.0,16,1,0.95,119.2,42.8,21.0
47,28,4,6.5,47.4,13,3,1.1,89.1,45.8,64.5
40,37,4,7.6,78.9,9,2,1.25,21.8,43.4,94.9
38,1,2,6.5,57.0,11,5,1.0,36.9,37.3,5.3
59,41,5,7.1,72.6,12,0,1.05,20.2,36.3,72.7
10,10,2,5.7,94.0,16,5,0.9,18.3,37.4,29.1
35,4,3,9.9,93.4,8,1,0.95,70.3,56.6,15.0
51,35,6,9.5,85.8,16,2,1.25,109.3,22.9,78.2
49,10,3,6.8,100.9,17,5,1.4,83.7,36.0,41.2
32,15,2,8.7,45.9,8,3,0.9,97.1,38.1,63.0
7,3,6,5.8,44.2,8,4,1.35,63.4,39.3,7.8
21,14,6,8.9,93.9,11,2,1.25,59.7,45.6,29.3
20,6,2,6.7,55.7,13,3,1.35,112.8,25.8,32.3
26,12,5,9.8,71.0,9,1,1.4,88.0,54.3,37.8
4,1,3,8.8,89.5,8,3,1.35,57.8,52.6,2.6
46,17,3,7.5,61.7,11,3,0.9,43.2,50.1,54.2
52,16,2,7.4,40.4,15,1,1.25,15.7,39.5,75.4
22,3,1,8.2,84.4,13,4,0.9,99.4,33.1,26.7
15,2,2,6.6,95.4,12,5,1.1,24.5,38.1,11.0
56,11,2,9.7,31.0,8,0,0.95,64.2,42.7,55.4
40,3,5,8.5,75.0,10,4,1.25,78.3,50.0,12.0
21,18,4,9.4,67.6,14,0,1.1,90.6,41.0,51.9
15,4,5,4.3,50.8,17,0,1.25,14.6,46.3,11.7
22,15,4,8.0,42.9,10,0,1.1,6.2,36.8,41.8
52,14,2,8.4,45.0,12,2,1.35,86.2,45.4,92.5
28,2,5,8.0,88.0,13,4,1.0,57.3,39.0,14.2
14,1,5,8.0,72.9,16,3,1.1,25.8,45.2,5.7
27,22,3,7.5,108.5,10,2,1.0,117.9,20.8,72.5
41,31,2,11.4,49.5,13,1,0.95,96.0,47.8,195.1
40,40,4,8.4,106.6,9,1,1.05,71.5,48.5,98.2
58,42,4,8.2,71.2,16,0,0.9,85.7,48.3,80.5
28,26,5,9.4,41.7,16,2,1.35,22.8,30.2,70.4
26,18,2,7.2,41.9,14,5,1.4,115.7,33.5,99.1
49,30,2,6.1,78.7,16,5,1.4,119.6,31.6,134.2
2,1,3,9.4,96.5,11,2,1.4,79.6,46.0,11.2
25,19,3,7.5,89.8,17,1,1.0,81.9,49.9,54.2
56,8,1,10.0,82.5,8,3,1.4,86.0,33.6,103.9
3,3,3,9.9,43.8,8,4,1.4,81.6,57.8,14.7
8,3,3,4.5,38.7,9,4,1.1,55.4,57.6,11.0
44,3,4,8.1,30.0,17,0,1.05,67.2,43.7,10.8
33,22,3,9.6,38.1,10,0,0.95,37.5,46.5,76.5
42,17,3,5.4,91.3,9,0,1.4,56.4,21.8,46.8
52,36,4,8.5,101.6,11,1,1.0,55.2,35.7,97.3
35,17,6,9.0,49.2,15,1,1.1,38.1,27.0,34.4
6,6,2,7.9,93.6,10,5,1.0,95.5,31.1,29.8
39,9,2,7.9,45.9,11,4,1.25,52.1,48.2,52.6
52,30,5,9.8,49.9,9,5,1.4,68.4,51.1,88.2
23,21,3,5.8,47.9,8,5,0.95,23.0,51.6,39.0
25,12,4,9.2,34.1,15,0,1.0,59.6,44.9,30.9
59,37,3,8.7,45.5,14,5,1.0,92.6,48.3,112.4
50,32,2,10.0,59.9,17,2,0.95,56.1,22.9,151.6
43,11,4,6.6,62.4,9,5,0.95,69.1,26.5,22.5
19,3,4,10.2,54.8,15,3,0.95,85.7,39.5,19.1
5,5,3,5.9,71.2,17,1,1.1,49.7,49.2,12.0
51,47,2,7.5,60.2,10,5,1.25,45.6,36.6,258.6
11,11,6,6.3,107.6,14,0,1.25,14.9,25.7,23.3
56,52,3,9.1,94.6,8,0,1.4,72.0,33.7,222.1
12,8,3,6.9,104.5,10,1,1.35,86.3,30.8,38.2
10,4,5,9.7,74.6,16,4,1.05,71.8,21.3,13.9
8,3,3,5.5,84.3,11,4,0.9,37.6,68.7,13.4
24,12,4,7.3,43.3,8,4,0.9,35.2,56.8,26.3
28,8,6,10.7,90.2,13,4,0.95,23.3,18.3,19.9
41,38,3,6.9,48.9,8,2,1.1,10.4,18.9,96.7
36,30,3,9.6,41.7,17,0,1.35,54.1,32.3,135.3
37,27,5,9.0,33.3,8,4,1.4,23.5,24.1,70.6
21,21,2,6.0,67.8,9,4,1.1,84.4,70.6,70.9
8,4,1,8.3,52.9,10,5,1.05,115.6,32.4,34.0
55,20,5,10.3,108.9,9,3,1.4,13.5,46.3,61.2
9,4,4,7.4,50.0,15,3,1.25,107.7,35.9,17.4
47,11,6,7.0,99.3,13,0,0.95,80.6,28.0,22.0
15,13,2,8.5,55.3,8,5,0.9,103.9,54.6,52.3
48,9,2,7.7,89.9,13,1,1.0,22.8,49.9,39.9
46,4,2,5.8,82.8,8,4,0.9,109.2,41.3,18.3
40,12,4,7.7,74.9,16,2,1.4,115.2,70.6,39.7
18,9,3,7.3,63.3,10,3,0.95,109.3,44.8,30.1
42,13,3,7.8,83.7,8,4,1.35,95.3,36.5,48.8
20,16,2,4.4,62.6,8,1,0.95,15.4,65.0,35.4
6,2,3,8.5,73.8,9,2,1.05,30.4,46.8,8.9
12,6,3,5.5,77.2,13,3,0.9,110.0,61.5,15.8
2,2,2,9.1,51.4,8,5,1.0,31.4,41.5,10.5
7,5,5,9.6,57.2,14,1,1.25,45.0,10.0,14.1
16,7,2,5.0,31.4,11,1,1.25,10.8,23.3,27.0
3,2,4,9.9,98.2,14,5,1.4,77.2,55.0,14.6
45,19,5,7.8,90.5,11,2,0.9,69.8,34.9,39.7
3,3,3,9.6,44.7,11,2,1.4,115.6,45.0,19.5
27,17,2,9.4,59.0,11,3,0.9,107.6,55.6,86.8
50,13,3,5.8,63.7,17,2,1.35,63.2,44.2,36.9
43,13,5,6.7,56.8,17,4,1.1,75.1,31.7,25.4
40,28,2,10.4,93.9,15,2,1.4,52.5,41.9,202.5
38,2,4,6.1,88.0,9,5,0.9,20.2,43.3,2.6
33,10,6,8.5,91.4,15,1,1.1,104.8,37.1,22.2
28,22,6,6.9,102.3,17,2,1.35,68.2,25.4,41.9
1,1,3,6.6,77.6,8,3,1.4,53.9,37.7,8.7
55,13,4,8.0,79.2,14,4,1.35,12.9,40.9,34.6
8,2,6,11.3,87.8,14,2,1.25,81.5,24.7,17.3
37,9,3,9.2,84.5,13,4,0.95,51.0,31.0,32.6
32,1,2,6.4,99.6,11,2,1.05,34.2,33.4,8.6
48,14,2,8.3,91.6,12,4,1.1,105.8,19.7,75.6
43,20,2,5.2,39.6,8,2,1.35,26.1,43.5,74.7
37,15,5,4.6,104.3,9,2,1.4,64.2,44.8,28.7
4,4,3,8.3,84.6,17,0,1.0,96.5,35.5,14.0
30,1,5,9.1,40.2,14,1,1.05,102.6,25.6,3.8
6,1,4,10.3,91.8,9,3,1.25,99.2,46.9,10.2
46,24,4,8.6,58.7,15,3,1.05,108.1,48.6,61.7
54,30,3,8.0,94.5,14,0,1.05,21.4,43.2,88.9
19,13,1,7.5,106.4,17,2,1.1,113.2,42.5,111.0
32,30,5,8.8,50.4,15,1,0.9,6.2,49.1,48.7
9,2,3,6.2,98.6,11,4,1.0,34.4,40.9,12.9
12,1,3,7.0,91.9,8,0,0.9,14.7,31.0,5.2
11,11,1,6.2,83.7,14,3,0.95,113.7,41.2,70.5
46,8,5,7.2,60.8,8,3,1.05,53.8,37.3,17.6
55,52,5,6.9,38.8,14,5,1.0,41.3,41.2,76.9
16,3,3,6.8,68.7,16,5,1.4,24.2,52.6,13.1
1,1,3,7.0,38.5,12,3,1.35,22.9,27.6,9.2
45,12,4,8.3,70.0,9,2,0.95,75.6,44.1,32.5
55,20,2,9.9,95.6,8,5,1.4,10.4,27.0,137.4
53,16,2,8.4,109.8,15,4,0.9,73.3,31.0,68.7
21,14,4,7.1,45.8,11,4,0.95,94.1,60.9,30.5
30,16,2,8.7,46.6,15,4,1.05,74.1,47.5,77.7
13,11,3,8.2,94.9,9,2,0.9,100.1,43.9,29.6
34,33,3,8.3,67.5,10,3,0.9,35.5,22.1,101.9
4,2,3,8.0,103.3,10,5,1.1,13.9,39.2,13.6
28,27,2,10.6,91.5,11,5,0.95,87.9,17.1,157.0
38,12,3,8.1,88.9,16,3,1.05,100.2,42.4,42.8
58,15,3,7.2,38.2,16,2,1.25,62.7,27.0,50.6
31,18,3,6.8,32.9,12,1,0.9,99.4,48.7,49.5
59,28,4,9.4,55.3,14,2,1.4,57.7,43.9,95.0
55,23,6,6.2,47.4,16,2,1.35,27.8,27.4,38.2
27,14,2,10.0,87.0,8,3,1.05,59.6,46.6,72.3
5,1,5,5.1,66.1,9,4,1.05,29.8,67.1,6.3
25,13,2,9.8,71.9,13,3,1.05,59.3,39.6,77.0
3,2,3,9.2,95.1,10,5,1.35,22.0,52.6,11.0
33,15,3,7.3,68.3,14,1,1.4,26.3,16.8,52.2
4,3,3,6.9,73.6,12,0,0.95,106.5,47.6,11.8
25,15,4,9.8,97.4,17,5,0.9,18.3,35.2,41.4
20,20,3,10.7,64.5,15,0,1.05,30.8,38.8,73.8
34,11,3,7.1,36.7,8,2,0.95,119.5,49.1,32.1
26,25,5,8.9,71.7,16,0,1.05,71.2,39.1,49.6
5,4,2,9.5,76.3,17,5,1.35,72.4,22.6,30.2
35,24,2,8.9,70.9,13,4,0.95,102.2,60.3,121.3
28,25,1,8.1,50.6,12,3,0.95,65.3,24.6,215.9
29,19,2,7.4,47.9,15,1,0.9,30.5,31.9,67.1
9,2,3,8.4,59.6,11,1,1.35,53.6,43.5,9.8
52,22,3,4.9,43.3,16,1,1.4,91.8,43.6,56.5
38,20,2,10.0,83.3,12,5,1.1,105.3,47.1,125.4
50,33,2,5.4,79.2,8,5,1.05,36.4,43.6,101.0
6,1,4,6.7,80.6,15,3,1.0,35.1,55.8,1.5
19,14,4,7.5,48.0,16,4,1.4,42.7,47.9,38.9
44,9,6,6.5,49.7,12,1,1.0,73.6,27.8,15.0
57,34,5,6.3,93.0,12,0,0.9,37.0,10.8,51.3
11,9,5,10.1,85.2,13,4,1.25,107.7,43.8,30.5
2,1,4,10.7,100.0,16,4,0.9,117.5,59.6,10.6
47,5,3,10.3,62.3,12,5,1.35,83.1,27.0,27.7
44,25,2,9.3,73.8,9,5,0.9,116.6,29.4,105.1
44,8,3,11.7,89.1,10,4,0.9,38.1,46.3,34.3
9,6,2,7.6,107.9,17,1,1.05,98.7,47.8,29.5
21,16,5,7.5,109.2,10,4,1.4,83.0,55.5,44.2
24,13,3,8.0,109.9,16,5,1.4,35.3,61.7,57.9
34,15,4,10.1,101.2,15,1,1.25,41.6,44.8,50.8
22,1,2,8.9,81.2,13,0,1.35,61.2,30.9,11.1
3,2,3,10.6,30.6,12,5,1.0,96.0,31.2,15.8
12,3,3,8.1,86.0,17,0,0.95,105.3,35.5,15.7
28,6,2,5.8,49.1,9,0,1.35,77.9,54.4,24.4
30,22,3,7.0,34.6,16,5,1.0,88.0,36.0,62.3
26,14,1,9.5,85.8,17,5,1.0,35.3,53.5,124.6
48,36,3,7.3,90.5,15,0,0.9,90.2,23.7,82.2
21,18,3,8.1,82.8,12,4,1.25,74.6,45.4,76.2
28,15,5,8.4,59.2,13,4,0.9,30.6,33.0,32.4
56,41,3,10.7,70.9,16,1,1.25,114.3,48.3,185.3
26,18,3,9.3,104.8,8,0,1.1,64.0,38.9,67.3
33,3,6,9.0,88.4,11,2,1.4,96.4,51.6,12.5
21,10,3,8.2,70.4,12,0,1.05,65.4,36.8,37.2
35,1,3,6.8,77.5,16,3,1.05,112.3,41.7,7.3
52,27,3,8.4,104.2,12,2,1.05,21.2,51.7,100.8
34,27,4,11.3,61.5,12,3,0.95,67.8,40.8,85.9
41,11,3,8.8,38.1,10,2,0.9,7.9,42.7,37.9
51,49,3,7.2,56.1,15,5,1.1,27.7,51.1,133.3
47,5,4,7.4,63.2,14,1,1.0,37.3,41.1,16.5
18,7,2,10.1,51.8,15,4,1.05,59.4,23.0,35.5
58,19,5,7.2,72.3,11,1,1.1,99.3,35.1,43.7
11,9,3,7.7,54.4,15,2,1.05,58.7,18.9,31.4
57,56,3,6.3,38.3,17,0,1.4,69.5,39.0,167.4
23,15,4,7.6,45.0,11,1,1.05,111.3,47.7,42.7
48,35,2,8.7,103.5,8,2,1.4,92.0,43.5,215.1
22,15,5,7.6,80.4,11,0,1.05,10.8,58.7,28.8
17,5,6,8.0,55.1,12,4,1.05,25.3,57.4,15.3
5,4,3,6.3,59.4,17,2,1.4,9.4,45.1,12.5
44,30,5,7.2,69.5,15,3,1.35,12.9,13.3,60.2
11,4,1,11.2,83.9,17,3,0.95,44.0,50.1,42.3
30,5,5,7.8,76.6,13,3,1.05,88.7,32.7,10.7
15,3,3,8.5,104.6,17,0,1.1,33.1,52.6,15.8
27,9,3,6.8,80.1,12,0,1.35,50.1,45.8,35.1
35,26,2,8.1,102.9,10,1,1.0,50.3,49.9,124.4
33,2,3,7.6,30.4,11,0,0.9,72.9,48.0,13.8
20,16,2,9.7,101.2,13,2,1.05,107.7,70.7,96.4
16,9,5,9.6,87.7,13,3,1.35,118.1,48.3,30.2
34,13,5,9.7,43.8,13,4,1.0,74.5,26.6,28.5
2,2,2,8.1,51.0,9,5,0.95,63.1,54.9,14.1
35,27,2,11.1,73.4,15,3,1.35,83.4,36.8,201.3
40,17,5,9.2,40.0,15,2,1.35,81.8,58.1,46.9
56,38,3,5.9,92.8,13,5,1.25,65.3,60.5,111.5
28,4,2,10.3,93.3,11,4,1.25,89.7,49.5,34.2
47,1,3,8.0,54.1,9,1,0.9,61.5,26.7,11.5
39,18,3,9.7,35.6,13,0,1.05,119.6,36.5,70.7
6,3,2,6.4,109.1,13,2,1.05,10.6,58.1,15.8
9,9,4,7.9,50.1,17,5,1.4,56.0,66.0,26.5
20,13,3,9.1,35.4,10,0,0.9,50.7,42.7,44.3
1,1,2,8.4,56.4,9,1,1.1,93.6,38.7,8.0
8,8,5,7.8,107.5,11,4,0.95,26.9,27.8,18.0
55,55,3,4.3,93.4,15,5,1.05,54.9,28.0,90.5
23,13,2,6.9,68.4,12,2,1.4,85.3,44.8,73.5
3,3,2,6.5,54.4,10,4,0.9,74.4,50.4,16.5
4,3,2,5.2,63.9,12,5,0.9,67.7,24.2,13.1
58,44,3,6.9,31.4,16,5,1.35,55.0,52.0,137.2
25,14,2,10.8,87.5,15,2,1.1,91.5,58.5,86.8
47,4,3,9.7,38.0,17,1,1.1,79.3,49.6,15.3
38,33,2,6.7,71.5,14,1,1.0,105.6,61.8,113.3
15,8,4,7.1,75.3,11,1,1.25,89.3,46.3,25.2
21,4,4,7.1,30.1,9,0,0.9,21.1,46.4,9.7
35,10,3,9.1,108.4,16,3,1.35,76.2,46.2,45.0
57,36,4,8.6,54.2,10,4,1.0,10.1,58.3,90.6
53,20,5,6.9,36.2,13,2,1.4,49.5,48.5,49.2
53,41,3,7.1,98.4,14,4,1.4,52.4,35.6,141.6
46,45,3,9.6,42.2,10,3,1.25,103.3,47.1,207.0
52,44,3,10.3,32.0,10,0,1.4,25.7,47.2,243.7
14,11,5,6.7,69.6,10,0,1.25,79.0,39.5,28.6
36,12,2,7.8,40.4,10,3,1.4,27.1,54.3,71.9
12,2,3,8.2,108.6,10,5,0.95,114.1,43.1,13.5
17,12,3,7.7,30.8,14,2,1.4,65.9,50.5,49.1
39,37,4,9.7,34.1,12,3,0.9,86.4,48.1,102.3
9,4,4,7.8,96.7,11,0,1.1,79.4,33.3,16.5
35,25,3,10.9,49.2,13,5,0.9,39.9,30.2,95.5
13,12,2,9.8,102.9,15,0,1.0,108.6,33.4,66.1
15,5,6,7.0,54.9,9,5,0.95,77.1,41.0,15.7
18,11,2,8.1,35.6,10,4,1.1,63.7,61.1,56.6
51,9,2,6.5,30.8,9,2,0.9,65.8,41.4,29.9
33,25,3,7.4,52.6,14,2,1.1,107.4,46.5,72.4
6,3,4,9.3,67.9,9,0,1.1,11.8,52.5,6.2
59,52,4,8.4,30.1,12,3,1.1,49.7,37.7,144.2
27,17,5,11.2,76.5,17,0,1.4,101.8,37.0,59.0
23,14,2,6.2,56.7,16,4,1.1,9.3,54.6,43.3
59,1,3,8.0,61.2,15,3,0.95,78.5,48.8,7.8
27,17,2,7.2,50.9,15,0,1.4,51.4,35.2,92.4
34,25,5,7.5,72.3,10,5,1.05,28.5,37.1,50.4
56,8,3,8.1,48.4,8,5,1.1,75.3,43.0,32.5
46,5,1,7.0,40.8,9,2,1.4,100.6,46.0,46.0
38,5,4,9.4,101.3,14,4,1.1,58.7,56.9,23.0
14,9,3,10.6,61.2,11,0,1.0,21.9,48.4,41.5
36,35,3,4.5,36.2,17,0,0.9,40.2,30.2,52.4
53,19,5,10.1,48.4,12,5,1.05,117.9,32.6,51.4
8,7,2,11.8,54.8,8,5,1.1,17.8,45.7,46.9
35,9,2,8.3,91.6,9,5,1.0,23.5,43.7,40.6
19,18,2,7.1,31.8,16,5,0.95,118.9,31.9,68.2
30,16,3,7.1,68.3,13,1,0.95,106.4,54.6,48.5
14,1,2,7.5,62.6,14,3,0.9,86.3,15.0,7.8
59,2,4,8.6,107.5,12,1,1.25,22.4,46.0,12.9
20,14,2,7.4,44.4,16,2,1.05,32.7,23.4,55.7
49,46,5,7.9,80.2,17,3,1.05,25.7,52.6,81.4
25,1,2,6.6,46.2,12,4,1.1,77.6,38.8,7.4
40,26,2,7.3,73.9,13,3,1.25,50.9,51.0,139.2
24,16,2,7.4,74.4,17,5,0.9,10.5,37.3,52.2
14,10,4,7.9,36.0,16,0,0.9,38.5,57.9,20.6
26,15,3,5.8,66.5,12,0,1.1,104.0,19.6,44.2
38,16,4,7.5,66.9,11,0,1.0,96.5,52.6,41.6
23,14,4,7.7,55.5,12,3,1.1,78.9,34.7,38.4
22,15,5,8.3,52.2,12,0,0.95,14.8,46.5,33.7
48,15,4,10.1,47.9,12,0,1.0,106.5,47.0,47.0
57,19,2,7.8,30.5,8,5,1.35,66.5,25.3,104.0
19,8,4,6.2,30.1,12,1,1.1,61.9,54.0,22.3
46,34,5,8.2,77.2,12,0,0.95,112.4,46.7,67.8
51,2,6,6.9,53.3,8,1,1.0,6.0,43.4,7.8
3,3,2,6.9,43.4,11,2,0.95,68.9,46.6,19.2
42,10,3,7.6,84.8,15,3,0.95,96.0,43.5,26.9
19,3,2,7.2,72.3,11,1,1.4,12.3,52.0,10.6
9,7,2,6.4,103.2,14,5,1.0,46.1,36.3,28.2
28,17,4,7.3,96.5,13,3,1.0,117.4,52.0,41.2
20,8,6,8.7,88.1,12,3,0.9,29.4,48.9,15.5
45,28,3,8.1,40.1,16,4,1.25,66.1,39.9,102.8
7,7,5,6.5,83.3,15,1,1.1,90.8,64.2,23.5
14,4,1,6.7,85.5,12,0,0.9,49.9,47.4,25.5
9,5,1,8.2,91.1,17,5,1.25,51.9,44.3,48.9
59,42,3,6.5,51.1,14,5,0.9,12.3,48.9,85.3
55,29,3,6.7,81.2,16,4,1.05,26.9,40.7,72.1
57,1,5,7.1,79.5,14,1,0.9,106.3,56.4,5.0
19,4,3,6.5,60.8,10,5,1.1,99.1,41.7,19.7
47,32,3,8.2,83.1,17,1,1.05,40.0,51.8,97.4
52,33,3,7.5,36.9,12,2,1.4,48.9,29.2,135.3
14,1,2,10.1,81.5,16,0,0.9,55.6,20.5,10.3
56,26,5,6.3,78.5,16,2,1.1,44.8,46.8,37.7
38,17,3,9.7,46.8,15,3,1.0,80.2,37.4,55.6
53,39,3,8.4,95.5,13,0,1.25,6.5,39.7,157.8
36,23,4,10.2,100.0,14,2,1.35,106.2,13.9,88.0
40,32,3,10.0,46.8,14,2,1.1,39.6,62.4,120.3
17,15,4,7.4,36.1,8,0,1.4,105.3,43.3,47.2
30,13,2,5.9,78.3,15,1,1.35,57.3,58.0,53.4
9,2,2,7.8,68.4,13,3,1.1,94.3,25.3,16.1
33,19,6,5.0,64.2,14,4,1.1,100.0,43.2,26.9
56,24,4,9.0,90.9,17,5,0.95,39.6,46.9,60.7
52,45,3,8.2,107.6,17,4,1.0,78.6,43.6,128.5
25,24,3,7.1,68.2,9,4,1.25,74.9,44.8,74.6
14,11,5,7.3,30.5,14,3,1.35,59.7,25.3,24.9
11,11,2,6.5,77.7,15,0,1.05,59.0,45.8,43.3
53,22,2,8.0,82.3,12,0,1.25,40.1,31.9,130.6
35,15,3,6.5,96.2,8,0,1.4,40.7,34.6,49.9
41,10,2,7.9,46.0,13,4,1.05,68.0,42.2,52.3
59,41,2,8.5,71.9,10,1,1.05,8.7,37.8,213.7
14,11,5,9.0,65.8,12,2,1.25,112.4,38.5,35.1
30,28,1,8.7,83.2,16,4,1.0,79.7,55.5,243.7
41,9,4,7.6,35.1,14,3,1.4,56.0,40.1,23.5
4,4,3,8.7,100.7,15,0,1.0,12.1,37.2,19.9
59,28,3,8.2,70.9,13,2,1.0,77.5,40.5,92.0
4,1,4,8.2,100.2,16,0,1.05,7.0,28.7,13.0
28,17,3,6.5,57.2,10,0,1.1,83.2,44.0,49.4
8,7,2,6.1,82.3,8,0,1.1,13.3,50.7,26.2
2,2,2,8.4,106.5,17,5,1.1,80.5,45.8,18.7
41,10,4,8.7,105.5,11,1,1.05,51.7,42.4,28.5
46,37,2,7.1,105.5,15,2,1.35,81.2,49.2,188.0
22,18,1,9.8,33.4,13,4,0.9,20.9,35.4,179.2
41,38,6,11.3,62.2,14,1,1.0,18.5,42.5,71.4
56,39,6,10.6,34.9,16,5,1.25,33.5,58.8,91.5
55,49,3,7.6,54.8,9,3,1.4,52.3,38.5,178.3
16,6,1,7.4,44.0,14,5,0.9,34.1,49.3,39.1
29,8,4,9.2,79.6,11,3,1.1,14.4,49.6,23.8
49,12,4,9.0,92.5,14,5,1.05,42.4,32.9,33.3
48,14,2,6.3,71.1,15,4,1.35,86.2,50.3,65.7
30,12,2,7.6,93.6,9,2,0.9,72.1,34.7,48.5
12,7,4,9.0,31.0,14,4,1.05,115.8,47.1,22.8
35,10,5,6.7,95.6,15,1,0.9,55.1,34.5,20.0
11,6,4,6.9,44.3,8,2,1.0,43.3,45.4,15.1
46,20,2,7.1,66.9,17,3,1.0,84.8,43.6,73.1
50,15,3,7.4,65.4,12,2,1.05,52.4,43.3,48.7
21,7,3,5.6,99.9,16,2,1.25,76.1,45.3,22.6
21,9,2,9.0,107.3,9,2,1.4,113.8,35.6,61.0
5,2,2,6.9,50.4,13,4,1.4,62.4,28.0,7.0
48,10,2,8.3,35.4,9,0,1.1,62.3,43.0,47.5
20,16,3,8.1,82.0,10,1,1.25,94.1,55.2,68.7
37,28,3,6.5,70.2,13,2,0.95,91.9,49.0,75.0
3,2,4,5.4,75.3,12,2,1.4,64.4,47.4,10.8
44,37,4,8.1,33.7,11,4,1.35,12.4,35.9,115.1
33,3,5,7.3,92.0,14,1,0.9,117.8,44.2,11.4
53,50,4,8.7,48.6,10,1,0.95,48.4,32.0,120.3
9,5,2,9.2,56.8,17,3,0.9,41.4,36.9,28.1
9,4,3,4.9,48.3,14,1,1.4,117.9,46.3,14.6
4,1,3,7.7,105.7,16,1,0.9,105.3,20.2,11.1
35,12,1,9.6,43.5,9,2,1.05,43.0,62.8,119.6
17,4,5,10.2,88.6,12,0,0.9,40.5,26.0,12.9
34,9,1,5.3,49.7,8,2,1.05,87.9,64.7,54.9
24,7,3,9.7,64.0,14,5,1.1,43.4,31.9,25.4
32,10,3,6.5,109.7,9,4,0.9,33.9,31.8,29.1
1,1,3,9.1,38.0,12,1,1.05,117.7,37.2,9.9
8,5,4,7.2,100.5,8,0,1.4,70.1,36.7,13.8
45,28,3,9.1,105.7,8,2,1.0,92.7,34.7,92.5
23,23,2,7.5,85.9,11,5,0.9,87.0,37.6,91.4
47,45,2,5.8,30.8,14,3,0.95,91.9,43.1,130.4
40,40,5,7.1,95.7,14,4,1.4,108.9,31.2,86.9
12,12,2,8.8,100.6,15,5,0.9,62.6,52.1,54.5
54,22,2,7.4,108.5,16,4,1.35,91.6,58.9,116.6
12,8,3,6.4,97.1,11,5,1.25,96.6,18.7,34.3
46,26,2,6.1,65.6,9,4,1.05,113.8,64.3,93.8
47,30,3,6.8,85.1,17,2,1.1,87.0,51.3,76.5
15,1,4,6.8,68.8,17,0,1.35,107.7,45.1,8.5
41,16,4,8.9,58.2,10,0,1.0,15.9,35.1,46.0
19,17,4,7.4,80.1,16,1,1.05,19.5,44.0,34.8
26,25,2,7.6,91.6,15,0,0.9,23.2,52.8,88.4
52,50,3,7.7,80.9,13,3,1.4,21.7,73.3,207.9
29,11,1,8.8,96.1,10,5,1.0,15.1,68.3,105.3
22,18,1,9.0,44.1,17,4,0.9,19.1,23.7,139.9
40,7,3,7.2,59.9,15,2,0.95,119.5,39.5,16.1
21,18,2,7.6,55.0,9,4,1.25,36.3,42.9,87.7
51,26,4,9.0,45.5,11,4,1.4,60.0,58.1,98.2
38,8,4,7.0,65.5,11,3,1.1,99.5,41.0,21.3
20,6,5,7.2,105.8,16,5,0.9,18.6,32.9,15.1
57,30,4,9.0,73.0,15,4,1.4,41.5,42.6,94.1
29,7,1,7.1,52.9,14,4,1.35,23.3,37.4,64.9
51,23,3,8.4,58.3,11,3,0.95,12.2,53.8,70.7
4,4,2,5.6,79.0,14,3,0.9,115.5,70.7,18.1
55,22,3,8.9,58.2,8,0,1.1,103.7,52.9,75.9
7,2,2,7.7,73.1,15,5,1.25,106.1,53.4,10.8
28,11,2,8.6,51.9,15,4,1.05,104.9,56.8,52.3
28,25,3,9.7,57.7,16,5,0.95,22.8,47.5,83.0
4,1,4,7.5,86.5,16,1,1.1,95.3,37.2,13.5
22,9,4,5.7,76.8,8,1,1.35,88.7,38.4,19.7
12,7,3,7.5,37.5,17,1,1.1,111.4,55.2,27.2
45,9,3,9.8,107.9,14,5,1.1,30.2,45.5,36.7
3,1,3,8.3,33.9,8,3,0.95,52.6,30.2,5.3
22,3,4,6.4,36.6,13,4,1.05,38.9,57.7,11.0
44,35,1,7.7,86.1,12,0,1.0,34.7,32.7,309.1
2,1,4,8.7,86.6,9,4,1.4,80.0,28.5,6.1
24,21,3,7.8,31.5,10,1,0.9,23.9,31.5,61.2
34,31,2,7.8,81.4,15,5,1.05,58.5,45.7,132.7
27,20,1,6.9,32.7,9,2,1.25,79.4,53.7,174.3
55,34,2,7.0,106.9,11,5,0.9,20.0,45.1,127.7
41,32,3,8.3,85.7,10,1,1.0,34.6,35.3,104.3
1,1,4,8.7,44.9,14,5,1.25,116.2,32.3,10.8
8,1,3,7.7,42.6,15,5,1.0,96.5,51.3,12.1
23,3,3,7.3,75.6,11,5,0.95,82.8,40.9,10.1
38,15,5,9.1,80.7,13,3,0.9,103.4,46.1,35.6
6,6,2,7.4,96.5,10,4,1.25,6.6,40.3,33.6
22,13,2,8.4,102.3,14,3,1.35,5.7,45.6,71.3
25,21,3,8.8,61.4,15,5,1.05,22.7,46.7,69.8
18,1,4,6.1,97.5,14,0,0.9,62.0,71.1,14.6
17,1,3,8.2,73.4,11,4,1.4,70.5,46.8,9.3
12,12,3,4.0,67.6,17,4,0.95,18.1,37.4,20.7
6,5,6,7.8,85.9,16,4,1.0,13.3,44.1,8.1
26,22,4,8.9,38.3,17,2,1.4,100.3,30.6,72.3
27,2,2,8.5,51.2,15,4,1.35,58.4,30.5,11.5
8,8,4,9.2,95.3,13,2,1.35,119.1,57.0,32.7
19,15,1,8.5,70.3,9,4,1.4,31.4,45.6,172.8
42,14,4,7.2,102.6,17,5,0.9,79.4,55.4,32.9
1,1,2,5.7,37.1,14,1,1.35,97.5,22.5,6.1
57,19,4,8.2,55.1,16,0,0.9,105.4,30.3,40.6
29,11,3,8.7,58.4,16,4,1.1,40.2,45.6,39.5
45,15,5,5.4,63.8,16,3,1.1,27.2,32.1,17.2
49,6,3,8.6,108.9,16,1,1.25,31.0,24.9,31.3
35,9,3,8.1,54.9,13,3,0.9,81.7,29.1,30.9
40,37,2,7.5,71.5,8,3,1.0,65.1,38.1,142.3
14,4,5,8.7,72.9,13,2,0.95,73.9,47.0,16.3
35,34,4,7.6,91.7,12,0,0.9,7.4,62.6,71.4
48,38,2,7.5,71.4,14,3,0.9,50.0,29.4,133.3
45,26,5,6.1,78.5,15,1,1.05,40.7,30.0,39.4
20,18,3,8.6,90.3,8,0,1.4,104.3,24.6,76.7
56,28,4,6.0,38.1,17,1,1.4,94.3,48.9,63.8
49,9,4,7.0,107.1,11,3,1.35,54.4,43.5,30.7
13,11,1,8.7,97.7,11,0,1.1,77.5,30.4,120.6
38,6,6,7.7,61.1,8,4,1.05,10.5,32.0,12.2
49,14,3,10.6,88.3,11,3,1.25,78.3,40.5,74.0
46,28,2,8.9,91.0,14,3,1.25,16.2,41.2,152.0
49,24,5,9.1,98.0,13,5,0.9,87.1,29.5,46.9
8,5,4,9.3,45.1,11,5,1.05,71.0,44.1,19.0
43,13,2,7.6,86.3,9,2,1.0,39.6,25.5,47.9
20,11,2,7.2,32.7,14,1,1.4,47.6,42.6,58.2
33,12,4,6.2,39.2,15,4,1.0,15.4,39.9,26.9
26,19,2,5.8,92.1,16,0,1.05,42.1,46.8,63.1
39,19,5,9.7,95.0,16,3,1.4,116.2,56.5,57.7
21,21,4,7.1,77.4,11,3,1.05,60.9,37.6,47.5
53,27,3,9.3,76.5,10,4,1.05,59.5,42.0,103.7
49,19,3,5.8,90.0,12,3,0.9,77.4,18.2,43.7
42,24,3,7.7,102.5,13,1,0.95,60.7,65.7,77.9
43,26,3,9.9,63.7,15,0,1.25,45.9,19.7,110.4
54,45,4,8.4,39.2,10,4,1.05,21.0,41.0,116.4
41,28,6,8.4,97.1,13,4,0.9,77.5,11.4,50.6
9,8,3,7.1,57.3,12,5,1.4,91.1,32.1,38.6
24,18,3,6.6,40.7,14,2,1.05,111.2,62.8,48.8
37,36,2,7.9,79.2,16,0,1.25,5.3,55.7,177.3
49,42,4,6.3,76.2,14,4,1.0,12.7,53.8,65.2
41,29,4,7.8,67.9,13,3,1.0,108.4,39.7,68.1
17,17,4,9.5,98.8,16,5,1.1,77.6,61.8,48.0
24,4,1,6.1,51.8,17,0,1.35,115.2,45.1,32.8
21,12,5,9.0,31.1,11,1,1.0,54.5,50.3,27.8
51,45,3,9.5,55.9,8,4,1.1,52.9,73.8,159.1
59,59,4,7.6,30.8,15,1,1.25,44.6,55.1,142.7
39,29,4,8.1,73.5,13,4,0.9,21.4,41.2,62.0
55,4,4,7.3,60.3,13,3,0.95,48.5,48.1,8.4
41,10,3,7.5,95.1,12,2,1.05,6.7,58.8,32.8
39,25,3,9.2,93.8,17,3,1.05,63.6,49.5,87.7
13,3,1,9.1,64.8,10,1,1.35,102.4,51.4,36.7
11,2,4,8.6,47.3,13,0,0.9,41.9,57.5,9.9
46,25,2,8.9,63.8,8,5,1.05,15.9,72.4,118.5
19,17,3,8.3,81.3,14,1,1.25,117.0,30.8,65.0
11,6,2,6.2,45.2,13,2,1.05,19.8,50.4,26.2
13,10,4,9.6,91.8,12,4,1.35,65.8,47.5,44.5
46,8,3,6.7,56.4,10,5,1.05,98.1,37.4,31.0
45,35,4,7.8,104.6,15,4,1.25,34.0,34.2,88.6
1,1,4,9.3,70.9,11,1,1.4,101.8,61.8,9.5
40,27,4,5.9,97.8,16,0,1.0,69.1,29.7,44.9
44,25,2,8.9,79.3,16,4,1.0,43.2,25.1,117.6
19,18,4,6.2,74.4,12,4,1.0,104.6,35.2,38.9
12,6,3,8.9,84.6,14,5,1.1,76.5,20.6,24.8
8,1,1,9.8,94.9,13,2,1.0,75.8,31.8,9.3
8,5,2,6.9,81.6,13,5,1.05,63.0,29.4,24.7
53,48,2,6.7,93.8,11,2,1.05,36.6,43.0,201.7
45,39,2,8.1,45.2,17,0,1.4,40.1,59.3,225.6
12,3,3,6.7,52.2,15,4,0.9,15.1,34.9,13.0
48,4,1,4.7,48.4,17,3,0.95,33.0,52.4,19.4
33,15,3,8.0,93.9,10,1,1.35,36.9,51.0,59.9
45,8,2,8.5,36.9,12,5,0.9,11.8,15.4,37.3
26,6,2,7.5,93.7,8,4,0.95,17.7,35.4,21.2
39,19,5,8.2,61.1,8,1,1.05,36.1,37.5,36.5
28,24,3,9.6,36.4,16,5,0.95,82.9,46.6,77.5
58,47,2,7.5,64.0,11,4,1.1,26.2,48.8,223.1
5,2,3,7.7,54.0,16,2,1.4,65.0,46.0,12.7
8,7,2,8.0,77.4,14,0,1.25,63.4,31.3,35.1
25,10,2,7.5,67.8,17,3,1.05,100.9,34.4,45.5
27,6,1,7.5,53.7,15,5,0.9,75.1,24.0,41.2
46,14,6,10.6,99.0,16,2,1.35,110.5,42.8,48.1
23,17,4,8.2,62.5,8,0,1.4,77.2,37.6,49.7
30,9,4,7.6,67.7,14,2,1.35,7.9,48.4,24.7
45,19,6,10.1,97.7,15,5,0.95,48.9,50.4,39.2
47,30,5,9.6,37.1,9,1,1.35,85.4,38.0,82.4
23,5,4,8.9,61.2,17,4,1.25,59.6,45.4,17.1
49,31,4,7.1,62.2,16,2,1.35,53.2,39.4,82.2
47,7,3,12.1,69.7,8,5,1.1,82.2,28.6,36.7
20,19,2,5.7,38.5,10,0,1.05,37.9,32.4,66.0
18,7,3,5.3,38.2,16,4,1.0,109.5,14.8,15.4
18,2,3,8.6,63.3,8,5,1.05,52.5,37.3,11.6
2,1,6,7.5,32.6,11,1,1.4,77.6,34.9,8.7
4,3,3,4.3,50.4,17,1,1.05,118.0,28.9,13.0
30,16,4,7.8,46.1,13,3,0.9,95.3,51.8,38.1
33,6,3,8.1,69.2,13,4,1.1,66.1,48.3,26.8
36,36,2,7.7,30.9,11,1,1.05,103.8,48.6,176.1
18,11,3,8.5,84.1,17,2,1.4,69.5,50.3,50.9
37,5,3,7.3,98.4,17,1,1.1,55.8,42.0,18.0
19,17,3,7.8,86.5,17,1,1.25,105.4,41.9,66.6
47,7,3,10.0,95.4,17,1,1.4,8.1,52.0,34.9
28,27,2,9.4,81.5,8,3,1.05,51.9,50.0,132.4
40,15,3,7.7,70.6,12,5,1.05,44.4,54.3,51.3
20,14,3,8.8,47.5,12,0,1.0,87.1,41.5,52.6
49,13,3,9.3,52.4,10,5,1.25,6.4,30.2,56.9
33,11,3,6.6,55.4,10,1,1.0,81.0,44.8,32.7
12,12,2,8.5,33.0,11,0,1.1,44.8,35.1,67.7
58,45,2,8.2,103.0,10,4,1.35,16.3,49.8,291.4
51,26,3,9.0,102.0,10,0,1.0,117.7,45.5,96.3
15,6,3,6.6,38.6,10,4,1.25,29.4,42.6,20.6
41,28,3,7.9,74.5,14,3,1.25,45.1,37.3,94.9
39,24,5,6.9,67.4,16,4,1.25,28.8,54.0,45.2
2,1,2,8.5,84.7,8,4,1.05,81.1,53.1,10.2
29,9,1,6.8,78.2,15,2,1.1,95.0,35.3,70.7
41,4,3,7.2,39.9,17,3,0.9,104.0,27.3,14.3
10,1,3,8.2,82.8,8,1,1.1,40.8,44.2,9.5
2,2,3,6.6,78.7,16,3,1.25,65.3,56.2,11.4
51,18,4,5.6,72.5,15,2,1.1,81.3,26.9,34.3
11,11,4,9.6,62.2,13,4,1.35,77.4,47.6,49.6
13,1,2,7.0,106.4,13,5,1.4,87.3,32.1,13.0
10,7,5,5.9,98.0,17,3,1.35,93.5,29.8,19.4
14,12,2,6.3,76.8,14,2,1.35,16.2,53.2,54.3
18,10,3,7.9,30.5,15,5,1.4,24.4,49.8,35.7
51,9,4,10.4,64.6,14,1,0.9,89.4,40.2,26.2
54,31,4,7.8,86.0,8,4,1.35,59.8,51.5,86.9
9,9,2,8.9,39.4,17,3,1.1,54.1,50.2,48.1
57,3,3,7.4,62.5,11,3,1.35,57.4,24.2,15.6
39,14,3,8.3,45.3,11,5,1.35,47.8,43.0,59.5
28,26,2,7.7,57.1,16,4,1.05,73.0,59.0,106.5
3,1,1,8.9,32.1,16,3,1.35,42.2,47.7,5.7
20,15,3,6.3,40.1,10,4,1.1,78.2,10.6,45.7
6,2,3,8.1,66.4,16,2,1.4,28.3,29.2,6.6
27,24,4,8.2,101.9,12,4,1.25,92.1,53.9,82.7
53,14,2,8.6,69.2,13,1,1.0,94.9,35.3,73.2
2,2,4,6.0,66.2,14,4,1.25,71.5,55.5,10.3
29,16,2,7.3,93.0,10,5,0.9,47.5,66.6,63.9
38,7,5,8.9,51.4,11,3,1.0,6.7,39.1,12.3
3,2,3,8.3,37.6,12,5,1.25,19.0,34.6,9.6
16,8,3,10.6,46.8,8,4,1.1,14.2,29.9,34.0
30,27,5,7.2,93.3,15,4,1.05,6.2,51.1,43.3
40,37,2,5.0,84.2,14,4,1.35,88.1,34.8,132.7
2,2,2,7.3,37.3,9,1,0.95,114.9,37.2,11.9
17,7,3,4.0,83.4,14,5,0.95,6.3,28.7,12.9
41,15,2,9.1,104.5,16,1,1.1,18.0,36.8,78.4
12,10,3,8.0,33.6,12,3,1.4,104.0,33.5,47.9
35,1,2,8.6,79.3,13,5,1.1,84.2,18.2,10.2
43,4,5,8.8,60.3,12,3,1.1,51.5,31.9,11.1
1,1,3,9.6,70.1,8,4,0.9,119.2,51.0,10.2
55,29,1,4.1,72.3,13,0,1.35,71.0,58.2,189.1
45,1,4,4.9,91.7,14,5,1.05,82.0,40.7,13.9
15,11,3,6.9,74.6,12,2,1.0,80.1,42.4,34.4
26,18,3,7.5,77.4,10,4,1.25,30.6,45.4,62.4
37,22,3,8.3,56.6,13,2,1.25,61.1,65.6,86.5
21,11,3,8.2,40.1,14,1,0.9,29.9,29.9,28.5
49,10,3,8.3,84.6,17,3,1.0,63.6,26.9,35.5
31,27,3,5.7,30.0,17,0,1.35,8.5,41.4,75.7
25,17,2,6.8,56.3,16,3,1.1,48.9,46.7,65.9
23,4,6,7.5,47.4,14,1,0.95,47.8,41.6,10.7
24,24,4,7.8,61.1,10,4,0.95,38.5,25.6,49.0
57,47,2,7.2,54.9,8,1,1.05,14.1,52.6,181.6
38,26,4,8.4,86.3,14,0,1.35,93.7,40.3,79.2
28,16,3,6.3,50.8,15,4,0.9,53.4,48.7,34.9
21,21,2,7.3,74.9,8,5,1.1,98.6,60.6,85.9
54,13,2,8.8,66.5,12,4,1.25,101.1,24.4,83.0
43,9,1,8.3,94.1,15,0,0.9,29.6,21.4,63.6
18,11,4,7.4,64.2,17,3,1.05,53.5,48.8,24.6
36,11,3,7.5,99.1,14,4,0.9,87.9,17.6,29.6
35,6,3,7.3,30.0,9,3,0.95,62.4,37.2,16.5
45,1,2,7.5,78.4,11,2,0.9,103.3,35.1,5.5
55,54,3,7.2,30.8,13,0,1.35,70.7,46.3,207.8
9,6,3,7.5,87.1,14,2,0.95,77.4,34.0,16.8
53,13,4,8.4,48.8,14,4,1.25,95.5,47.9,39.8
38,22,6,8.4,60.4,10,0,1.05,19.1,29.2,38.2
58,56,3,6.0,60.4,15,4,1.25,72.2,27.1,143.3
30,22,3,10.7,97.7,14,0,1.4,14.8,42.2,108.9
44,37,3,7.2,38.2,11,3,0.95,35.0,43.3,103.1
34,27,4,8.7,83.4,17,1,0.95,29.4,45.5,59.4
32,18,2,6.4,108.5,11,5,1.05,70.2,59.8,76.0
3,2,3,10.2,31.8,11,1,1.25,102.0,57.4,10.7
3,3,4,8.8,107.3,12,0,1.05,20.3,47.4,11.8
28,26,1,8.6,31.5,9,2,1.25,93.4,51.7,274.3
44,5,2,7.7,97.3,16,0,1.1,21.5,45.1,20.8
15,10,3,5.2,106.9,13,3,0.95,26.8,56.2,26.3
41,36,2,10.5,109.4,15,5,0.95,110.4,46.4,186.0
23,2,3,9.3,66.7,8,2,0.95,6.1,35.4,4.5
40,7,3,7.5,99.4,13,0,1.25,27.7,33.0,33.1
11,10,3,8.7,39.8,13,5,1.05,29.8,55.8,37.1
48,48,2,6.0,64.0,15,5,1.0,37.4,39.8,147.9
32,10,5,5.1,54.6,8,0,1.1,46.8,65.0,20.3
58,50,1,8.0,61.6,12,4,1.05,16.9,28.7,476.6
59,17,4,6.8,86.2,10,3,1.05,58.9,57.0,39.0
57,30,2,7.3,37.0,13,3,1.05,50.9,36.9,130.6
54,21,3,7.9,109.9,16,1,1.4,76.9,46.9,86.9
36,13,2,6.2,80.8,17,4,1.0,104.8,26.4,47.2
33,1,2,7.9,99.9,10,2,1.4,39.2,19.9,3.1
24,1,2,6.3,96.4,16,5,0.9,67.8,59.8,11.4
39,33,3,9.5,91.3,16,1,1.35,47.7,36.7,145.2
34,25,3,7.8,33.1,8,3,0.9,9.6,53.8,60.9
56,26,2,8.8,71.3,9,0,0.9,99.4,34.1,104.1
28,13,6,5.3,56.3,11,4,0.95,77.9,53.8,21.5
37,28,2,8.9,39.0,14,3,1.35,5.2,36.9,169.4
7,1,3,10.2,57.4,9,3,1.25,33.7,27.5,5.4
4,1,2,8.2,81.6,14,4,1.35,40.5,49.8,5.9
37,30,3,8.8,48.5,12,3,1.25,98.3,53.3,130.4
56,49,4,7.6,65.6,17,1,0.95,92.5,49.7,94.3
1,1,3,8.6,62.4,14,4,1.1,50.6,40.3,6.7
1,1,2,10.4,34.2,16,3,1.0,23.1,21.0,8.3
47,8,2,11.4,80.2,16,3,1.35,49.4,29.2,60.6
20,17,4,8.5,79.5,10,4,1.0,98.2,33.6,48.0
19,15,2,6.5,107.3,10,0,1.05,57.0,38.9,71.4
29,24,3,8.9,53.8,14,2,0.9,18.3,55.6,70.6
10,1,2,6.1,63.5,12,4,0.9,9.4,40.6,1.6
18,12,2,7.1,62.3,12,0,1.05,43.3,16.7,58.1
28,5,2,7.2,103.6,12,5,1.25,22.1,10.9,33.3
35,24,5,11.1,62.7,16,3,1.4,90.7,33.7,83.1
43,6,4,10.1,65.4,11,1,1.05,37.1,35.8,20.3
47,25,3,9.8,50.2,13,5,0.95,105.9,46.3,94.9
31,1,2,9.2,30.1,13,3,1.35,76.0,24.6,6.8
27,25,3,6.6,38.8,14,3,1.0,50.3,25.4,60.5
11,1,3,8.4,86.3,9,5,1.0,75.2,47.4,12.2
49,32,3,10.8,84.6,13,0,1.4,38.9,58.0,185.9
49,42,2,8.7,55.8,16,4,1.0,21.3,18.4,179.0
38,3,6,9.5,67.8,10,2,1.0,115.9,32.8,11.3
5,1,3,5.6,53.8,9,2,1.35,69.8,55.3,6.0
8,3,5,9.1,88.5,15,4,0.95,5.8,53.2,11.4
34,29,1,6.4,97.4,8,4,1.25,40.7,30.9,231.2
48,2,2,7.7,101.9,15,1,1.0,23.3,55.9,11.5
52,9,2,10.1,43.9,12,4,0.9,34.7,42.5,47.5
56,56,4,8.5,85.6,16,1,0.9,11.4,49.9,114.0
12,1,3,9.2,107.0,16,4,1.1,33.2,33.6,13.0
38,36,4,7.7,82.0,11,1,1.25,83.5,45.5,106.5
1,1,4,5.1,58.1,8,4,1.25,99.4,28.0,8.9
31,29,4,6.6,80.9,12,4,0.95,45.0,35.4,57.9
4,1,4,9.0,85.1,14,2,0.95,65.1,38.4,7.7
49,49,4,8.5,61.8,16,3,0.95,9.8,43.7,106.3
45,12,4,10.5,38.3,17,3,0.9,15.4,70.9,27.8
50,20,3,8.2,78.5,16,1,1.25,68.5,72.7,65.6
5,2,4,6.7,94.2,16,0,0.95,101.7,37.3,12.1
30,3,5,8.0,109.8,13,5,1.35,15.1,59.8,18.4
56,43,3,9.5,47.8,9,2,1.25,53.1,28.7,173.8
24,18,5,5.4,86.0,12,4,1.1,116.6,46.8,26.7
59,4,1,8.5,32.2,10,2,0.95,90.0,33.8,37.9
3,1,3,6.1,107.6,13,0,1.4,27.7,36.6,7.8
11,2,2,8.2,31.0,12,2,1.05,37.8,73.9,8.4
45,37,2,9.1,58.7,17,0,1.0,114.0,37.4,169.7
4,2,4,8.8,36.1,8,5,1.1,30.4,34.2,4.6
26,10,5,10.0,79.7,17,0,1.35,55.7,30.0,32.1
27,15,4,8.4,57.2,17,0,1.4,45.9,32.8,46.3
46,33,6,8.8,88.6,9,0,1.0,61.4,24.9,50.9
54,16,2,8.8,68.9,12,0,0.9,32.2,44.7,80.7
43,11,2,6.5,63.6,13,4,1.4,81.9,44.5,59.3
27,23,3,7.8,57.9,8,2,0.95,32.0,46.1,60.8
42,20,4,4.3,36.9,14,3,0.95,74.2,41.9,31.1
51,38,1,8.6,46.4,10,3,0.95,46.1,35.2,354.9
50,24,6,4.0,81.1,8,4,1.0,33.9,34.1,26.5
6,5,3,9.3,69.7,14,1,1.1,84.9,43.9,19.9
59,54,6,10.5,35.6,14,5,1.0,116.0,41.4,103.8
15,14,3,8.7,73.5,17,0,1.25,105.0,34.4,57.0
53,34,3,9.0,34.3,10,2,1.05,15.0,38.6,126.7
30,1,4,9.8,70.9,13,0,0.95,57.3,60.5,9.4
42,24,4,7.3,107.2,11,0,1.0,84.9,65.6,59.0
37,24,2,6.1,54.6,11,3,0.9,69.7,39.4,87.2
58,9,5,7.9,87.9,16,0,1.1,88.5,33.2,16.3
37,22,5,6.9,89.6,14,2,1.35,117.1,41.5,45.3
42,12,1,8.1,62.4,13,2,1.4,44.4,55.6,152.3
37,17,2,8.4,77.5,16,3,0.95,93.7,41.5,72.6
35,25,3,7.3,67.8,10,4,0.95,15.8,46.3,69.1
23,15,3,6.9,52.7,11,3,1.0,105.0,34.1,47.4
6,6,4,4.8,90.4,16,3,1.1,94.5,28.0,12.8
4,3,2,7.7,86.2,11,0,0.9,64.9,51.1,17.7
18,10,3,7.3,102.0,14,1,1.35,99.4,44.3,40.7
9,9,3,7.5,79.5,16,5,1.05,81.7,49.9,32.3
49,45,2,9.1,61.1,11,4,1.4,68.5,21.5,329.1
29,3,3,10.9,87.1,16,4,1.35,113.8,64.0,19.6
13,5,2,7.5,79.5,14,4,1.0,20.0,45.0,22.0
59,46,2,8.6,79.3,11,0,0.9,119.2,20.3,210.7
47,21,3,8.4,98.0,10,3,1.25,22.8,53.8,88.1
52,10,6,9.7,102.8,13,5,1.1,60.2,37.5,28.3
17,16,2,6.6,44.4,10,0,1.1,31.6,42.4,67.3
45,7,3,6.6,55.1,14,2,1.0,36.3,36.3,20.9
32,4,2,6.8,82.0,8,1,0.9,77.7,40.8,12.2
48,27,2,4.6,74.6,14,1,1.4,9.0,41.4,88.6
22,20,3,7.9,82.2,10,5,0.95,113.2,22.0,64.4
4,3,4,6.4,64.6,16,0,1.4,37.2,52.4,15.7
5,1,1,8.4,63.0,13,3,1.4,36.3,43.4,4.9
37,31,6,4.4,39.4,14,4,1.4,104.3,47.4,39.7
41,11,1,7.9,79.9,16,5,1.0,93.0,51.8,87.7
49,48,5,7.6,44.1,13,5,1.0,82.2,43.5,87.5
13,4,5,7.2,83.7,17,2,1.35,21.8,46.0,11.4
34,17,3,9.5,107.4,9,2,1.1,93.5,24.4,64.9
45,45,2,6.8,50.5,13,5,1.35,46.5,32.0,241.4
22,11,3,8.5,41.4,13,1,0.9,119.3,43.0,39.3
53,30,3,7.1,31.9,9,5,1.25,82.2,44.2,94.3
59,35,5,10.5,60.3,14,3,1.0,101.1,46.8,78.1
23,9,3,7.8,47.2,16,4,1.35,89.4,58.9,39.7
51,38,3,9.0,69.3,17,1,0.95,73.3,40.9,110.7
3,2,4,8.9,71.9,11,3,1.4,87.4,46.4,11.8
42,27,6,9.7,57.9,12,4,1.25,73.7,42.7,65.4
34,4,3,8.2,90.0,13,0,1.35,10.9,39.0,16.8
32,16,5,6.0,102.4,8,3,1.1,44.7,39.5,33.0
45,16,3,8.7,46.9,15,5,1.4,41.4,32.6,68.6
51,21,4,8.4,96.9,16,5,0.95,87.1,40.6,47.5
58,26,4,4.0,40.5,8,2,1.05,71.3,39.4,32.6
49,36,4,5.5,48.3,11,3,0.95,75.2,40.2,59.4
21,19,3,9.1,74.9,13,3,0.9,102.4,21.1,62.5
46,17,3,10.1,54.5,17,5,1.25,65.4,40.8,75.8
44,26,3,7.9,33.3,8,5,0.95,30.1,31.5,74.0
21,1,3,9.2,53.6,10,3,1.1,6.4,41.3,2.2
44,44,3,8.2,102.4,14,4,1.35,23.3,28.9,171.6
11,4,4,8.1,43.9,15,4,0.95,8.5,42.6,9.8
39,37,3,7.8,91.1,15,0,1.0,32.3,38.4,100.8
4,2,2,8.1,87.8,12,0,0.9,78.0,34.5,12.7
51,17,4,8.6,38.5,8,4,1.4,22.4,45.5,49.5
1,1,5,7.4,56.4,8,4,1.25,14.4,46.5,6.1
28,8,3,9.9,45.1,15,1,1.1,116.6,41.4,27.8
24,6,2,6.5,31.9,12,3,0.95,119.6,48.8,26.9
35,21,5,10.6,43.8,16,3,1.25,78.3,37.0,61.0
13,13,5,7.7,46.1,8,2,0.9,17.5,46.8,18.0
47,9,2,7.9,43.3,9,4,1.35,99.5,41.5,51.2
34,13,2,7.1,37.3,11,4,1.0,67.0,30.0,55.6
11,11,3,8.6,72.1,17,0,1.0,25.9,32.4,34.3
36,16,4,7.4,55.8,14,5,1.35,71.2,56.0,45.0
51,16,2,7.3,102.7,11,0,1.05,9.5,60.9,71.9
17,2,3,8.9,45.0,15,5,0.9,116.8,50.6,11.4
35,8,3,9.7,78.2,14,3,1.4,100.0,35.0,42.3
18,11,5,6.4,102.0,12,3,0.95,35.0,59.1,22.9
40,13,3,9.2,33.8,14,5,1.25,53.2,49.4,53.3
22,17,3,9.9,71.3,15,4,1.4,50.5,46.0,82.4
57,39,6,5.4,66.1,10,3,0.95,104.1,64.1,51.1
24,24,2,6.7,104.3,10,4,1.1,45.8,31.7,107.9
58,3,2,9.8,83.1,9,2,1.4,10.5,51.3,13.9
19,13,4,8.6,57.9,11,2,1.05,29.7,32.2,34.9
37,19,2,10.6,86.9,11,1,0.9,29.8,34.7,106.1
39,7,4,7.7,76.6,11,0,1.05,114.2,73.2,26.3
21,9,2,7.2,57.8,9,1,1.0,111.3,48.0,35.0
8,3,2,10.0,92.8,14,2,1.05,39.6,64.2,17.8
28,13,5,6.7,83.5,17,3,0.9,5.3,48.5,17.9
5,2,3,7.6,30.4,10,0,0.9,64.5,46.8,8.2
17,2,4,8.8,99.2,17,0,1.25,96.7,34.5,17.2
37,11,2,9.0,61.8,8,1,0.9,35.9,53.7,49.8
36,31,2,6.8,81.6,9,0,1.1,55.5,42.3,120.4
54,33,4,8.4,61.7,12,2,1.25,24.9,43.0,101.3
19,14,3,7.6,100.5,16,3,0.95,42.7,38.9,43.0
27,16,3,5.5,82.1,11,1,1.25,92.3,40.8,48.8
53,11,1,7.3,76.4,13,3,1.4,54.3,42.3,123.8
34,33,3,5.5,108.4,10,5,0.95,56.4,43.5,79.0
11,7,4,7.0,52.5,16,1,1.05,95.8,41.4,20.2
54,31,4,6.2,35.2,9,5,0.9,92.7,23.3,45.9
45,14,4,9.2,71.3,15,4,1.4,26.5,48.5,45.2
47,28,4,8.5,63.9,10,0,1.4,52.8,40.5,95.7
12,5,3,10.3,66.3,15,4,1.05,102.6,10.0,25.4
54,43,3,6.6,79.6,10,5,0.95,57.5,22.9,106.8
21,16,4,8.2,79.2,11,0,1.25,81.1,36.3,53.6
54,19,2,6.3,61.4,15,4,1.4,40.2,57.3,92.1
11,1,2,7.1,99.0,17,3,1.4,11.8,49.3,8.8
39,26,5,7.4,82.1,11,2,1.25,24.0,33.8,57.9
28,6,1,11.0,101.2,16,1,1.25,51.2,39.7,76.6
5,3,2,8.5,103.1,16,0,1.0,45.6,55.3,18.0
17,17,3,7.8,43.4,13,1,0.9,108.0,34.6,49.0
56,9,4,9.6,84.4,8,2,1.0,67.7,29.0,24.0
20,18,3,9.0,55.4,16,4,1.05,77.1,52.6,59.4
41,17,3,7.9,96.9,16,3,0.95,84.2,55.4,51.2
46,31,6,9.0,88.6,14,5,1.35,66.1,34.7,67.1
58,12,4,7.5,45.9,16,1,1.25,93.5,47.9,33.5
12,7,4,12.5,105.1,15,5,1.1,95.1,41.5,33.8
6,6,1,9.8,84.7,16,4,1.4,45.4,34.9,77.5
17,5,2,7.4,105.9,16,5,1.4,14.8,56.0,24.8
51,43,3,9.1,46.2,14,0,1.25,118.4,34.0,164.2
19,4,2,8.8,99.6,13,1,1.4,78.9,51.1,30.6
26,4,2,8.4,83.4,9,1,1.0,86.5,42.8,17.9
48,3,2,8.8,74.2,14,0,1.4,92.0,39.9,22.6
44,24,3,6.8,95.6,8,2,1.1,75.5,35.3,65.2
44,17,4,7.3,80.6,13,4,0.95,59.2,30.2,44.0
52,39,4,10.5,83.6,13,5,0.9,118.2,39.0,110.5
32,26,1,8.3,50.3,14,5,1.05,88.7,35.9,226.9
6,4,3,6.9,95.4,9,1,1.05,102.3,43.1,15.3
55,55,2,7.8,82.0,11,4,0.95,55.6,27.6,238.3
58,45,3,7.2,97.6,9,5,1.05,109.0,40.2,122.5
36,12,3,9.3,58.1,11,3,1.35,89.2,46.9,63.5
38,1,3,7.2,56.5,10,4,1.0,90.8,33.9,7.8
11,5,5,8.1,31.9,9,4,0.9,15.0,50.9,14.0
33,19,4,7.0,91.5,9,5,0.9,76.0,52.2,37.3
24,21,3,11.3,56.4,10,0,1.1,43.5,27.5,100.6
23,20,5,8.9,56.2,17,5,1.05,81.9,32.9,42.0
15,2,4,8.9,85.1,11,4,1.1,70.3,25.9,12.3
27,11,4,9.0,50.2,14,5,1.1,17.8,47.1,33.3
11,4,3,7.4,102.7,11,5,1.1,65.9,43.5,17.3
57,3,3,10.3,73.0,14,2,1.05,56.9,22.8,16.4
51,49,4,7.9,107.6,11,4,1.0,94.3,34.2,117.9
50,44,1,10.7,36.1,10,3,1.35,62.8,45.7,717.5
17,10,4,7.5,56.9,15,5,1.1,60.3,43.4,27.2
51,40,5,9.1,60.5,10,4,1.0,87.7,56.5,87.3
53,15,4,8.3,88.4,15,5,1.4,81.9,28.2,52.0
14,5,1,8.4,47.0,9,0,0.95,119.1,41.9,42.1
27,4,3,5.5,60.0,10,3,0.9,45.5,30.0,9.6
18,4,4,6.5,102.9,11,0,1.05,84.2,43.3,18.8
28,15,6,10.3,39.2,10,5,1.4,24.2,39.8,41.1
51,17,3,6.1,89.6,13,2,1.35,97.5,45.3,58.5
47,44,4,9.3,86.2,16,2,0.95,95.4,37.1,105.8
47,3,5,11.9,40.4,17,0,1.4,88.5,51.1,16.5
4,2,2,8.8,85.1,15,2,1.25,18.7,33.4,10.7
7,7,4,11.2,75.6,11,5,1.05,118.6,29.8,28.0
45,42,3,9.0,53.0,9,0,1.4,113.4,44.7,178.6
35,23,3,8.4,54.9,17,1,1.4,47.6,64.2,93.6
48,18,3,8.6,96.6,8,4,1.25,71.4,23.7,72.0
9,1,4,7.7,48.5,11,1,1.05,107.2,28.3,13.6
8,3,4,7.7,71.0,12,2,1.35,61.9,44.8,12.3
52,31,3,7.2,84.5,9,0,1.4,73.9,55.5,110.9
45,44,5,8.6,40.4,10,0,1.25,74.4,45.7,116.4
17,1,4,11.3,104.6,11,5,0.95,79.7,34.7,10.4
17,3,4,10.1,50.9,10,0,1.35,71.2,47.0,17.4
49,3,3,8.3,55.5,15,0,1.0,51.7,48.2,10.6
33,19,1,8.9,83.3,9,4,0.95,67.0,33.8,160.8
32,29,3,7.9,36.3,16,3,0.9,105.2,51.9,74.0
8,1,5,10.1,80.2,13,1,1.1,104.4,41.6,9.5
19,1,2,5.6,103.3,8,2,1.4,93.8,21.0,12.8
38,36,6,10.9,49.9,15,0,1.35,52.6,40.4,91.7
3,1,4,7.2,59.0,17,1,1.0,95.4,35.2,8.2
59,29,4,7.4,48.6,13,3,0.9,49.6,57.7,60.5
5,2,4,6.2,95.5,11,1,1.35,81.4,26.1,9.0
13,10,3,8.2,43.4,13,2,1.35,70.3,36.2,45.1
47,4,4,7.0,57.7,9,0,1.35,39.5,45.1,12.3
46,14,3,9.7,78.1,8,2,1.0,57.1,71.0,46.7
31,18,4,9.0,62.4,13,0,1.25,100.5,65.5,61.4
55,27,4,7.0,35.2,15,3,1.35,110.0,41.5,68.9
16,1,4,6.7,105.8,12,5,1.0,28.6,46.2,10.2
50,22,4,7.0,57.0,15,2,1.35,57.5,49.2,54.1
32,16,2,6.6,65.7,10,1,1.4,54.9,29.9,89.7
22,3,2,7.6,43.4,13,5,1.4,61.2,42.1,21.2
29,23,4,6.7,99.2,8,3,1.05,117.3,58.3,49.6
22,21,2,9.8,53.3,10,2,1.1,64.7,43.7,127.9
43,41,3,7.3,31.6,11,5,0.95,100.5,65.4,113.4
3,3,3,8.9,55.3,12,0,1.1,81.4,36.7,14.7
54,4,1,8.9,108.7,10,5,1.4,17.3,40.9,50.1
10,5,1,5.2,41.7,15,3,1.0,85.0,41.0,26.0
42,37,4,9.1,32.5,12,0,1.35,79.4,26.4,136.5
21,11,3,5.4,76.3,14,5,1.35,92.2,55.3,31.8
16,15,3,6.7,59.7,12,4,0.95,13.6,38.0,41.4
12,5,5,9.0,93.6,15,1,1.05,32.8,45.1,14.8
2,2,2,8.2,88.6,8,0,0.95,93.5,34.8,14.0
41,41,2,7.5,44.8,10,2,0.95,47.6,62.7,172.4
24,3,4,5.3,75.2,10,4,1.05,109.7,56.8,12.9
35,24,4,9.4,32.6,17,3,1.35,64.5,42.7,83.8
56,11,3,8.7,65.2,17,2,1.35,5.1,27.3,42.4
30,9,6,6.7,87.1,10,3,1.4,85.4,50.9,18.7
57,29,5,6.6,63.2,13,4,1.0,64.0,55.0,46.4
30,15,1,9.5,39.4,16,2,1.4,41.5,30.9,192.1
47,3,2,8.5,34.9,13,0,0.9,7.4,40.3,14.4
35,1,4,6.0,98.3,12,5,1.0,27.9,42.9,7.1
19,19,3,6.9,101.3,8,2,1.25,23.6,55.0,60.9
50,46,2,10.9,57.4,9,1,1.35,72.0,40.2,341.2
8,1,4,9.5,43.1,8,0,1.25,93.5,53.5,8.6
26,22,3,8.0,108.3,13,1,1.35,32.0,32.7,92.1
49,14,3,8.0,73.7,10,2,1.35,85.2,29.3,59.1
40,14,2,4.7,68.1,12,2,1.1,108.5,64.0,51.8
7,4,4,10.0,89.3,13,3,0.9,76.5,26.3,16.4
30,16,3,7.3,43.5,12,2,0.95,94.2,33.0,41.5
7,1,2,6.8,76.4,10,0,1.25,28.5,51.4,6.3
3,1,3,9.1,101.2,9,1,1.35,13.6,35.6,12.1
1,1,3,7.1,31.8,9,5,1.4,47.0,35.3,7.7
36,12,5,5.3,83.8,9,5,1.25,86.5,39.6,22.6
25,23,5,8.6,74.1,17,4,1.4,83.9,16.1,56.5
37,33,2,5.7,106.1,11,1,0.9,114.8,55.4,106.7
1,1,4,7.9,50.7,11,5,0.95,77.4,44.1,3.7
15,1,4,8.5,98.7,10,5,1.05,52.3,32.3,6.3
37,29,4,7.6,54.7,15,3,1.05,96.7,21.4,60.4
13,5,3,7.6,64.4,11,4,1.05,22.6,25.6,22.3
40,6,1,10.3,47.1,15,5,1.35,98.5,22.9,79.8
8,7,4,10.3,99.1,10,5,1.1,47.1,44.7,32.4
5,1,2,6.6,45.6,9,4,0.95,22.7,44.8,2.4
9,1,2,7.1,98.7,15,2,1.05,23.6,49.3,8.4
1,1,3,7.2,66.4,13,5,1.25,118.1,50.8,6.1
36,13,6,8.0,96.8,9,3,1.1,76.7,49.5,24.8
35,10,2,7.9,51.2,14,3,1.05,25.0,60.5,44.3
2,2,3,10.6,40.6,17,2,1.05,35.9,56.3,10.6
40,10,3,7.7,74.4,14,5,0.9,47.8,53.5,28.6
23,9,5,6.5,70.8,11,0,1.0,11.4,44.8,13.3
9,3,3,7.1,58.5,15,2,1.05,17.5,50.6,10.6
34,34,2,8.6,83.0,10,3,0.9,92.6,37.1,155.2
46,28,2,7.6,37.6,16,4,0.9,95.5,39.3,99.1
14,3,3,8.5,79.8,12,0,1.35,118.6,62.7,16.7
4,3,2,7.6,46.9,10,5,0.9,12.8,35.3,8.5
30,13,2,9.1,40.3,16,3,1.0,107.3,34.4,57.6
31,13,4,7.9,102.8,9,3,1.0,41.5,37.7,38.6
38,33,3,6.2,66.8,9,2,0.9,42.7,35.4,66.6
11,2,4,7.5,91.1,10,1,1.0,19.6,36.4,7.0
35,33,2,11.3,37.1,16,3,0.95,118.4,44.9,182.6
8,8,3,9.9,34.6,17,1,1.4,117.8,45.3,38.6
3,1,3,6.3,69.6,10,0,0.9,104.5,52.9,8.7
14,8,2,10.7,55.2,12,4,1.05,15.4,68.3,52.9
13,3,3,8.2,30.4,16,1,1.25,101.8,37.6,12.4
45,7,2,7.3,44.7,17,1,1.4,78.0,41.2,37.2
32,24,4,7.6,47.5,13,1,0.9,19.8,19.9,47.1
34,22,3,8.1,53.1,13,1,0.95,35.1,26.5,70.4
45,45,3,9.6,100.2,8,1,0.95,84.3,40.2,145.2
19,18,2,8.3,63.6,9,0,1.25,97.4,47.6,99.2
59,32,2,8.5,84.4,16,5,0.95,102.5,47.9,135.6
38,7,3,9.8,31.5,15,5,1.35,67.5,49.4,33.5
16,1,3,7.4,95.1,9,3,1.05,66.5,57.1,9.9
2,1,2,8.5,49.2,12,4,1.25,83.7,62.5,9.0
40,28,1,8.7,54.7,12,3,0.95,94.4,39.1,265.4
17,8,3,8.2,33.6,13,0,1.1,24.6,32.4,33.7
55,15,3,8.7,62.8,11,0,0.95,90.1,49.9,50.0
34,4,2,7.0,98.2,16,1,1.35,44.3,53.2,18.3
42,34,3,9.5,60.3,12,0,1.1,49.1,43.6,136.2
16,5,3,7.2,102.7,11,0,1.35,13.9,39.9,24.1
38,33,3,8.7,99.4,16,1,1.25,72.7,36.0,126.9
2,1,3,8.3,35.0,9,0,0.9,15.7,41.5,3.7
2,1,3,7.0,54.4,9,0,0.9,110.0,50.3,7.8
26,6,1,10.4,102.8,10,0,0.9,76.4,34.0,62.9
13,2,2,10.6,32.4,17,2,0.95,118.9,32.4,13.4
56,26,3,6.6,91.3,11,5,0.95,33.2,49.2,65.2
47,1,3,9.2,102.5,17,3,0.9,83.2,31.8,15.2
31,4,3,7.8,91.6,16,2,0.95,115.9,43.8,19.7
34,26,4,7.0,89.5,12,3,1.25,39.3,43.2,71.3
39,33,5,8.6,97.5,9,1,1.05,16.1,42.0,64.5
3,1,2,9.3,83.3,10,1,1.0,77.9,34.3,10.7
8,8,4,8.2,63.8,15,5,0.95,47.1,62.8,20.9
23,20,3,7.5,35.0,13,3,0.95,36.4,46.8,58.5
14,5,2,10.0,93.0,12,3,1.35,119.3,35.8,36.1
56,45,6,10.0,102.4,11,5,1.0,91.7,46.0,96.6
55,55,4,7.0,70.9,11,4,1.05,60.8,64.0,117.9
27,24,6,8.1,72.6,15,3,1.05,10.8,43.1,36.2
54,26,2,5.6,62.3,13,3,1.35,27.0,60.4,115.7
29,23,2,9.3,98.6,12,1,0.95,39.4,28.2,117.7
39,18,3,10.0,31.2,12,1,0.9,61.0,31.8,67.2
53,31,3,8.6,80.0,13,0,1.1,62.2,16.3,118.7
39,12,2,6.4,102.6,10,0,1.25,7.8,65.7,55.8
1,1,5,10.4,38.3,14,1,1.0,113.5,21.6,8.8
17,1,3,11.0,106.7,8,0,1.05,67.4,44.1,8.7
41,9,3,7.4,107.4,12,2,1.25,7.3,62.9,33.4
30,3,3,8.7,104.4,13,2,1.1,85.7,53.7,19.7
53,51,3,9.2,67.0,9,5,1.05,13.2,46.5,168.0
13,10,1,9.2,60.6,9,0,1.25,87.9,57.4,107.6
21,9,6,8.1,86.5,16,0,1.1,85.7,34.0,25.0
19,10,3,10.7,55.5,9,3,1.05,118.3,48.2,41.1
53,51,2,5.7,35.5,10,3,1.1,44.3,40.6,186.1
19,16,5,5.7,102.1,8,2,1.35,21.6,40.4,30.3
57,24,6,8.0,80.8,16,5,1.4,15.6,44.3,47.1
25,18,4,10.6,46.6,8,2,0.95,13.2,56.1,51.4
22,14,5,9.7,31.5,11,3,0.95,98.2,60.8,39.7
31,29,3,5.8,87.9,14,3,1.05,87.6,38.8,60.4
17,3,5,12.3,98.2,9,5,1.1,117.2,28.9,14.6
55,34,1,8.8,62.5,15,3,1.4,40.6,32.2,422.1
23,1,4,6.3,36.5,15,0,1.05,97.4,65.4,7.2
32,18,4,7.9,81.9,10,1,1.05,15.7,59.8,46.5
10,8,1,9.5,53.8,11,2,1.1,108.9,28.9,95.0
10,9,3,9.9,41.5,14,4,1.35,11.0,61.9,42.2
36,13,3,7.9,70.8,12,5,1.1,95.6,33.5,41.2
8,2,4,8.8,68.5,12,3,1.25,40.3,50.0,10.7
54,7,2,7.8,71.3,9,0,1.35,25.8,33.5,41.9
52,48,4,7.9,95.9,13,2,1.35,86.0,68.0,153.7
20,19,2,9.1,68.8,11,3,1.4,108.0,35.2,137.5
32,25,3,10.2,102.0,12,0,1.05,92.9,29.4,106.8
50,47,5,6.3,97.3,12,2,1.0,41.0,36.5,74.7
14,6,3,7.7,82.1,9,2,1.0,45.7,73.5,21.4
50,11,3,7.1,34.5,15,4,0.95,26.8,45.1,35.7
28,1,1,6.5,99.2,8,4,1.25,99.8,29.7,9.9
46,32,4,6.4,102.4,9,2,1.0,17.3,32.5,59.4
52,21,6,8.0,60.0,14,0,1.0,108.9,21.0,31.4
53,39,5,6.4,72.1,14,3,1.1,74.1,48.5,57.0
24,20,4,6.3,52.5,9,5,0.9,72.7,27.0,33.6
15,8,2,7.7,31.2,8,3,0.9,101.3,55.3,33.8
22,10,2,6.5,68.4,17,2,0.95,81.8,51.5,35.7
30,5,2,8.8,40.3,8,3,0.95,40.0,40.8,23.5
4,1,3,7.3,44.7,8,4,1.0,45.2,56.8,6.2
13,9,2,6.2,68.5,13,3,1.25,24.9,53.1,41.5
59,25,2,11.5,99.4,17,1,1.25,58.4,43.9,181.3
23,1,3,4.8,97.6,14,4,1.4,17.7,32.8,3.8
8,2,3,9.3,107.2,9,4,1.25,80.1,47.0,12.4
18,14,4,8.5,68.6,13,2,1.25,24.5,46.9,49.0
12,4,5,7.3,74.2,11,2,1.1,104.4,47.9,11.8
55,42,3,6.6,95.8,16,3,1.1,85.6,42.9,108.7
31,9,4,10.6,86.0,15,3,1.05,107.5,45.9,33.7
14,10,4,11.2,44.6,15,2,1.0,15.0,45.6,29.5
34,29,3,7.6,61.9,9,0,1.05,96.8,58.3,84.5
18,6,1,7.3,104.3,12,3,1.25,106.3,26.7,62.6
56,17,2,9.7,41.7,9,0,0.9,10.1,30.0,78.0
34,25,2,7.6,46.7,10,4,1.25,119.9,42.9,140.8
11,6,4,8.9,62.1,15,5,1.35,39.6,32.9,21.6
41,4,5,8.8,105.2,12,5,0.95,29.3,44.5,15.3
12,4,6,8.1,39.1,11,1,1.25,52.7,28.6,14.9
49,3,1,8.2,83.8,12,0,0.95,6.0,30.5,22.1
15,7,6,8.6,40.6,15,3,1.0,106.9,66.7,9.0
57,51,3,6.4,72.0,17,5,0.9,35.9,39.2,100.9
31,18,4,7.0,72.9,14,2,0.95,65.0,27.9,36.5
49,26,2,8.3,33.4,13,2,1.0,76.7,40.6,125.3
58,56,2,7.3,106.3,9,1,1.25,96.0,54.4,262.6
29,4,3,12.2,94.5,17,1,0.9,33.8,56.5,17.5
26,8,5,8.2,54.2,12,4,1.25,87.5,24.5,28.6
18,17,2,5.4,40.4,17,0,0.95,18.5,32.8,47.8
32,31,2,4.0,57.7,16,1,1.05,86.0,44.7,71.9
22,5,5,9.2,101.5,16,4,1.0,110.7,41.6,15.8
38,33,5,8.2,40.6,16,4,0.95,14.8,22.8,53.2
17,13,1,10.2,57.9,10,4,1.35,18.4,24.7,196.8
23,4,4,7.0,69.5,16,5,1.0,69.1,29.2,14.6
24,22,3,7.8,32.6,16,5,1.1,10.3,20.7,61.0
50,26,3,8.4,51.4,12,3,0.9,26.5,36.5,82.1
8,8,3,7.8,77.7,13,1,1.1,26.9,56.3,26.8
41,24,3,7.6,55.9,14,5,0.95,60.3,34.0,64.0
6,6,3,9.1,99.6,17,2,1.05,33.6,55.0,31.5
5,3,3,6.7,104.9,17,4,1.35,59.7,42.4,16.2
44,37,3,8.8,65.3,17,2,0.9,64.9,39.8,103.0
57,32,4,10.7,72.6,13,3,0.95,89.0,22.0,97.7
29,7,4,10.5,80.5,12,0,1.4,113.8,56.0,34.3
28,1,3,5.3,83.2,8,3,1.35,62.9,43.4,11.0
11,7,2,7.3,35.1,11,3,0.9,45.8,22.8,29.0
57,12,3,8.4,34.3,15,1,1.35,34.8,46.6,47.5
1,1,4,9.9,99.2,15,4,1.35,78.0,34.9,12.9
43,11,3,8.3,47.6,13,3,0.95,113.4,42.7,35.7
19,8,3,9.9,76.7,10,4,1.25,92.9,44.9,41.7
9,9,2,7.0,80.0,15,2,0.9,28.7,56.6,29.5
27,6,3,8.5,43.2,14,0,1.1,107.7,28.5,23.4
34,22,3,8.5,90.9,16,0,1.0,89.6,48.9,65.9
44,34,5,10.0,99.3,10,2,1.0,19.7,57.9,79.9
4,3,4,9.4,52.8,13,1,0.95,87.0,72.2,7.7
36,20,2,9.0,100.2,8,2,0.9,38.3,54.6,85.3
18,14,3,9.3,36.5,15,5,1.4,61.5,46.3,64.3
15,1,4,6.2,94.0,9,2,1.0,39.5,45.3,9.7
51,10,3,7.7,81.2,12,5,1.05,14.7,60.6,29.7
13,4,3,6.5,76.6,13,1,1.0,93.4,38.6,16.0
19,11,4,7.0,48.4,11,1,1.35,100.3,51.6,37.0
49,16,4,7.7,58.9,16,3,1.05,31.7,68.3,37.7
6,3,2,4.6,102.8,10,4,1.05,32.6,40.7,15.7
48,33,3,7.8,67.3,9,0,1.05,54.4,17.8,89.1
56,48,5,6.8,77.6,10,1,1.0,98.3,31.7,81.8
12,3,6,6.4,104.9,12,5,1.4,13.9,45.5,11.8
51,21,4,8.1,67.3,8,1,1.1,98.0,32.0,54.4
37,22,6,7.4,61.1,17,3,0.9,111.1,37.8,35.3
17,9,3,8.5,101.5,11,3,1.05,69.6,38.5,37.3
58,9,3,7.0,102.9,8,4,0.95,11.9,48.7,24.8
23,9,3,7.7,58.4,16,1,1.4,36.0,30.6,35.7
26,17,2,11.7,77.4,10,1,1.35,17.8,35.0,150.5
29,12,3,8.9,107.1,9,3,1.35,34.8,58.9,56.0
33,8,3,6.7,34.4,12,2,0.9,98.4,36.2,25.9
27,16,4,9.9,33.2,8,4,1.25,11.4,50.7,50.3
25,18,4,10.3,71.3,17,1,1.05,37.6,42.2,53.9
56,33,3,8.9,53.3,14,0,0.9,64.4,41.7,92.4
55,1,3,6.8,76.5,16,0,1.05,105.5,50.9,4.8
10,6,2,9.5,87.9,8,5,1.0,33.7,19.7,27.4
47,41,3,7.1,35.5,15,3,1.4,94.5,47.3,135.5
23,23,4,10.0,100.6,15,5,1.05,72.1,48.6,72.4
21,5,2,7.6,52.2,14,0,1.4,82.8,52.2,32.6
21,16,3,7.6,60.5,17,3,1.1,104.1,37.5,52.7
43,18,3,8.8,57.0,11,2,1.25,8.0,42.0,75.0
13,1,4,10.1,97.2,14,3,1.35,65.9,12.6,11.8
37,18,5,11.6,43.7,9,1,1.35,90.9,34.0,63.4
33,1,4,8.0,32.3,13,0,1.1,106.7,44.1,4.8
24,19,3,7.4,107.7,12,1,1.1,20.3,59.6,64.0
44,8,3,6.8,108.5,12,0,1.25,44.3,64.1,35.5
11,3,2,5.8,50.6,15,0,1.0,14.0,37.9,9.4
17,5,2,6.5,30.7,8,3,1.4,101.0,52.5,24.7
4,3,2,8.4,81.7,15,4,0.9,103.6,40.2,17.9
47,40,2,9.6,81.9,11,0,1.25,60.6,22.6,273.9
25,19,2,6.6,105.2,17,0,1.1,7.4,49.3,79.6
30,18,2,9.2,53.9,13,5,0.95,16.8,64.0,94.4
9,2,2,6.7,45.2,13,4,1.35,76.8,37.4,12.5
21,21,3,6.9,79.3,8,1,0.9,118.0,31.1,53.1
20,1,6,6.4,75.1,15,0,1.05,101.5,42.8,8.8
19,15,5,10.0,87.4,11,3,1.25,96.8,40.5,47.4
19,18,1,10.4,100.8,16,4,1.05,53.1,73.3,200.6
12,9,3,6.9,74.8,14,4,1.25,118.3,54.1,32.6
37,16,5,6.8,42.0,11,5,1.0,99.9,43.6,29.5
42,16,2,8.9,77.9,8,0,1.05,43.6,10.0,78.3
17,15,4,10.6,59.9,16,1,1.0,91.1,40.3,49.4
37,7,3,10.4,66.2,17,1,1.4,54.7,64.2,36.4
54,14,5,7.4,106.8,13,2,1.4,81.0,43.0,43.7
48,43,5,7.7,74.4,13,2,0.9,116.6,51.9,75.0
39,25,4,6.2,42.0,8,3,1.4,33.3,46.7,58.9
28,6,4,7.4,65.5,12,5,0.95,96.4,36.2,15.9
41,22,2,8.1,48.3,11,0,1.05,72.9,62.3,109.0
35,16,2,6.0,40.8,8,1,1.05,114.2,44.3,54.7
47,29,3,7.2,87.0,14,2,1.25,20.5,33.5,89.7
48,16,2,8.3,80.3,11,0,0.95,87.8,42.3,79.1
18,12,2,5.7,69.8,10,5,1.25,9.3,59.1,49.0
14,1,3,8.7,63.9,9,0,1.25,33.4,24.2,8.4
35,27,5,9.5,55.8,15,1,1.05,41.9,45.2,57.7
44,25,1,8.9,37.0,12,0,1.25,54.7,42.9,314.2
41,13,2,7.3,53.9,17,4,1.0,116.0,23.5,55.1
7,5,3,9.8,97.1,16,2,1.25,12.8,51.2,22.5
41,12,3,10.1,92.7,12,3,0.95,24.4,45.1,47.8
13,9,2,8.5,107.8,17,2,1.25,28.4,52.5,51.4
18,3,6,8.2,82.5,8,0,1.25,53.8,55.7,12.1
37,35,3,7.1,74.3,17,4,1.1,12.0,41.3,85.8
13,1,3,7.4,53.7,12,2,1.05,116.0,35.3,4.5
36,22,1,9.6,36.1,12,1,1.05,69.4,24.9,252.7
31,18,3,10.8,79.4,15,4,0.9,98.5,34.3,59.1
2,2,4,7.4,69.1,13,5,1.05,93.8,42.1,9.2
16,12,2,7.7,90.7,12,2,0.95,81.0,30.4,58.1
9,9,3,7.0,62.9,15,0,1.35,109.0,49.0,35.9
9,9,1,7.4,108.8,8,1,0.9,108.8,31.2,72.1
38,18,6,6.1,61.8,12,0,0.95,19.7,20.8,24.6
11,2,2,8.6,56.6,10,5,0.95,108.7,35.1,13.0
54,29,5,6.1,99.7,12,0,1.25,65.2,44.2,59.1
56,39,3,7.2,61.6,10,5,1.05,35.8,26.9,114.0
22,4,3,7.9,99.7,11,1,1.25,75.0,31.3,21.0
33,17,4,6.0,32.2,16,4,0.9,37.3,34.4,25.1
36,34,2,6.8,85.4,9,2,1.4,60.1,36.0,168.3
45,3,3,6.3,35.7,17,4,1.1,98.9,45.6,14.8
23,5,3,9.6,41.9,8,5,1.1,8.7,49.7,15.3
45,14,2,10.1,86.0,11,1,1.05,26.1,36.3,83.8
45,3,4,6.8,53.2,15,5,1.4,115.0,29.5,14.3
34,23,1,12.1,46.8,12,2,1.25,56.2,43.6,392.0
9,7,4,6.6,94.1,16,1,0.9,39.9,48.2,14.0
24,18,3,7.4,105.7,17,3,1.35,111.2,61.4,68.9
8,5,2,8.7,48.6,10,3,1.1,109.8,55.8,32.0
7,5,4,8.9,55.4,16,4,1.4,10.1,26.9,18.3
36,23,3,7.5,87.1,8,1,0.95,46.7,40.3,63.6
18,10,3,9.6,95.2,9,2,1.35,110.0,47.5,49.5
3,1,3,9.8,109.9,16,4,1.4,25.7,31.8,7.8
28,13,2,8.0,51.9,16,3,1.0,71.5,37.8,53.0
6,1,5,7.8,74.5,17,3,1.05,41.9,50.1,9.9
44,34,3,7.1,40.7,12,3,1.4,89.7,45.0,137.6
44,37,2,6.4,56.5,17,4,0.95,23.2,42.0,115.8
21,17,4,6.8,33.6,11,2,1.0,73.5,34.2,40.0
28,23,1,8.8,46.9,16,3,1.0,5.0,24.7,197.4
40,36,2,8.0,70.5,17,4,1.05,34.0,38.3,152.7
54,49,3,7.6,43.1,9,4,1.1,23.6,40.9,136.4
54,9,5,7.1,101.2,10,0,1.35,29.1,24.4,27.9
1,1,6,7.2,86.8,15,0,1.35,103.9,42.6,12.8
36,2,4,7.9,32.2,8,5,1.25,110.2,46.7,11.4
21,18,3,7.8,100.1,9,2,1.25,91.8,33.7,65.3
43,22,3,8.0,108.2,12,3,1.4,72.9,46.8,101.4
35,13,3,7.3,70.1,14,0,0.9,31.5,45.3,33.9
13,8,2,7.0,55.2,17,2,1.35,36.6,38.3,42.5
57,1,6,8.0,51.1,16,0,1.35,40.6,37.0,8.0
49,17,2,9.0,37.0,10,3,0.9,94.4,38.0,77.8
54,12,3,7.2,69.3,11,4,1.0,34.1,31.7,41.3
54,4,5,4.4,34.0,17,3,1.35,116.9,46.1,14.2
10,5,4,5.9,70.3,8,0,1.05,96.6,31.9,14.0
53,13,1,9.6,50.2,8,3,1.4,120.0,32.6,168.8
44,31,1,9.5,68.1,8,4,1.4,57.8,48.0,404.8
47,41,3,9.0,63.5,11,1,1.25,72.8,39.1,181.8
53,7,3,8.8,54.4,16,4,0.9,37.2,42.7,17.4
10,7,3,9.5,65.9,15,0,1.1,74.4,21.5,30.0
46,24,3,7.5,67.9,11,4,1.35,117.0,35.7,98.4
13,5,6,8.2,96.7,15,5,1.35,8.5,62.2,13.8
37,5,2,6.8,83.3,14,2,1.05,38.3,20.6,18.1
38,17,3,7.7,64.7,13,3,1.4,37.3,63.0,68.7
24,9,3,10.8,102.4,17,5,0.95,118.0,45.1,44.8
2,2,2,6.8,90.5,9,1,1.4,20.3,35.6,10.7
22,19,2,6.3,36.1,10,1,1.25,98.4,39.5,94.0
17,16,5,7.7,42.3,11,3,1.1,36.6,56.8,38.0
36,21,5,7.4,36.5,14,3,1.1,104.0,14.7,41.2
14,2,2,8.4,55.5,15,2,0.95,61.1,59.0,12.0
10,10,5,9.2,64.9,15,4,0.95,32.9,45.2,24.8
35,16,2,7.4,70.3,11,1,1.1,86.6,54.1,81.6
25,5,3,11.2,98.1,16,0,1.05,101.8,21.0,27.2
3,3,2,9.8,31.4,15,3,1.1,59.1,39.3,20.9
47,13,5,6.9,64.3,12,3,1.35,87.1,14.1,36.5
38,13,2,7.9,62.9,10,5,0.9,25.9,56.4,55.7
17,13,3,8.8,105.8,9,5,1.05,112.8,30.2,47.9
12,8,4,6.8,49.3,16,5,0.95,16.1,30.0,17.6
54,43,2,4.9,39.8,8,1,1.35,30.5,18.8,143.3
52,18,3,10.9,41.4,14,5,1.0,38.2,47.3,67.4
24,24,1,6.3,71.6,14,3,1.35,22.6,42.9,203.5
29,4,4,9.3,61.3,8,1,1.1,51.8,33.0,14.6
43,26,3,9.1,90.3,14,0,1.0,57.6,45.2,86.1
25,10,3,6.8,55.9,8,0,1.0,64.6,32.6,26.2
36,31,5,10.9,40.2,9,1,1.35,9.7,20.9,87.6
58,33,3,8.1,61.0,16,3,1.25,30.2,37.6,117.4
26,5,1,8.2,100.6,15,2,1.1,97.9,61.7,47.2
38,13,4,5.7,62.4,16,2,0.9,98.2,53.7,23.9
1,1,4,4.8,96.7,16,4,0.95,43.0,47.5,6.5
20,1,6,7.6,59.7,11,2,1.25,58.0,44.9,2.6
55,23,2,9.9,52.5,12,5,1.35,26.1,37.6,173.7
28,8,3,5.2,92.0,17,3,1.25,99.5,50.8,25.4
16,3,4,8.2,46.7,14,2,1.35,115.0,48.8,13.6
47,3,4,8.1,48.5,13,4,1.0,38.5,41.0,10.5
17,7,3,9.9,34.0,16,0,1.4,94.9,44.4,31.6
40,36,2,9.5,45.0,9,1,0.9,45.5,22.7,161.5
28,3,2,8.2,60.3,15,2,1.05,5.3,36.2,11.8
58,15,2,7.9,62.0,9,1,0.95,74.0,27.7,65.9
12,8,5,6.9,63.7,9,1,0.95,52.2,27.5,17.3
27,3,2,6.3,68.4,10,5,0.95,92.2,47.6,18.9
54,29,3,7.1,75.8,11,5,1.1,91.1,26.8,89.7
53,30,3,6.3,45.2,13,0,1.1,113.8,51.2,82.3
42,39,3,7.8,79.1,13,4,0.9,55.3,54.4,109.6
59,18,3,7.9,56.9,9,3,1.1,60.5,41.3,58.4
47,11,4,7.6,88.7,13,3,1.4,51.0,34.7,39.3
30,11,3,8.2,74.6,15,3,1.05,39.1,54.4,36.2
41,38,2,7.3,74.3,12,4,1.4,78.4,48.6,231.4
34,1,3,9.3,84.8,8,5,0.95,100.2,56.3,9.3
37,29,4,8.3,56.6,15,4,1.1,23.1,29.0,69.2
6,2,6,7.3,64.3,13,4,1.25,117.9,38.9,9.8
7,4,3,6.3,76.6,9,2,0.95,83.6,39.4,11.9
32,25,4,7.9,63.7,14,1,1.05,94.7,44.5,58.6
32,31,3,9.7,65.5,15,4,1.05,119.9,49.5,113.3
53,19,3,8.9,51.8,9,4,0.95,63.0,43.7,61.6
25,3,6,9.1,53.0,8,2,1.1,13.2,58.0,7.4
33,15,3,9.1,85.9,13,1,1.1,95.9,37.5,61.7
55,33,2,9.8,30.3,13,5,0.9,105.1,29.4,169.5
58,41,6,9.3,37.6,15,5,0.95,23.7,34.0,67.0
7,3,4,8.2,105.9,14,3,1.4,7.8,32.5,10.6
52,51,3,7.4,45.0,15,0,1.05,20.6,36.5,133.0
57,45,6,9.3,63.4,17,4,1.25,42.3,38.8,81.8
12,10,3,4.4,98.0,17,4,0.9,111.3,39.3,19.3
16,16,3,9.9,30.0,12,0,0.9,5.3,44.8,53.1
16,4,3,9.0,104.0,9,4,1.25,97.4,36.5,21.8
43,33,2,10.5,34.3,12,5,1.25,103.3,54.6,245.7
53,20,4,6.3,43.7,9,4,0.9,98.3,18.7,32.5
36,13,2,9.7,32.3,16,4,1.1,14.5,15.3,72.4
13,1,2,9.0,71.6,12,0,1.35,83.1,54.0,6.0
7,5,3,7.1,105.4,8,5,1.25,114.7,53.1,19.7
36,14,3,7.8,97.1,16,2,0.95,18.8,56.9,36.6
47,27,2,7.7,81.2,17,2,1.05,8.6,49.6,106.5
51,23,6,7.5,44.8,12,0,1.0,105.5,42.0,39.7
9,8,3,6.0,99.6,8,2,1.25,79.2,38.9,28.6
32,4,2,9.8,90.4,16,3,1.05,79.3,22.8,20.0
11,7,3,6.6,51.3,16,3,0.9,115.9,43.8,21.2
8,4,4,6.4,94.4,17,5,1.0,93.5,24.8,17.6
33,19,3,9.8,100.2,17,0,0.9,50.7,71.6,65.1
23,15,2,5.9,85.9,16,1,1.4,55.1,29.6,66.5
25,22,2,7.5,38.0,13,5,1.4,21.6,41.1,134.2
56,4,3,6.5,108.7,17,4,1.1,40.0,60.1,17.7
8,6,3,10.5,36.1,17,1,0.95,56.2,37.6,27.4
45,19,4,9.7,82.4,9,4,0.95,35.0,37.7,49.1
22,9,5,6.8,38.8,14,5,1.25,110.3,11.0,20.0
59,53,2,6.5,102.4,9,2,1.35,6.4,26.3,234.6
4,1,5,9.2,58.0,11,2,1.35,72.5,48.7,6.0
40,14,5,8.7,70.9,11,3,0.9,93.7,62.1,31.1
3,3,5,7.5,44.3,17,1,1.0,89.2,31.3,14.1
29,28,6,7.3,73.7,14,0,1.05,79.0,44.4,42.1
41,10,4,7.6,105.1,13,4,1.25,52.2,74.5,33.7
29,16,3,9.4,102.1,17,2,1.1,110.6,48.8,65.6
34,31,3,10.4,35.1,14,5,0.9,42.8,53.7,103.2
34,23,3,10.7,60.3,13,4,1.05,91.3,32.8,101.2
28,27,5,6.9,51.4,8,0,1.05,111.6,60.6,49.9
13,6,3,8.1,68.5,11,4,0.9,19.8,33.7,21.8
15,10,2,10.0,96.7,10,3,1.4,113.9,31.6,81.4
23,2,2,6.7,89.1,14,0,1.1,94.2,59.8,14.9
44,13,4,7.0,57.5,14,0,1.05,75.9,34.4,26.7
26,19,4,9.2,60.6,11,4,0.9,47.9,42.0,48.6
4,2,3,7.3,82.3,14,4,1.4,109.0,61.5,9.1
26,19,2,5.8,45.5,11,2,1.35,10.1,31.0,82.7
40,1,4,6.8,38.2,16,4,1.35,54.7,39.2,9.4
9,8,1,9.5,49.4,10,0,1.4,92.0,34.7,115.0
55,32,3,8.4,39.9,17,5,1.0,98.3,38.1,92.0
5,5,3,5.7,58.2,9,4,1.05,28.3,42.5,12.5
56,2,6,7.1,105.0,12,5,1.1,10.5,58.1,8.0
32,8,3,10.7,39.6,16,5,1.1,97.3,61.7,36.4
20,6,3,7.9,95.5,10,2,1.35,53.5,43.9,34.7
50,48,4,7.6,72.8,8,1,0.9,21.5,33.3,86.9
11,7,3,8.0,80.6,16,5,1.35,14.8,50.1,27.3
15,11,2,8.3,43.6,12,3,1.0,78.7,42.1,59.5
32,17,3,7.4,42.1,9,5,1.25,72.0,42.5,55.8
28,23,5,10.0,43.0,13,0,0.9,103.2,29.6,57.3
22,19,3,7.3,83.4,10,2,1.4,8.6,22.6,73.5
41,8,4,9.5,89.8,16,3,1.25,104.9,41.8,28.3
17,4,6,10.7,103.6,10,4,1.25,107.0,29.2,18.7
59,11,4,8.6,61.9,9,5,1.05,56.3,35.6,29.5
26,8,4,6.4,67.0,10,4,0.95,13.8,59.8,16.7
44,9,4,8.3,67.6,13,1,0.95,113.9,41.2,27.5
7,2,5,7.2,51.6,10,4,0.9,13.3,55.3,5.2
42,2,6,9.3,56.3,16,3,1.05,72.9,45.6,9.6
57,16,6,8.3,97.7,16,2,1.0,61.7,49.0,26.1
26,6,3,7.8,57.5,16,1,1.1,101.0,35.4,24.6
25,21,3,6.5,99.5,9,3,1.0,62.8,55.8,55.9
10,5,2,5.2,54.4,14,2,0.9,58.9,45.7,17.3
59,26,3,6.8,57.2,9,3,1.1,106.3,38.8,72.5
45,19,5,9.0,74.8,8,4,1.25,115.9,45.7,46.9
19,8,5,9.8,38.3,12,3,1.35,68.2,33.4,32.7
11,8,3,7.5,103.8,15,1,1.35,57.3,38.5,35.0
13,12,3,6.6,95.6,10,3,1.4,100.6,41.3,44.6
53,37,3,8.3,83.6,14,0,1.05,100.6,35.7,115.7
8,8,3,9.0,109.1,13,4,1.0,41.7,60.7,37.6
40,26,4,9.2,31.3,8,3,1.05,71.3,37.0,72.5
4,3,3,8.3,62.9,14,2,1.05,22.7,67.0,15.7
47,32,2,11.1,98.7,10,4,1.35,78.1,42.8,280.6
31,18,3,9.9,64.6,11,5,1.1,100.9,39.2,80.5
28,9,2,6.2,30.4,17,2,1.0,26.6,35.9,32.4
11,2,6,5.8,42.6,9,1,1.1,42.2,47.1,5.1
43,25,3,6.3,64.7,8,5,1.4,56.6,52.7,77.2
1,1,5,9.8,83.4,12,5,1.05,102.2,11.5,15.8
49,44,2,5.4,43.0,13,5,0.9,89.1,42.1,124.7
47,2,2,8.7,65.8,9,0,1.35,41.4,18.1,13.4
52,42,3,7.7,31.0,17,3,0.9,32.9,53.8,101.5
38,1,4,6.1,68.2,13,4,1.1,85.0,54.0,10.2
24,4,3,8.4,101.7,13,3,1.1,60.2,42.5,21.4
54,12,2,7.7,77.7,15,3,0.9,73.3,44.5,49.1
57,9,1,9.2,65.3,15,4,1.25,79.6,24.8,100.0
47,36,3,5.6,43.0,13,5,1.35,69.2,35.4,110.3
31,9,2,6.7,46.2,14,5,1.25,75.5,34.7,42.0
41,28,3,6.7,36.1,11,0,1.35,107.1,36.6,101.2
46,38,4,9.0,89.4,12,0,1.25,104.8,52.5,126.9
50,33,2,7.6,36.2,13,1,1.35,22.1,57.4,198.7
26,10,2,9.8,60.7,13,4,1.4,72.4,49.3,80.1
49,46,2,7.4,90.0,10,4,0.95,55.5,38.1,191.7
50,22,6,8.3,87.0,16,2,1.1,37.8,33.0,41.8
5,1,3,10.2,76.2,11,2,1.0,77.6,43.1,6.6
20,18,5,5.3,75.7,15,2,1.0,63.8,45.6,25.0
52,6,2,8.0,37.2,11,0,1.1,94.1,39.3,32.8
41,18,4,8.0,44.0,13,1,0.9,15.7,34.1,42.6
11,4,2,6.8,72.8,8,1,0.95,39.8,49.4,16.6
56,16,3,7.8,57.8,9,5,1.1,8.0,50.6,47.1
54,15,4,8.5,31.5,13,3,1.25,90.8,26.3,48.1
33,8,4,6.9,93.9,10,1,1.25,109.9,37.4,28.8
50,13,4,8.1,82.3,14,2,1.0,72.5,51.3,34.1
38,7,4,6.5,56.1,8,4,1.1,76.0,53.9,19.9
27,17,2,7.7,37.9,10,3,1.0,10.3,42.8,75.6
34,32,3,9.4,77.3,10,5,0.9,62.9,46.4,110.6
15,6,3,9.5,57.9,8,0,1.05,65.6,45.0,24.0
32,23,5,9.8,50.4,11,1,1.05,9.5,53.5,59.6
58,51,2,7.8,87.7,15,5,1.05,95.0,28.7,216.0
21,13,5,7.5,56.3,14,4,1.4,37.0,45.2,28.6
46,23,3,9.1,40.9,14,2,1.35,88.2,31.3,97.9
5,5,4,9.8,68.5,12,0,1.4,51.3,55.1,23.6
6,6,2,8.1,96.3,11,0,0.9,119.5,29.3,29.5
38,1,3,10.3,98.0,17,1,1.25,29.4,46.9,10.8
22,16,4,9.1,97.9,13,4,1.25,11.7,31.4,50.5
18,5,3,7.1,63.7,9,2,0.95,117.7,51.0,19.7
14,10,5,7.3,93.3,8,2,1.25,33.0,47.3,25.4
10,3,4,7.9,98.0,14,2,1.0,78.1,44.9,8.9
46,10,3,5.6,66.8,11,2,1.35,48.1,65.5,33.6
13,3,5,7.2,55.5,14,1,1.05,78.6,33.6,9.8
31,5,4,9.7,86.2,13,5,1.0,73.5,53.1,22.5
30,7,3,10.0,102.4,16,5,1.4,86.3,56.1,37.1
3,2,2,8.4,107.8,17,5,1.25,7.1,53.1,15.5
30,3,3,8.7,53.2,13,1,1.25,101.2,33.9,19.1
6,5,4,7.5,106.5,10,4,1.35,60.0,39.2,22.2
29,13,5,7.0,69.9,14,3,1.05,64.7,34.7,28.5
8,2,3,8.9,54.5,16,1,1.35,52.3,38.4,10.1
44,2,2,7.3,109.1,17,2,0.95,118.8,31.9,20.2
45,6,3,10.5,100.2,13,5,0.9,97.2,37.6,35.5
43,8,2,8.6,85.4,14,5,1.4,40.8,59.6,51.2
44,36,4,8.7,101.6,15,4,1.05,95.1,38.2,92.3
33,25,4,6.4,84.5,11,2,1.0,55.3,43.3,50.3
17,12,3,4.5,65.2,12,1,1.4,105.1,33.3,39.7
48,47,5,8.7,105.8,11,5,1.05,8.5,41.8,106.5
11,8,3,7.3,107.1,8,4,0.95,45.9,51.9,26.1
13,7,3,9.5,55.1,13,2,1.25,54.4,47.9,38.2
50,46,2,6.6,58.4,14,5,1.25,90.6,59.0,194.9
11,7,3,7.2,60.6,9,3,1.0,26.0,27.5,22.0
31,19,5,9.7,95.8,13,0,1.35,37.9,32.9,61.1
28,14,2,8.7,93.3,9,0,1.0,88.2,37.0,62.8
44,22,3,6.5,108.6,17,5,1.4,13.8,60.3,71.0
6,5,3,8.1,67.2,12,2,1.1,28.1,45.6,18.7
41,21,2,10.9,88.9,8,5,1.25,91.6,25.0,145.1
16,1,2,8.2,98.5,10,0,1.25,105.7,55.1,9.8
4,3,2,7.8,47.7,11,5,1.1,88.8,43.3,16.0
35,19,5,9.3,79.6,11,5,1.4,65.6,52.7,59.3
48,33,4,8.5,73.8,9,3,0.9,16.4,61.0,69.7
56,4,3,10.2,89.4,15,5,0.9,100.1,30.3,17.2
59,42,4,9.1,85.6,13,3,1.25,19.3,61.0,135.1
26,3,1,9.4,95.0,16,2,0.9,49.3,41.1,25.1
57,27,3,10.2,54.9,13,3,1.35,10.8,37.0,141.2
12,4,2,7.6,47.3,10,0,1.4,86.6,43.9,26.8
11,9,2,7.1,94.4,9,2,0.9,62.9,27.7,32.7
37,35,5,6.0,58.8,16,5,1.0,109.4,41.8,52.4
25,6,2,7.7,53.0,10,0,1.4,21.0,39.1,36.1
18,6,4,6.0,56.9,13,3,1.1,99.2,30.7,17.3
19,12,3,8.5,35.3,17,3,1.25,63.7,34.2,45.9
23,23,1,7.1,91.9,9,4,1.4,47.1,55.7,226.7
55,33,4,9.4,87.2,14,1,0.9,79.0,39.9,76.9
38,16,3,9.2,74.2,8,5,1.4,95.9,30.2,71.4
54,24,3,7.4,87.3,16,1,1.05,55.6,47.4,67.0
18,5,2,9.5,59.9,8,2,1.1,31.8,51.2,26.5
26,9,2,8.2,53.6,16,0,1.05,110.3,42.0,45.1
6,2,5,5.3,99.0,8,1,1.4,41.0,27.2,7.2
4,1,3,6.5,63.8,8,2,1.1,119.8,11.4,7.8
44,12,2,6.9,45.7,15,3,1.1,93.2,31.2,49.5
51,5,5,8.0,89.9,8,1,1.4,84.1,54.7,20.5
29,5,2,7.4,56.9,15,0,1.25,6.4,53.6,24.9
59,31,2,7.2,46.9,10,4,1.35,56.6,32.4,176.1
34,28,2,8.9,32.2,11,4,1.25,62.8,39.2,177.2
17,12,3,9.2,107.6,9,1,0.9,48.3,50.4,41.9
43,27,2,7.1,67.4,13,4,1.05,22.2,40.3,121.4
43,35,3,6.7,42.9,14,2,1.4,47.3,53.2,113.3
53,26,5,9.9,90.6,17,5,1.05,13.6,40.8,57.3
16,9,2,12.1,101.0,10,0,1.05,38.5,47.8,68.2
2,1,3,6.6,72.2,16,3,1.4,14.6,38.1,2.8
34,18,3,9.3,32.3,10,0,0.95,91.5,32.6,63.9
55,33,3,7.8,59.2,14,3,1.0,82.2,56.0,89.0
8,1,5,9.0,49.4,11,4,1.25,113.1,24.0,7.8
13,8,3,6.6,80.9,12,2,0.95,48.7,34.8,24.9
42,31,2,6.1,71.5,16,3,0.95,95.4,40.9,95.9
8,5,3,6.3,58.5,10,4,1.1,72.6,52.3,19.7
30,27,2,7.2,81.9,10,3,0.95,79.3,31.5,114.9
32,28,4,7.6,76.8,16,1,1.0,68.0,43.5,65.7
36,2,1,9.4,102.5,16,0,1.4,94.6,25.4,24.8
47,33,2,6.7,77.7,11,5,1.0,9.8,47.3,130.8
30,7,3,7.0,70.6,8,5,1.25,14.3,63.9,24.2
1,1,2,11.1,95.9,8,2,1.4,16.0,18.5,9.3
43,43,3,8.1,46.2,16,4,0.95,38.2,33.3,116.7
39,32,2,8.4,49.5,13,2,1.05,73.0,52.0,164.2
17,17,5,9.1,92.7,12,0,1.05,79.2,77.3,48.7
59,34,2,7.2,65.4,17,5,1.25,86.9,49.1,160.7
20,7,5,8.0,62.7,10,3,1.0,37.3,33.2,20.0
24,7,3,7.5,101.0,10,3,0.95,79.8,40.2,28.8
50,42,4,7.9,78.8,9,2,0.95,18.5,27.3,83.0
22,22,2,9.3,94.2,14,3,0.9,6.1,51.7,92.7
29,21,4,9.0,94.8,16,3,1.35,84.9,54.6,72.0
22,3,3,4.6,39.6,13,3,0.95,87.3,58.9,12.0
44,30,3,9.5,82.3,17,1,1.1,76.5,38.0,109.8
9,3,4,7.5,106.2,8,4,1.1,34.8,32.3,14.7
37,11,3,8.6,68.4,13,4,1.35,111.7,59.9,52.6
10,9,3,7.4,88.6,15,5,1.35,105.7,58.6,39.8
36,4,2,7.9,75.3,15,0,0.9,64.3,30.1,18.7
37,25,2,10.0,46.4,17,3,0.9,118.8,37.5,115.6
28,16,3,8.5,45.6,10,2,0.9,39.3,51.5,51.4
28,20,1,9.9,64.7,8,3,1.25,61.5,39.0,239.8
42,31,2,7.9,68.6,12,0,0.95,111.7,42.4,141.0
43,4,2,7.8,70.3,13,3,1.4,58.1,24.4,26.4
21,6,2,8.0,106.4,17,1,0.9,59.2,28.5,29.0
24,21,3,6.1,38.0,16,0,0.95,14.1,40.9,42.7
42,1,3,4.0,60.4,9,4,0.95,29.3,33.6,2.5
40,3,5,6.8,71.2,8,4,1.25,23.2,28.2,14.0
2,1,3,9.5,107.0,14,1,1.05,70.0,38.2,12.7
55,22,5,10.1,70.3,9,4,1.0,41.6,31.5,54.1
8,6,4,5.0,92.0,9,5,1.0,13.9,42.3,11.3
48,17,5,9.9,89.9,10,1,0.9,63.6,53.9,41.9
27,14,4,7.1,75.3,11,4,1.0,82.0,38.4,36.7
22,9,4,5.9,40.5,14,4,0.9,89.7,36.9,20.2
37,35,3,9.6,47.5,8,5,1.0,101.3,54.9,116.2
27,26,2,7.2,49.2,13,3,0.95,60.4,50.8,102.2
57,13,2,11.9,33.1,14,0,0.95,49.9,51.6,81.0
29,3,6,7.0,60.3,10,4,1.0,83.7,11.8,9.2
3,3,6,7.6,78.8,10,0,1.4,6.5,36.6,14.4
44,2,4,6.5,41.5,9,0,0.95,77.9,35.1,8.2
13,8,5,8.2,44.0,12,4,1.35,51.7,32.1,28.8
45,13,5,9.2,86.6,14,0,1.4,57.1,54.6,40.0
10,3,3,5.4,43.5,10,5,1.0,39.1,35.5,12.7
36,16,3,9.0,40.8,14,1,1.4,19.6,25.3,67.1
9,2,3,7.4,108.2,15,5,0.9,51.2,45.0,13.2
54,7,3,6.7,31.2,10,2,1.1,40.4,41.9,23.0
56,45,1,5.9,56.0,8,1,0.9,115.4,30.9,242.8
55,36,3,9.5,32.8,10,4,0.95,113.5,54.2,129.0
27,9,4,8.4,97.0,13,1,0.95,79.1,48.4,27.1
34,30,3,7.1,76.7,8,5,1.4,108.9,48.3,102.9
51,42,5,9.2,33.8,16,2,1.25,91.4,47.8,100.3
1,1,3,8.8,79.2,10,1,1.35,44.8,55.1,8.2
32,9,2,9.3,39.8,10,0,1.0,74.4,40.1,48.8
25,7,4,10.5,69.7,14,4,1.4,30.3,27.1,25.4
29,15,4,8.3,83.6,14,0,1.05,84.0,39.5,38.9
7,4,2,10.9,41.9,13,0,1.05,10.2,22.1,18.6
49,40,3,10.1,69.8,14,4,1.35,100.6,29.3,186.3
3,3,3,9.2,66.6,12,4,0.95,72.1,61.4,14.6
20,11,5,5.5,103.3,15,3,1.35,11.7,28.8,24.1
20,5,3,8.2,109.7,17,2,1.4,105.3,27.9,29.4
53,2,2,8.4,82.4,9,0,1.4,105.9,50.0,11.1
30,10,3,8.3,98.4,12,5,0.95,103.1,52.4,37.3
35,13,5,7.8,81.8,16,0,1.05,94.0,22.0,29.6
35,31,4,9.0,100.1,11,4,1.35,83.0,45.0,116.0
49,16,4,9.2,64.7,15,4,0.9,50.6,35.4,36.1
39,6,2,5.5,78.6,10,1,1.35,20.7,46.0,27.9
27,12,5,10.0,97.6,13,0,1.0,38.2,38.4,36.2
26,10,4,5.8,103.4,15,0,1.1,44.9,25.6,22.1
14,2,4,7.4,32.0,16,4,1.05,46.2,36.2,4.0
17,4,3,6.7,38.3,14,5,1.05,70.0,49.5,19.1
18,9,5,6.9,104.5,13,5,1.05,29.0,65.3,23.9
45,7,3,9.6,75.5,13,0,1.35,26.8,46.7,34.7
52,50,5,8.2,109.2,13,2,1.35,87.5,37.3,136.1
29,8,3,9.0,93.4,17,3,1.4,5.9,27.8,34.2
20,11,2,8.9,95.5,16,4,1.35,22.2,40.1,70.0
53,7,3,5.1,60.9,10,4,1.25,55.0,37.5,18.2
27,9,3,7.2,50.6,11,0,1.05,22.1,45.7,27.7
18,8,3,9.1,77.9,10,5,0.95,115.4,41.3,36.0
4,3,3,9.0,100.3,16,3,1.0,82.1,47.8,18.6
1,1,3,5.4,88.1,12,3,1.35,54.8,37.7,9.1
50,17,4,9.5,67.8,17,5,1.35,17.9,62.5,57.9
1,1,2,8.9,90.3,15,4,1.1,49.3,49.0,7.9
58,2,3,6.6,85.2,15,4,1.05,79.8,33.5,9.0
26,15,5,8.6,103.0,16,4,1.25,116.4,54.0,40.6
45,29,3,7.7,51.1,17,2,1.05,59.4,28.1,84.4
20,18,3,8.7,39.5,14,0,1.35,84.6,31.7,73.5
52,48,3,5.3,67.6,10,2,1.1,27.5,32.4,111.8
23,20,3,7.5,58.9,12,4,1.1,76.7,57.9,68.1
10,6,2,9.8,108.0,10,3,1.05,32.5,39.9,45.8
59,4,3,8.8,30.6,9,0,1.35,27.8,34.5,17.5
11,9,6,9.2,104.7,10,0,1.0,63.6,44.0,28.2
41,6,3,7.6,106.4,17,5,0.9,29.3,48.5,23.5
41,38,1,8.8,34.1,16,4,0.95,88.0,61.1,318.7
5,2,4,7.8,101.2,16,4,1.25,112.8,24.0,10.6
58,11,3,6.6,67.7,15,4,1.05,50.3,57.2,30.1
1,1,2,7.6,91.3,14,4,1.4,42.1,17.2,9.3
17,17,5,10.2,36.3,8,4,1.1,25.2,52.9,38.7
22,3,2,9.7,106.4,16,4,1.25,49.9,56.0,25.4
34,31,5,6.5,78.6,17,0,1.0,69.4,56.6,50.1
56,13,3,7.4,101.9,9,2,1.25,47.9,48.8,47.1
45,35,4,6.6,83.8,13,3,1.4,76.7,29.2,100.6
41,16,3,8.3,72.9,17,4,1.4,81.2,51.0,66.2
29,15,2,9.5,43.8,12,3,1.0,16.3,29.2,83.0
4,3,4,11.0,44.2,13,5,1.25,85.2,30.7,19.7
5,2,6,5.9,67.8,15,0,1.05,108.5,36.5,5.6
11,5,4,9.3,99.6,15,3,0.9,8.0,37.6,12.8
56,48,3,8.0,39.2,17,0,0.9,68.4,44.9,123.4
51,48,6,7.4,109.9,9,1,1.05,74.4,33.7,77.6
21,17,2,6.6,100.1,14,2,1.1,86.6,46.0,65.1
35,27,2,10.7,61.4,9,1,0.95,49.4,25.5,142.7
12,7,1,5.6,50.2,8,0,1.05,99.2,42.5,36.9
26,3,4,7.3,103.8,15,5,1.35,67.1,38.7,17.5
51,45,4,8.6,39.9,16,1,0.95,52.0,54.2,97.1
19,3,3,8.7,57.8,14,0,1.1,87.7,55.4,12.6
45,28,5,9.9,36.7,11,1,1.25,111.6,40.0,83.4
7,7,4,6.7,106.3,14,0,1.05,98.4,18.5,21.3
47,38,3,8.9,79.4,11,2,0.95,112.0,24.3,128.4
55,9,2,7.9,56.9,14,5,0.95,35.6,55.5,41.5
7,4,5,8.1,52.0,11,2,1.35,18.6,40.3,14.9
26,15,2,7.3,65.5,16,2,1.1,66.5,63.0,67.5
40,21,3,8.2,37.3,12,0,1.4,10.1,52.8,92.0
5,4,3,7.8,101.1,14,3,1.0,82.6,45.1,19.1
21,3,2,7.5,70.9,15,1,1.1,32.6,43.5,11.9
14,10,3,7.2,88.0,12,1,1.05,57.3,28.2,32.7
4,1,2,8.6,48.7,8,1,0.95,80.4,34.4,6.5
23,19,5,6.0,70.3,11,5,0.95,60.6,47.0,32.2
42,19,3,7.7,46.9,10,1,0.9,32.1,37.9,52.4
20,13,4,6.8,95.3,14,2,1.05,106.2,47.6,29.2
15,15,4,7.8,92.0,13,3,1.4,92.9,54.4,53.7
50,44,4,7.8,41.9,13,1,0.95,74.1,39.8,99.7
52,1,5,9.3,36.0,9,3,1.35,85.3,36.8,6.3
45,29,2,9.0,95.9,13,0,0.9,52.8,31.2,136.8
29,24,2,8.4,38.8,15,0,1.1,48.2,52.0,112.0
8,8,2,8.3,73.9,12,5,1.05,23.4,51.0,42.7
41,25,5,7.7,72.8,16,1,1.1,97.4,68.2,50.0
48,23,6,7.7,46.2,9,4,1.35,48.8,44.1,43.2
19,15,3,5.4,77.3,14,5,0.95,84.6,40.8,30.1
48,16,4,9.1,70.2,13,2,1.4,39.5,47.6,58.7
39,38,1,8.4,70.7,13,5,0.9,96.5,38.5,328.9
46,11,2,9.8,58.8,11,1,1.0,17.1,31.4,61.9
28,3,4,7.2,97.1,17,2,1.0,76.9,43.1,11.0
46,15,2,9.9,36.7,16,1,1.35,97.9,47.5,107.2
57,1,3,7.7,65.1,13,2,1.4,80.9,48.3,9.5
27,7,4,7.1,50.8,15,4,1.05,85.1,47.3,19.2
4,1,4,10.3,97.9,15,4,1.1,65.5,54.8,9.7
58,49,3,8.5,48.0,11,5,1.05,69.3,48.2,169.3
15,9,3,10.5,91.4,12,0,1.4,12.6,45.2,47.1
35,29,3,8.3,78.9,9,5,0.9,33.8,26.8,79.0
37,26,2,9.2,100.0,11,1,1.0,88.0,45.0,147.1
1,1,4,9.5,77.5,13,4,1.1,113.7,39.9,3.0
3,3,2,7.6,74.5,9,4,0.95,67.3,28.5,16.0
47,45,1,8.5,94.1,9,5,0.9,88.4,48.0,349.9
24,11,3,8.2,75.0,17,1,1.0,83.6,48.2,34.6
27,20,5,9.2,97.6,14,5,0.95,119.9,47.1,47.7
40,38,2,6.4,33.9,17,5,1.0,96.4,48.7,128.6
36,33,1,8.9,69.6,12,5,1.25,77.2,43.5,418.5
34,7,2,9.4,95.0,10,1,1.1,18.2,39.0,41.6
29,12,3,7.0,97.9,10,0,1.4,46.7,63.2,50.3
24,22,3,6.7,96.7,14,4,1.25,33.8,43.8,65.4
24,20,2,5.5,78.4,10,2,1.0,103.2,11.5,69.3
42,17,4,11.1,109.5,17,1,1.1,56.3,12.9,61.7
4,4,4,6.9,44.5,12,1,1.35,66.6,56.5,14.5
3,3,4,10.1,44.0,9,1,1.35,116.0,20.0,10.5
34,1,3,7.7,32.6,10,5,1.1,101.2,35.5,7.8
57,50,3,9.6,109.1,11,5,1.25,95.8,27.4,237.0
49,27,3,8.9,57.8,8,1,0.9,21.4,38.4,72.0
23,21,3,11.2,91.0,11,4,0.9,7.6,46.6,79.4
53,47,2,10.2,34.8,11,2,1.35,19.4,34.0,370.6
56,40,4,8.3,53.9,10,0,1.4,90.1,32.2,135.9
52,33,3,8.5,79.9,17,3,1.1,52.2,50.8,104.3
23,20,2,9.0,72.0,16,4,1.05,18.5,73.6,97.1
45,14,2,12.0,46.6,10,4,1.25,90.0,48.5,118.5
5,4,2,8.1,66.9,9,3,1.0,27.4,31.0,15.4
31,5,5,6.1,38.7,14,3,0.9,72.7,52.5,14.1
53,23,2,8.4,73.4,16,1,1.25,90.3,62.9,122.8
41,15,5,7.0,37.8,13,2,1.4,74.9,54.8,39.7
57,6,3,8.3,80.9,12,4,1.4,119.3,23.5,30.4
57,33,5,9.7,42.4,8,4,1.05,54.9,48.3,73.7
54,19,3,8.8,73.8,10,0,0.95,40.9,36.5,65.8
6,5,5,7.1,40.3,16,3,1.1,28.1,42.6,12.0
37,29,2,7.7,62.1,15,3,1.4,62.9,37.5,154.6
57,6,3,6.4,58.1,16,4,1.4,103.0,50.9,24.0
10,8,2,9.9,90.5,15,3,1.05,113.9,37.8,44.2
40,23,3,9.2,81.3,8,1,0.95,116.8,59.0,75.0
7,2,3,6.4,105.0,15,0,1.05,66.1,42.0,11.3
39,17,3,11.8,103.8,15,4,0.9,74.6,39.3,67.0
38,30,3,7.7,88.0,12,5,0.9,71.9,48.9,80.8
21,12,2,8.4,91.6,13,0,1.4,58.6,46.3,84.5
20,14,4,7.5,80.0,9,5,1.35,22.5,49.2,41.6
3,2,3,8.6,85.3,8,1,1.05,12.5,40.4,6.5
51,19,2,8.1,79.4,15,0,1.35,55.2,58.0,105.7
22,2,5,5.9,54.9,14,5,1.1,26.4,53.9,5.2
47,36,6,9.8,58.1,11,3,0.9,107.0,41.9,65.6
4,3,5,6.8,76.0,14,4,0.9,92.6,51.9,12.3
28,7,4,9.4,87.6,9,0,1.05,76.1,38.8,21.3
12,10,2,7.7,62.5,9,2,1.35,10.5,48.8,52.1
38,15,6,8.1,41.4,14,4,1.4,76.6,51.9,34.2
51,47,3,8.7,66.8,10,0,1.1,76.4,45.0,178.9
36,3,2,8.2,107.1,13,4,1.35,55.5,32.2,23.3
47,38,4,9.1,47.1,14,5,1.35,80.6,27.7,124.5
41,16,2,6.9,81.9,14,0,1.4,103.7,45.5,85.9
5,2,3,9.6,108.6,17,0,1.0,92.2,33.3,11.7
13,12,2,6.5,60.1,11,3,1.0,59.4,54.7,48.0
23,7,3,6.6,101.0,10,0,1.35,35.2,23.9,29.6
58,30,3,8.9,99.1,8,2,1.05,60.0,57.8,97.9
50,43,3,9.6,57.1,14,3,1.1,113.8,42.6,157.0
30,26,2,8.4,37.9,16,2,1.0,99.3,31.7,116.4
37,7,3,10.2,44.3,8,5,1.05,8.1,36.6,20.5
25,4,3,6.7,59.3,12,2,1.1,95.0,39.6,11.6
48,29,2,6.3,106.7,11,1,1.0,24.6,47.8,114.8
27,24,5,9.3,52.0,17,2,1.25,70.7,27.3,60.3
51,39,3,8.2,104.1,9,0,0.9,97.7,30.5,105.3
14,4,5,9.2,44.5,14,4,1.05,69.5,38.1,10.8
57,29,2,6.5,107.6,14,3,0.95,51.4,41.6,97.5
48,44,3,7.3,53.5,15,3,0.95,41.9,50.6,110.1
59,5,2,10.6,80.6,10,3,1.35,40.1,45.2,40.9
47,29,3,7.7,35.6,13,4,0.95,101.3,37.3,87.3
54,30,2,10.1,54.0,11,2,1.4,99.9,44.8,240.6
36,29,3,9.2,46.9,10,5,1.1,99.7,44.0,118.4
39,26,3,7.6,30.3,11,1,1.0,37.5,39.0,79.2
16,3,2,10.1,42.5,8,0,1.35,96.9,43.4,20.4
56,26,3,8.5,77.4,14,5,0.95,9.2,16.2,73.0
22,5,6,8.0,61.2,14,3,0.95,28.7,53.2,9.1
21,19,2,7.9,87.8,14,0,1.25,64.2,48.6,97.6
54,53,4,8.7,83.7,9,2,1.0,51.8,60.0,122.7
21,3,4,6.3,93.9,8,5,1.25,17.9,32.3,10.6
8,3,3,9.3,99.4,16,1,1.4,9.8,48.9,14.3
49,43,5,8.7,95.6,9,3,0.9,75.3,19.1,73.3
16,7,6,7.1,65.8,12,2,0.95,41.1,20.8,15.5
59,49,3,6.1,54.7,12,5,1.35,6.8,39.2,154.1
55,9,4,7.6,70.2,15,1,0.9,54.6,35.1,26.9
31,21,4,8.4,72.8,8,5,1.25,40.3,54.6,55.5
42,41,3,8.2,55.1,14,3,0.95,71.3,56.1,111.7
10,10,3,8.2,73.2,10,2,1.05,111.9,57.4,39.0
32,13,5,9.0,38.5,9,0,0.95,40.4,49.2,27.6
59,15,4,6.3,48.5,12,5,1.35,119.7,49.7,41.3
34,5,2,7.9,89.7,11,4,1.0,14.9,26.6,26.2
9,3,2,8.4,44.6,16,3,0.95,15.2,58.8,14.7
17,8,5,8.7,41.1,8,1,0.9,87.0,57.0,20.9
11,4,2,9.3,53.0,10,1,1.0,91.1,25.4,22.6
32,32,4,7.7,59.7,10,4,0.95,53.6,47.6,71.3
10,10,2,8.1,56.3,11,4,1.1,37.9,35.4,53.8
22,13,1,6.9,60.0,14,2,0.95,96.3,64.2,84.0
57,29,2,8.6,41.2,12,4,0.95,115.0,30.3,141.5
17,3,3,6.7,43.2,17,3,1.0,118.8,43.1,12.8
4,1,2,8.9,48.9,13,5,1.05,78.0,44.2,10.5
48,8,3,9.8,62.2,10,4,1.1,90.1,41.4,35.9
52,29,3,8.7,56.9,12,3,1.1,99.6,67.8,115.6
47,31,3,9.9,93.3,9,0,0.9,96.9,62.3,99.4
25,9,4,7.3,72.0,11,4,1.1,119.2,22.3,28.4
59,30,3,6.2,76.1,10,0,0.95,98.2,47.8,72.0
21,21,3,7.8,74.8,10,5,0.95,81.2,41.9,65.1
37,12,3,7.1,61.9,11,1,1.0,48.3,52.0,35.5
38,11,3,7.3,108.4,15,5,1.35,73.8,44.6,41.2
49,2,6,4.7,33.0,15,4,1.4,106.2,32.2,9.0
1,1,4,8.3,47.3,8,1,1.05,40.1,29.6,9.6
25,18,3,8.0,52.8,12,5,1.0,8.5,37.2,56.2
51,41,4,9.3,100.5,9,0,1.25,42.6,40.6,124.5
36,2,3,8.8,103.5,17,1,1.35,115.4,44.3,15.1
17,2,2,7.7,97.7,13,0,1.25,96.3,35.2,21.3
41,3,3,9.4,63.4,10,2,1.0,26.5,62.5,14.7
24,16,4,9.3,103.2,17,5,1.25,6.4,48.4,46.6
2,1,3,7.3,37.9,17,5,1.4,81.9,52.5,6.6
40,4,5,8.3,82.2,16,0,1.25,71.6,40.3,12.9
15,7,3,10.3,105.0,16,2,0.9,14.5,29.5,25.4
32,25,3,8.5,90.4,15,1,1.35,116.1,52.6,100.5
39,20,6,6.8,52.2,9,0,1.35,76.0,30.1,35.3
59,25,3,6.3,87.4,9,2,0.95,79.9,17.7,54.6
6,6,4,5.8,53.6,9,0,1.35,103.2,48.8,18.5
1,1,4,4.9,38.9,12,3,1.4,43.8,32.9,3.0
47,18,5,7.3,87.4,17,5,1.35,69.2,38.0,35.7
23,10,2,7.7,44.3,16,3,0.9,71.3,50.3,42.2
58,11,2,6.5,38.9,14,1,0.9,116.2,30.8,40.1
39,29,4,7.0,74.1,14,3,0.95,20.1,22.8,52.8
57,17,3,6.6,79.7,10,5,1.35,92.3,56.6,63.3
17,16,3,5.6,34.1,10,4,1.4,71.1,41.3,52.6
34,20,2,7.7,30.4,17,2,0.95,102.2,57.1,85.8
59,45,2,9.0,100.6,10,5,0.95,100.7,49.5,227.8
41,2,3,7.2,39.2,8,5,1.05,6.4,49.9,12.7
29,24,2,9.7,76.7,15,4,0.9,34.5,44.0,112.0
9,2,2,8.2,106.3,9,3,0.95,25.8,44.0,15.1
13,9,2,9.3,71.0,14,1,1.25,58.1,55.6,53.5
6,6,2,8.0,41.2,16,4,1.0,109.1,51.8,28.6
6,4,4,9.0,61.5,9,5,1.4,5.6,34.9,11.8
20,17,4,5.9,79.9,8,1,0.95,61.1,47.9,30.9
52,13,1,9.3,91.0,12,0,1.35,106.8,34.6,182.9
53,36,2,8.0,78.6,17,5,0.95,111.5,38.2,138.6
3,3,3,9.6,32.7,12,4,1.0,80.6,48.8,21.9
17,12,3,7.6,41.4,8,0,1.4,100.4,34.4,45.5
49,8,4,10.6,59.7,16,4,1.4,42.3,43.8,26.1
12,2,4,8.8,86.5,10,2,0.9,37.9,46.6,8.7
48,6,5,6.6,76.7,9,1,0.95,10.6,37.9,7.9
47,31,3,9.7,33.6,14,0,1.0,62.9,50.6,104.3
45,10,3,6.4,93.8,12,3,1.05,57.4,36.7,31.7
55,44,3,6.3,78.4,11,4,1.35,47.8,53.3,149.0
1,1,2,9.9,101.0,11,5,1.25,18.0,43.6,10.6
17,10,1,8.5,63.4,16,0,1.0,31.5,44.1,80.3
3,2,1,8.1,69.2,16,4,1.4,28.4,31.2,16.5
26,23,3,7.2,62.4,8,4,1.25,113.6,39.2,76.6
15,3,2,9.2,87.8,17,4,0.9,116.1,44.3,15.3
36,32,2,7.6,90.2,14,0,1.25,5.4,54.3,145.8
32,20,3,8.3,87.9,15,0,0.95,24.6,38.1,57.3
32,10,6,6.3,53.3,12,4,1.25,107.2,54.2,20.6
4,1,2,7.9,80.9,14,3,1.0,9.4,32.9,2.6
18,9,3,8.3,57.1,15,5,1.4,113.5,46.0,39.7
49,46,2,8.8,96.7,15,1,1.4,48.7,35.9,286.0
19,2,5,8.5,34.4,16,4,1.4,66.9,60.5,12.5
43,37,2,7.5,33.0,12,3,1.1,92.8,58.4,175.8
52,20,5,8.4,38.1,9,1,0.9,33.0,45.4,40.8
35,8,2,9.5,46.2,13,4,1.0,16.6,35.6,39.7
40,7,4,5.8,33.0,8,1,0.95,98.1,23.8,15.5
14,6,2,7.8,35.7,17,4,1.4,118.2,46.5,33.6
58,11,2,8.3,54.5,13,0,1.25,80.8,44.5,67.8
33,18,2,6.6,38.0,10,4,1.1,99.9,52.3,79.5
14,3,2,9.4,94.2,10,4,0.9,113.3,24.4,19.7
34,29,4,8.9,34.3,14,4,1.4,31.3,43.7,94.1
55,25,3,9.5,102.6,11,4,1.1,45.3,47.1,109.4
4,3,3,11.2,99.7,12,3,0.95,30.2,31.2,17.2
24,21,6,8.5,46.7,13,2,1.35,12.1,43.4,52.1
59,46,3,7.6,35.7,17,3,0.9,89.2,33.3,106.0
29,3,6,9.4,38.4,13,3,1.05,21.8,32.1,4.0
19,18,2,7.1,74.7,9,0,1.05,15.7,35.6,68.9
6,6,5,8.7,78.1,10,4,1.25,46.1,38.8,20.3
57,10,1,9.6,55.2,8,3,1.35,12.0,56.9,119.4
33,27,3,9.2,53.7,10,1,1.1,25.6,38.1,107.3
49,12,3,10.1,72.5,15,4,1.0,13.0,31.8,44.5
40,7,3,7.6,54.5,11,0,1.35,105.9,51.8,33.7
19,17,3,9.1,104.7,9,5,0.9,94.7,54.3,54.6
53,1,3,8.1,60.6,11,5,1.1,103.8,51.8,8.9
1,1,6,8.4,47.6,14,0,0.95,104.9,58.4,10.3
5,2,6,8.4,41.7,16,1,1.1,113.6,44.3,7.0
27,18,6,8.8,80.5,12,5,0.9,26.5,43.9,29.8
16,10,6,7.9,56.1,12,0,1.1,108.5,33.6,25.8
6,3,4,5.9,45.1,12,5,1.1,65.4,58.8,6.9
40,33,6,8.2,52.1,17,4,0.9,24.1,40.9,42.6
13,5,5,8.5,54.6,16,2,0.95,80.4,38.4,11.4
48,47,3,7.9,80.1,14,2,1.35,42.6,37.3,173.4
35,31,4,8.7,44.0,10,3,1.25,10.3,49.6,95.0
19,3,5,7.8,88.6,9,0,1.05,14.0,43.0,10.1
12,1,4,7.6,54.4,16,4,1.0,53.7,44.3,6.3
16,8,3,10.1,69.1,10,1,0.9,100.0,38.1,37.1
59,12,2,11.4,82.4,15,1,1.4,40.8,39.6,94.7
43,19,4,9.3,73.5,11,4,1.1,93.1,40.2,63.9
10,9,6,7.1,83.0,12,4,1.35,11.4,59.1,20.5
25,25,3,8.3,55.8,15,1,1.0,50.3,20.4,72.7
20,12,2,8.2,107.1,12,0,1.0,19.7,47.4,61.7
31,31,3,9.0,66.7,17,5,0.9,104.3,55.1,89.5
4,1,3,8.3,55.8,9,3,1.4,116.3,19.9,7.4
44,28,3,8.9,53.7,13,3,1.4,42.4,41.1,138.3
23,1,3,10.7,33.4,14,3,1.25,118.7,53.8,14.9
2,1,6,5.2,84.8,8,4,1.4,91.5,33.0,8.4
56,6,4,7.2,51.0,17,1,1.05,5.1,45.2,14.6
22,8,3,9.4,106.7,16,1,0.9,60.8,30.8,32.7
51,4,5,7.9,46.8,13,1,1.0,100.9,42.4,7.3
57,5,3,8.9,72.4,11,5,1.0,66.4,57.3,22.4
37,25,2,7.7,88.8,9,1,1.4,68.2,62.3,138.3
8,6,3,10.3,99.6,16,1,1.1,56.5,45.1,25.5
7,4,4,9.7,42.5,13,2,1.35,50.4,26.7,14.0
14,7,4,8.4,108.8,16,5,0.95,8.2,38.3,21.8
56,23,5,10.5,102.5,9,4,0.95,76.5,20.2,59.0
55,4,3,8.5,107.0,12,5,1.05,93.2,38.5,21.7
3,2,2,8.1,98.2,13,4,1.35,95.9,53.6,15.7
50,47,2,10.2,100.2,12,2,1.25,76.8,25.6,353.6
16,11,4,5.9,77.9,13,3,1.4,44.2,39.5,32.9
55,21,4,8.3,97.6,10,0,1.05,7.6,32.2,52.6
19,5,3,8.5,72.7,16,5,0.9,108.0,63.5,16.9
51,41,3,7.7,73.1,9,4,1.25,54.3,46.8,140.4
18,2,6,6.9,75.0,9,4,0.95,74.1,52.2,7.2
52,7,5,7.9,109.7,12,2,1.05,27.4,45.5,21.1
16,1,2,5.7,38.4,17,4,0.95,21.3,51.1,7.3
8,8,4,10.3,94.4,10,4,1.4,15.0,55.0,34.5
33,17,3,10.4,51.9,9,3,1.25,96.9,42.5,78.7
49,20,2,8.1,58.9,13,2,1.1,79.3,35.6,106.1
12,10,3,7.5,36.4,13,5,0.9,76.4,30.8,30.9
53,23,2,5.8,58.1,14,4,1.4,110.7,63.1,100.6
11,2,2,7.0,109.3,11,1,1.0,23.3,51.8,11.4
5,3,3,10.2,61.8,15,2,0.9,24.6,15.3,12.3
27,2,3,8.0,83.6,10,3,1.1,26.8,39.1,7.9
12,1,3,7.2,39.7,17,5,1.05,53.7,47.0,11.3
17,2,3,8.1,103.8,8,0,0.95,105.5,62.1,14.0
6,5,2,7.2,96.2,12,4,1.1,106.4,28.8,33.0
33,23,4,5.6,60.9,13,1,1.0,72.9,47.1,42.3
5,1,3,7.5,57.9,10,1,1.35,80.7,37.2,8.2
57,22,3,6.4,64.6,9,0,0.9,108.2,27.6,51.7
28,26,6,8.6,62.1,10,2,1.4,76.8,58.1,63.4
14,2,3,9.4,50.6,10,3,1.0,31.4,30.4,13.6
5,4,3,6.9,109.3,14,4,0.95,86.1,53.6,19.5
54,15,3,8.3,94.8,8,4,1.35,93.5,22.9,62.7
56,10,5,8.0,51.4,11,5,1.4,78.1,36.1,32.3
59,15,4,6.9,108.5,10,4,1.25,36.5,48.9,45.7
33,29,2,4.6,31.2,17,1,1.4,51.0,50.6,94.9
50,23,4,6.5,65.0,14,2,1.25,59.1,47.2,52.0
48,17,2,6.8,75.6,8,0,1.4,21.7,53.8,77.2
41,9,6,8.2,33.0,15,2,0.95,57.0,38.5,14.4
19,18,3,8.4,42.9,17,3,1.25,23.5,58.7,64.7
22,4,4,9.9,50.7,14,3,0.9,62.4,46.3,18.0
5,1,3,6.4,87.6,15,0,0.95,10.8,50.8,8.2
59,16,3,6.8,105.2,15,1,1.35,114.1,46.4,60.5
2,2,6,7.0,80.0,16,5,1.1,33.3,47.9,3.8
30,16,5,7.7,75.0,8,0,0.9,58.7,30.0,28.9
47,33,2,8.3,72.9,16,5,1.0,8.8,30.7,135.2
39,31,3,8.6,58.1,8,3,0.9,27.2,35.5,83.6
4,2,3,5.2,96.2,10,1,0.9,84.7,48.2,13.7
33,10,3,9.8,73.3,14,2,1.1,17.9,34.9,39.2
13,4,3,8.7,48.4,15,3,1.05,77.2,38.4,20.2
20,13,3,9.3,40.9,12,1,0.9,5.2,41.1,38.4
54,16,3,4.4,108.8,8,1,1.0,58.5,59.0,31.6
7,4,2,9.2,31.4,10,4,0.9,88.0,49.2,26.2
15,14,3,6.5,104.7,14,2,0.9,111.5,24.5,41.4
23,6,2,7.3,47.5,9,1,0.9,61.7,43.9,23.9
14,10,2,10.2,82.6,9,0,1.35,101.7,38.4,69.9
23,11,4,9.0,54.1,16,5,0.95,97.3,39.3,32.5
19,3,1,7.0,98.8,13,2,0.9,39.0,42.0,24.6
54,52,3,9.2,73.5,11,2,1.1,105.6,55.5,207.6
29,10,3,8.5,41.3,17,3,1.35,78.6,32.2,40.2
56,1,3,7.4,51.6,16,2,1.1,17.0,44.4,8.1
20,20,4,8.7,55.6,14,2,1.0,113.0,45.5,49.4
29,11,3,7.4,100.9,14,4,1.05,25.3,39.3,31.1
24,12,2,8.6,91.3,15,2,1.0,59.1,34.3,52.9
18,14,5,8.6,96.4,10,5,1.0,58.6,32.9,33.1
10,9,6,8.8,34.2,9,5,1.05,76.9,37.0,23.8
41,8,1,10.9,76.3,8,5,0.9,81.5,50.9,74.8
57,43,3,9.4,109.9,9,1,0.95,31.8,37.7,137.5
8,4,3,9.5,92.8,10,0,1.05,45.5,40.8,13.8
26,7,2,7.2,39.7,12,5,1.4,21.6,28.1,42.8
29,10,3,5.7,84.3,15,4,1.35,19.5,36.3,26.6
10,3,3,7.7,89.6,10,4,0.9,99.9,44.8,14.6
17,4,2,7.3,71.1,14,4,0.95,91.3,22.0,19.5
2,2,5,8.9,36.3,12,4,1.4,55.9,54.5,11.7
6,2,3,7.7,32.8,12,3,1.0,16.0,34.9,8.9
58,53,3,10.0,105.0,15,4,0.9,56.7,63.2,171.7
5,2,4,5.4,50.6,17,3,1.05,38.9,47.0,8.6
28,14,1,7.6,60.3,12,3,1.05,94.5,20.0,132.8
41,16,3,8.6,93.6,17,2,1.35,16.1,45.3,65.4
5,3,3,6.5,85.1,14,0,0.95,56.9,38.2,12.1
18,10,3,9.4,107.5,17,2,0.95,73.0,45.5,41.0
26,17,3,9.3,37.4,15,3,1.05,118.4,61.4,61.2
20,14,1,7.4,86.6,15,2,0.95,15.3,50.5,97.0
41,22,2,12.0,36.6,10,1,1.05,18.1,39.3,158.0
49,4,2,6.3,30.0,11,4,1.0,118.6,25.2,20.1
27,19,6,6.0,39.6,15,4,1.1,51.6,52.5,32.2
49,2,1,7.3,79.3,12,3,1.0,90.5,48.1,22.2
12,7,2,8.3,84.1,8,2,0.9,95.1,55.9,31.4
7,1,6,5.6,65.1,14,1,0.95,41.2,40.3,9.9
59,19,3,8.9,33.7,10,1,1.1,29.6,45.5,76.9
3,2,3,11.7,80.7,9,5,1.05,36.8,39.0,13.4
10,9,2,5.9,36.9,17,1,1.1,92.9,43.0,35.5
34,18,4,8.3,41.3,12,3,1.4,101.7,23.8,66.8
25,23,2,9.4,71.0,8,5,1.25,85.4,45.8,139.2
35,21,4,9.1,57.2,16,2,1.1,55.7,46.6,55.8
16,11,6,11.2,67.2,17,1,0.95,35.2,36.0,24.1
2,1,3,7.3,80.8,12,1,1.25,53.9,49.3,4.2
24,9,2,11.0,42.8,13,2,1.0,110.2,52.5,60.4
10,4,3,7.9,101.4,14,2,1.0,104.3,58.8,20.2
38,25,3,7.2,74.8,16,4,0.95,42.2,29.8,63.5
22,13,3,10.8,31.8,12,0,1.1,42.7,50.0,59.6
26,26,3,7.4,80.3,11,0,1.4,94.7,58.1,110.6
43,36,4,9.6,67.1,10,1,1.0,54.1,37.8,105.1
55,51,3,7.3,86.1,12,2,1.25,70.9,58.7,187.2
39,34,6,6.1,92.7,17,4,1.1,53.6,33.3,46.7
27,9,4,6.1,105.1,17,3,1.35,32.9,42.8,25.1
29,12,2,9.1,109.9,10,0,1.1,26.7,21.3,70.6
47,2,4,6.4,74.0,12,5,1.4,21.0,19.6,8.7
38,38,2,7.7,74.9,15,0,1.1,6.3,23.4,157.4
20,5,4,7.0,31.8,9,2,0.9,37.3,59.0,11.0
27,5,2,6.7,99.2,11,3,1.25,24.7,32.7,24.9
41,22,3,6.9,32.3,15,0,1.35,34.7,32.7,69.9
54,5,4,8.3,80.6,12,4,1.05,13.7,46.9,18.5
20,4,2,4.0,37.9,15,0,1.35,44.3,33.1,12.5
44,9,4,9.3,52.9,13,2,0.9,64.8,56.5,25.7
19,10,3,6.1,41.2,8,2,0.9,113.6,64.4,21.3
20,16,3,6.2,41.0,12,5,1.25,44.9,15.3,47.5
35,10,3,5.8,36.0,17,5,1.1,8.6,48.2,22.6
47,6,5,8.4,55.4,9,3,0.95,46.7,17.3,15.5
2,2,2,10.2,63.9,14,0,1.1,99.0,25.7,11.0
30,17,4,7.8,67.2,17,3,0.9,44.1,47.7,31.1
53,5,4,8.7,65.2,11,0,1.05,38.5,30.7,12.4
34,6,5,8.8,71.9,9,1,1.25,110.7,45.1,19.9
22,15,4,9.1,98.8,8,0,1.0,39.2,42.4,43.1
3,1,3,6.5,80.5,12,2,1.25,116.6,22.2,5.0
6,3,5,10.4,31.4,17,2,1.05,100.8,49.9,11.1
15,3,4,7.5,43.8,15,1,0.9,83.7,45.6,14.1
27,18,4,8.4,57.9,15,0,1.25,73.8,42.5,52.0
10,4,1,7.8,105.9,17,0,1.25,30.8,34.2,39.1
9,8,3,7.3,36.2,9,2,1.35,89.0,46.7,32.1
33,32,3,9.4,86.8,13,1,1.0,44.9,26.5,117.6
32,24,3,9.0,32.6,14,2,1.4,60.8,29.9,101.6
48,35,3,4.7,59.0,17,1,1.4,17.0,45.9,80.9
6,2,2,8.6,91.6,8,2,0.95,39.1,54.4,7.7
41,34,3,11.1,57.5,12,4,1.0,65.8,36.3,144.5
59,36,2,8.3,64.4,13,0,1.25,58.8,47.5,213.9
36,6,2,7.2,102.4,14,3,0.9,44.5,44.5,28.0
59,43,3,7.4,35.3,16,4,1.0,59.3,47.0,114.2
2,2,4,7.2,72.2,10,2,1.4,90.7,33.7,9.8
29,16,3,6.3,59.3,15,1,1.05,57.8,40.2,42.4
4,3,2,7.7,107.1,17,3,0.95,63.2,41.5,22.6
1,1,2,7.7,93.5,10,1,1.4,85.6,60.0,9.0
19,19,3,8.9,39.8,16,5,0.95,101.8,28.7,60.7
26,2,4,7.2,104.2,15,1,1.0,65.6,25.2,17.6
25,25,4,11.0,46.9,16,5,1.25,114.0,78.0,89.4
10,1,2,6.6,36.8,12,5,0.95,45.6,45.7,6.3
53,41,3,8.2,73.3,16,0,1.1,34.0,48.6,131.0
15,1,5,6.9,88.9,10,2,0.9,84.7,49.7,5.7
59,47,2,7.2,87.3,14,0,1.35,25.2,51.3,229.6
22,7,3,7.6,72.7,10,5,1.1,108.5,52.8,26.1
51,31,3,8.3,69.4,13,1,0.9,49.5,51.3,96.4
48,19,2,9.2,107.6,15,0,0.95,85.3,55.5,88.1
21,3,1,7.3,95.6,9,4,1.1,70.6,44.0,25.0
59,29,3,5.8,85.9,15,5,1.1,11.3,54.9,61.0
56,1,1,10.1,45.6,8,1,0.9,86.5,64.7,4.4
22,4,2,6.5,95.6,11,1,1.05,95.9,44.4,16.7
36,28,3,7.6,90.0,14,4,0.9,118.0,47.8,70.0
34,18,1,8.1,109.4,8,1,1.4,52.9,35.0,205.6
30,26,3,7.8,40.6,13,3,1.25,62.8,40.0,101.5
25,8,2,5.9,87.2,17,3,1.25,105.6,46.2,34.7
45,19,3,9.3,108.3,13,2,1.4,36.0,37.3,99.8
28,23,4,4.0,67.0,14,2,1.05,26.8,43.1,31.5
1,1,3,9.5,88.7,16,0,1.1,20.3,46.1,7.3
49,6,3,9.7,108.0,14,0,1.05,117.5,60.2,30.5
45,1,2,9.4,73.8,10,4,1.05,36.1,31.6,7.0
4,4,3,7.5,85.9,11,4,0.9,92.1,47.0,14.8
7,1,2,8.2,31.6,8,5,1.0,56.7,34.8,12.2
49,43,2,7.0,71.6,12,1,0.95,32.7,51.2,168.9
9,5,4,8.1,50.5,14,2,1.1,110.0,52.1,17.1
36,24,5,8.9,40.5,10,5,1.25,58.3,62.1,66.1
19,15,3,6.4,86.7,13,2,0.9,70.1,36.9,37.4
1,1,1,7.8,33.1,10,2,0.95,30.6,43.7,5.5
10,7,5,7.3,102.4,11,2,1.4,42.3,51.6,24.6
36,19,2,9.8,71.4,12,0,1.05,91.0,49.9,109.9
9,5,5,6.6,81.9,13,3,1.1,44.5,12.1,12.9
45,10,3,8.9,50.3,13,5,1.35,63.2,33.8,48.8
46,12,3,7.9,44.6,8,4,1.0,18.2,48.8,34.3
42,33,3,7.8,49.5,15,4,1.1,102.8,39.5,100.5
32,24,6,9.0,48.6,10,2,1.4,89.8,51.7,63.6
32,7,5,7.4,99.2,11,2,1.0,92.5,54.5,21.7
6,1,3,8.2,93.0,15,0,1.1,25.5,39.4,6.3
48,10,4,9.7,98.2,12,0,1.4,61.9,49.2,47.0
38,31,3,6.8,88.8,13,4,0.95,8.2,59.5,80.3
17,6,4,8.4,81.5,8,2,1.1,41.2,54.2,23.9
10,1,4,9.3,72.2,15,2,0.95,45.0,32.8,8.6
50,50,1,8.7,51.2,12,5,1.35,110.1,39.8,668.5
27,5,3,9.9,86.4,8,4,0.9,119.2,42.3,20.1
54,18,6,7.8,40.9,14,0,1.1,76.0,30.8,30.9
50,26,5,9.0,70.9,9,5,1.05,64.4,54.8,54.8
35,16,1,9.7,45.6,13,4,1.4,55.6,34.3,243.2
52,8,2,5.5,70.4,10,0,1.25,7.1,40.8,30.4
59,24,6,7.4,53.5,13,0,0.95,97.0,54.9,37.8
21,13,3,8.6,34.3,16,5,1.4,82.3,36.6,57.2
25,24,3,9.4,70.3,13,5,1.1,79.7,38.0,96.8
28,16,2,8.4,44.5,8,0,0.9,98.0,46.1,62.6
47,11,5,10.1,42.9,13,2,1.25,111.7,37.1,38.5
15,6,2,7.2,60.7,10,4,1.35,49.8,60.4,30.5
4,3,2,6.1,58.9,11,0,1.35,54.0,31.0,15.6
29,3,2,9.2,99.4,11,3,1.05,117.1,14.5,24.2
59,33,5,7.8,75.2,16,0,1.4,81.4,52.1,73.5
9,2,4,6.7,98.4,15,0,1.25,102.9,37.7,8.2
27,5,4,10.6,41.7,14,5,0.9,30.5,32.3,12.1
26,13,3,9.1,58.6,12,0,1.05,41.5,46.6,44.0
19,10,5,9.0,74.4,17,1,1.0,50.0,47.0,28.0
56,37,4,10.4,42.3,11,5,0.95,41.4,32.9,109.2
28,26,4,7.4,40.2,10,3,0.95,106.7,56.2,57.4
17,14,6,10.1,82.9,8,2,1.25,63.8,52.3,31.7
43,17,3,8.6,82.3,16,5,1.4,114.7,65.7,78.5
57,1,3,7.1,48.7,15,4,0.95,42.0,36.5,8.4
41,25,5,8.0,48.2,8,4,0.9,9.3,43.9,38.4
42,34,4,8.3,89.6,9,5,1.35,20.9,44.8,100.8
50,39,3,9.7,39.4,8,4,0.95,30.0,38.1,123.5
20,10,2,6.0,103.9,8,5,1.4,78.6,46.8,47.7
45,20,4,5.4,105.5,16,2,0.9,25.8,47.7,31.3
40,7,3,6.8,99.7,12,0,1.4,48.9,47.7,29.9
39,16,2,7.9,46.9,10,3,0.95,96.5,38.1,70.4
49,37,5,9.1,31.3,9,4,1.35,19.3,39.5,96.4
53,29,3,7.3,104.9,15,1,0.9,14.3,35.2,68.8
23,12,3,8.6,57.5,15,1,1.35,67.1,33.0,53.7
47,17,4,10.4,54.8,13,3,1.1,85.3,41.2,58.6
32,16,3,5.5,50.9,9,4,1.35,109.8,60.2,43.8
52,20,2,7.8,49.6,8,0,1.4,81.1,66.5,110.5
47,26,3,11.6,88.8,13,4,0.9,113.8,57.8,106.6
33,19,2,6.9,102.6,8,0,1.0,33.1,36.4,70.5
57,47,2,6.8,92.9,13,4,1.35,44.3,46.9,250.9
46,12,1,8.8,83.9,17,1,0.9,101.5,17.4,98.3
5,5,2,7.2,53.0,9,2,1.0,98.3,40.1,23.4
43,42,3,9.6,73.8,14,5,1.05,81.5,37.3,142.9
48,34,3,11.7,49.0,17,3,1.25,63.2,64.5,167.0
34,7,5,8.1,38.9,9,0,0.9,7.0,45.1,11.1
40,35,3,12.1,39.6,9,2,1.25,37.3,42.6,182.3
11,1,4,7.3,78.3,13,0,1.25,23.2,41.2,8.2
50,26,3,7.7,33.1,11,3,0.95,10.9,38.5,78.0
3,3,4,6.6,107.9,13,2,0.95,94.2,48.4,14.5
58,25,3,7.3,109.6,15,2,0.95,20.1,34.1,62.9
33,15,3,7.6,42.0,17,5,1.1,46.1,48.6,47.6
11,6,2,8.6,64.2,10,5,1.05,117.4,59.2,33.5
16,11,3,6.1,91.4,12,3,0.9,52.1,43.4,29.4
18,6,3,7.2,106.4,12,3,1.1,21.3,38.2,25.9
30,20,3,7.3,101.3,17,0,1.05,84.3,41.1,58.1
48,15,5,9.3,50.4,16,2,1.35,98.1,56.4,46.1
55,24,2,8.2,36.8,14,3,1.1,37.1,43.7,106.3
10,5,2,8.2,53.1,16,5,0.95,98.1,34.7,24.1
18,7,3,8.1,65.0,15,0,1.35,36.2,51.7,30.1
38,29,5,5.4,58.8,10,4,0.95,84.7,33.5,45.2
19,5,3,10.4,91.9,9,5,1.25,19.4,39.2,23.6
36,4,3,6.6,50.6,10,3,1.35,54.2,44.7,20.6
59,22,2,9.3,98.7,13,5,1.4,64.9,32.3,170.5
13,2,3,7.7,48.1,17,5,0.95,88.4,20.6,16.4
56,35,4,7.1,58.9,11,2,1.25,79.8,47.4,95.3
46,17,5,9.6,65.8,8,4,1.05,103.1,15.7,45.6
3,2,2,6.2,53.3,17,3,1.05,26.2,30.9,11.2
10,2,3,6.3,91.3,17,1,1.25,81.0,51.3,7.1
38,24,3,8.2,62.8,16,2,1.05,19.7,47.0,71.8
1,1,1,8.3,101.0,13,5,1.0,60.0,40.1,7.8
55,2,4,9.2,107.1,8,2,1.4,65.3,31.3,18.9
56,13,3,9.1,98.8,10,0,1.25,8.1,36.8,58.8
27,22,2,7.9,71.8,8,1,1.4,13.1,48.9,117.5
46,15,4,8.2,70.8,16,3,1.0,101.5,40.4,39.1
8,5,2,7.8,47.3,11,1,1.35,38.0,27.2,34.1
51,3,6,10.1,77.4,9,5,0.95,44.8,31.4,9.1
46,37,4,6.5,106.2,11,3,1.4,78.6,36.8,105.4
42,37,4,8.0,36.4,9,0,0.95,30.4,46.4,75.5
17,5,2,9.2,90.2,13,5,0.9,27.2,43.3,20.5
9,3,5,9.7,99.6,13,5,1.0,53.5,27.0,15.8
6,3,4,7.0,108.9,14,4,1.4,11.8,58.2,18.4
43,23,2,6.5,56.8,16,1,1.1,110.5,33.1,86.0
25,18,3,6.1,58.4,16,2,1.4,113.1,47.3,61.8
39,36,2,7.5,48.4,11,3,0.95,56.5,30.6,152.9
49,33,6,8.4,93.1,16,1,0.95,29.1,71.8,49.2
28,26,5,7.3,41.2,15,3,1.35,59.1,57.9,58.2
33,17,5,9.0,51.4,8,1,1.0,16.5,32.7,38.1
54,40,4,7.9,53.6,14,2,1.1,50.7,43.1,92.2
37,7,3,8.9,60.0,14,3,1.05,13.5,29.6,24.5
9,9,2,8.2,63.7,17,3,1.4,86.2,37.7,52.7
18,8,2,5.5,74.7,11,4,1.35,36.7,47.1,36.0
56,53,2,6.3,105.9,14,0,1.4,64.9,52.1,241.7
59,56,3,9.7,49.8,17,1,1.0,6.6,27.1,181.7
21,12,5,6.6,92.3,17,2,1.1,65.3,33.0,22.8
2,2,6,9.3,84.1,12,4,0.95,5.4,53.3,7.9
58,31,2,8.2,39.3,12,4,1.1,111.4,57.9,165.1
43,19,4,6.5,94.8,12,0,1.4,62.6,32.7,54.7
59,10,3,9.1,37.2,13,2,0.95,16.5,53.5,39.4
38,12,3,7.3,89.1,14,5,1.05,44.2,27.2,40.2
58,20,4,8.2,87.3,12,1,1.35,10.3,38.4,67.6
40,37,3,7.7,85.2,16,3,0.9,66.1,28.3,87.6
36,7,5,4.0,52.1,16,0,1.0,19.1,37.1,11.2
50,14,4,9.0,75.9,14,3,1.0,59.4,64.9,38.1
43,11,4,9.2,90.9,17,4,1.25,40.1,41.3,31.6
37,7,2,7.3,81.0,10,3,1.1,92.6,38.6,38.7
15,13,2,9.0,94.3,11,1,1.1,60.5,35.2,77.1
28,10,3,6.7,85.0,11,5,0.95,102.5,38.4,33.1
18,9,4,6.7,52.0,14,1,1.25,113.3,32.3,24.6
34,10,5,8.4,42.2,9,5,1.4,116.5,43.6,30.9
22,19,3,7.0,80.6,12,3,1.4,34.9,41.6,75.0
11,8,4,7.8,90.8,11,3,1.0,93.3,36.5,24.6
58,31,3,6.6,41.4,17,0,1.4,55.4,35.5,100.8
57,17,2,6.1,44.0,16,5,0.9,54.0,44.2,50.6
13,9,4,8.3,31.0,8,1,0.9,104.8,33.2,20.4
4,1,4,8.3,72.5,17,3,0.9,21.8,39.1,1.0
22,1,2,8.0,73.4,10,2,1.25,59.9,36.6,5.9
7,2,3,7.6,70.0,13,0,1.05,73.2,15.5,12.8
43,24,3,6.9,55.3,11,0,1.35,12.6,52.3,84.8
54,9,2,6.4,64.2,10,0,0.9,104.4,20.0,37.4
24,7,5,6.3,91.3,13,0,0.95,41.1,20.8,18.8
4,4,3,7.1,44.5,10,5,1.25,80.5,52.7,19.3
28,19,2,9.5,46.1,14,5,1.0,111.7,28.7,93.9
15,7,2,8.3,83.4,8,3,1.0,87.8,17.1,35.7
1,1,6,8.5,99.4,16,4,1.05,106.9,58.0,13.7
55,6,4,6.1,57.2,17,2,0.95,13.0,34.3,11.5
3,2,4,8.3,104.6,9,4,0.9,61.7,56.6,13.2
14,3,2,8.5,34.6,11,4,0.95,70.0,31.0,14.9
38,11,5,10.4,39.5,13,3,0.95,84.2,22.3,31.4
50,12,3,8.0,66.8,13,0,1.25,18.4,38.1,42.2
57,42,4,7.4,87.9,15,0,0.9,80.5,27.5,75.5
1,1,6,6.9,59.7,15,3,1.05,21.8,46.9,3.5
38,13,2,8.1,74.4,11,3,1.05,12.8,50.1,63.1
38,12,3,7.7,32.3,13,5,1.4,59.0,53.2,50.9
21,21,1,9.7,66.9,16,1,1.25,74.0,38.3,245.1
48,10,3,9.4,49.4,14,0,1.25,115.2,58.6,42.0
29,20,2,6.5,71.3,15,2,1.25,85.3,30.9,84.1
5,2,5,8.0,72.1,15,1,1.25,73.0,43.6,12.4
49,36,3,11.7,90.3,9,4,1.4,29.7,40.3,195.3
10,8,3,5.8,73.2,14,5,1.35,22.5,65.7,21.8
28,5,5,7.7,79.1,10,5,0.9,74.8,56.5,11.2
21,5,6,9.1,72.4,14,0,0.95,30.6,42.4,14.9
50,12,3,7.6,109.2,9,3,1.0,86.3,44.4,40.3
7,2,3,7.5,93.3,8,3,1.05,18.2,60.4,9.5
3,3,2,7.3,90.5,16,3,0.95,44.1,33.0,10.0
45,40,1,6.4,80.2,17,0,1.1,93.9,17.6,278.5
47,2,3,7.7,72.3,17,5,1.1,100.6,30.4,8.9
20,18,2,9.5,57.6,8,2,1.25,44.7,37.0,112.3
19,9,3,6.1,92.7,8,3,0.95,28.8,58.3,19.5
35,9,1,8.4,45.2,10,5,1.25,115.2,54.4,103.6
4,2,3,9.6,32.9,8,0,1.0,92.5,41.5,11.4
5,5,3,8.0,85.9,14,4,1.1,97.8,47.6,18.4
1,1,2,7.4,41.6,14,1,1.25,30.6,33.5,7.4
4,4,2,9.0,102.3,15,0,1.05,53.8,67.1,22.4
12,1,3,6.6,91.7,9,0,1.05,12.8,56.6,2.4
27,12,4,8.6,78.2,14,5,1.35,17.6,42.6,44.1
56,22,3,7.8,55.1,16,3,0.95,30.4,41.1,55.4
42,38,4,8.1,81.0,17,1,0.95,39.9,50.4,79.8
23,19,2,10.5,68.1,12,1,1.4,119.7,41.3,158.6
25,19,2,9.7,53.3,17,3,1.1,53.5,20.1,99.7
21,16,1,10.2,105.6,10,2,0.95,85.3,60.4,179.2
58,31,3,6.8,43.0,16,0,1.4,109.0,56.0,99.9
52,51,4,6.5,90.3,8,3,1.0,33.3,46.5,86.3
24,3,2,8.7,94.0,10,5,1.0,21.6,37.0,14.6
25,23,3,8.5,106.1,9,2,1.35,33.0,42.1,97.5
45,42,3,5.0,74.0,9,3,1.1,106.5,10.3,80.3
55,18,6,8.5,72.8,10,4,1.05,81.6,28.7,38.7
46,26,4,11.1,103.6,17,2,0.9,56.9,63.2,73.7
32,13,4,10.8,94.1,14,5,1.1,99.3,48.2,44.5
55,18,3,7.0,91.1,13,2,1.4,32.2,18.6,68.1
32,3,6,9.1,93.1,16,1,0.9,32.5,32.1,10.3
5,2,6,6.7,69.5,17,0,1.35,70.2,18.9,9.7
36,23,3,7.9,33.3,17,3,1.4,95.9,32.6,89.9
46,3,3,6.8,45.9,10,5,1.4,34.8,40.0,13.0
42,25,3,6.2,81.4,12,5,1.4,29.2,61.2,83.7
49,27,3,9.3,61.7,16,3,1.25,59.5,51.4,110.6
42,27,3,8.4,78.5,10,0,0.9,20.4,38.4,81.1
58,52,2,8.7,74.1,15,5,1.25,91.0,39.0,282.8
39,39,5,8.9,65.1,16,5,1.25,71.4,32.4,90.2
16,9,3,8.3,48.8,14,0,1.4,63.9,55.1,40.8
33,24,4,6.4,87.5,13,5,1.0,105.3,56.5,54.5
49,8,3,8.3,102.7,13,5,1.05,89.2,25.9,36.2
21,9,4,7.7,91.6,13,5,1.1,22.2,21.4,27.1
9,5,3,7.7,39.6,12,1,1.0,53.3,38.2,21.9
6,6,3,6.6,73.0,14,0,1.4,41.9,39.6,21.2
51,19,3,5.7,96.8,14,4,1.1,97.2,45.1,53.2
45,16,3,7.1,77.3,14,1,1.05,87.7,21.9,43.0
35,24,5,8.8,65.2,10,2,1.1,59.3,33.4,58.1
39,21,2,7.9,52.8,13,0,1.05,99.7,41.0,101.7
22,4,3,10.7,56.4,16,2,1.4,52.2,32.7,22.3
41,40,2,7.9,49.4,16,1,1.25,97.4,52.3,205.2
54,39,5,8.3,45.7,11,5,1.1,8.7,64.4,83.2
5,5,2,8.0,77.1,16,4,1.05,20.5,35.5,23.4
42,14,3,6.4,70.8,9,4,1.1,91.9,52.7,31.4
23,21,2,8.0,88.8,15,0,1.1,18.2,37.7,94.0
17,13,3,6.4,54.6,9,4,0.95,83.6,30.8,34.8
12,10,5,7.9,66.9,12,5,1.1,88.2,33.5,26.4
23,18,2,5.4,84.4,13,3,0.9,81.2,51.2,52.4
16,13,4,7.9,107.1,9,5,1.25,99.1,34.3,39.2
3,3,2,8.2,57.9,16,1,0.9,63.8,36.6,13.5
30,4,3,8.3,53.9,13,5,0.9,108.2,28.3,14.0
57,8,3,5.8,65.9,15,4,1.05,70.5,49.6,26.0
22,11,3,8.7,87.9,11,1,1.4,63.4,47.5,55.5
9,1,3,9.0,106.9,10,1,1.25,63.6,59.5,15.3
29,18,3,6.6,72.9,11,5,0.95,109.9,49.2,48.4
47,21,2,9.5,95.0,8,5,1.0,33.0,47.0,100.5
37,26,3,8.3,67.2,8,3,1.35,84.9,49.0,99.4
23,11,1,7.9,33.2,15,5,1.25,32.9,38.9,104.1
13,12,4,8.9,101.5,8,5,1.0,15.6,43.3,31.0
32,13,4,10.4,53.2,12,0,1.05,114.7,53.2,49.4
46,27,2,7.8,41.1,17,1,1.05,19.9,32.2,114.1
52,16,2,7.3,109.7,16,3,1.1,83.9,62.4,73.5
47,26,1,11.1,57.8,10,4,1.05,53.8,49.7,338.8
48,33,6,7.7,40.9,17,2,1.0,101.3,66.3,50.4
23,16,4,8.5,54.9,9,0,1.35,93.9,27.9,50.7
45,6,3,7.7,71.1,12,5,1.0,21.5,27.9,24.0
17,12,3,5.6,37.0,9,2,1.05,58.8,46.5,31.1
55,8,2,7.5,58.2,17,3,1.35,8.2,43.5,40.0
40,7,3,9.7,83.5,8,1,1.35,54.4,36.5,28.1
21,2,4,6.8,103.3,16,3,1.0,85.5,26.8,12.7
2,2,3,10.0,61.8,17,0,0.95,31.7,38.8,7.8
37,14,5,9.1,75.2,16,0,1.1,98.2,44.6,35.4
6,3,3,6.5,80.9,8,4,0.95,11.1,26.3,5.7
44,9,2,6.2,35.7,11,3,1.1,9.0,37.1,36.1
18,10,3,6.2,57.4,12,0,0.9,8.2,46.6,17.5
30,17,3,7.4,84.7,9,3,1.0,37.2,51.5,42.5
22,12,5,6.4,88.9,16,4,0.95,58.7,38.6,18.5
54,6,3,9.8,58.5,16,4,1.25,17.4,32.4,24.4
33,19,3,6.2,30.5,16,3,1.4,119.6,43.4,61.9
30,11,4,6.7,30.5,15,5,0.9,119.9,39.5,19.5
17,9,3,10.3,73.0,13,0,1.0,64.8,24.4,37.5
43,29,3,7.6,74.1,8,1,0.9,70.3,36.6,70.0
32,6,6,8.6,74.5,17,5,1.05,111.6,34.9,17.8
42,25,3,8.7,87.7,12,1,1.05,93.5,42.3,91.7
51,24,2,5.8,103.7,15,5,1.05,24.3,33.2,77.1
14,9,5,9.2,109.2,11,4,1.0,96.1,35.4,27.3
58,16,1,8.9,86.1,15,0,0.95,31.6,39.8,132.0
10,4,2,9.0,71.1,13,4,1.0,54.5,49.7,18.6
47,16,3,7.0,41.3,8,4,0.9,66.2,43.1,43.1
51,6,2,8.4,60.7,8,4,1.0,87.5,74.0,29.1
36,21,6,7.7,75.8,10,4,1.35,22.3,26.8,43.4
34,4,3,8.1,110.0,8,3,1.0,13.8,52.9,15.3
9,2,3,6.8,40.2,11,3,1.4,104.6,41.1,9.0
42,28,2,7.7,93.4,10,0,1.25,100.1,25.3,159.8
28,6,2,9.5,109.9,14,5,1.1,65.2,37.5,34.4
11,9,3,5.1,94.4,16,0,1.4,81.2,23.8,27.7
14,12,3,7.5,91.4,14,2,1.1,87.7,43.0,39.9
39,17,4,9.0,50.7,12,1,1.1,59.8,38.3,51.3
55,14,2,6.4,30.3,8,3,1.25,34.6,33.8,55.6
47,7,4,8.6,48.1,12,0,1.35,60.4,29.3,29.5
54,22,2,8.7,93.2,8,5,1.4,114.3,54.2,134.5
19,19,3,7.8,38.6,13,4,1.0,101.4,40.1,61.3
54,1,3,8.5,53.7,15,3,1.25,58.5,44.5,7.6
15,13,2,10.4,75.0,14,1,1.0,30.9,44.1,67.4
28,20,3,7.0,76.4,8,3,1.0,107.3,43.3,49.7
24,15,1,5.9,73.4,15,5,1.05,78.4,38.1,93.5
8,2,3,7.4,108.5,16,1,1.0,51.5,60.2,15.1
43,35,4,6.5,31.0,17,2,1.0,17.8,68.8,58.8
9,2,2,8.6,69.0,9,0,0.95,91.5,59.4,13.4
47,30,5,7.3,70.4,8,5,0.95,41.5,42.3,46.4
33,11,3,8.9,53.5,13,1,1.4,74.7,41.4,54.1
33,27,5,8.4,72.0,11,2,1.1,70.5,55.1,61.4
19,3,2,7.0,83.9,14,5,1.1,85.5,32.9,16.3
3,3,5,6.6,83.8,10,5,1.4,66.8,62.5,14.7
10,8,2,5.9,37.0,10,3,1.1,77.5,51.5,34.3
40,18,3,9.6,94.2,15,0,1.05,14.4,38.6,60.5
47,13,5,8.8,104.5,14,1,1.25,81.5,45.4,40.7
42,24,2,7.4,39.9,12,5,1.0,27.3,49.5,101.5
1,1,1,8.9,63.3,10,5,1.0,50.1,36.9,11.4
29,19,4,6.3,70.9,8,1,1.35,63.9,54.4,45.6
50,23,3,6.7,40.8,10,5,1.05,84.0,57.3,65.0
34,12,3,6.5,70.3,16,0,1.0,90.4,38.8,33.5
51,49,1,8.4,46.5,8,5,0.9,86.1,36.3,370.8
13,12,4,7.1,104.8,12,3,1.25,15.9,40.7,37.9
54,22,2,5.8,65.9,11,3,0.9,49.5,28.1,70.5
1,1,5,8.1,109.6,13,4,1.4,37.3,22.0,8.0
34,28,4,8.9,33.7,9,5,0.9,50.8,36.8,60.8
29,13,4,7.8,40.2,11,3,0.95,79.4,30.5,34.7
48,25,2,9.7,65.5,16,0,1.1,27.2,63.2,134.5
47,44,5,9.2,99.9,12,2,1.1,62.7,36.5,113.2
13,3,3,9.7,74.4,15,0,1.25,106.8,47.5,17.3
48,46,5,9.2,88.6,9,1,0.9,89.1,34.5,81.8
49,7,2,8.4,63.9,16,5,0.9,88.4,63.4,31.2
53,45,4,6.1,33.2,14,4,1.0,102.6,39.7,74.6
29,6,3,7.5,81.8,14,4,1.25,50.9,27.1,23.6
39,24,1,7.2,80.7,9,2,1.0,92.3,50.0,175.4
24,19,3,6.7,35.7,15,5,1.25,11.8,45.1,51.5
26,19,2,7.1,43.7,16,1,1.35,11.5,56.4,93.2
17,4,3,5.8,68.1,17,3,0.95,43.2,40.2,17.9
7,3,3,9.3,65.7,12,3,1.25,27.6,43.3,16.3
13,9,3,6.4,90.2,10,3,0.9,64.6,23.9,20.2
5,3,3,9.2,61.0,10,0,1.05,26.1,52.0,12.3
26,4,3,10.0,83.1,13,3,0.95,117.2,42.8,16.3
49,38,1,6.9,86.4,8,1,0.95,102.9,40.5,248.4
3,3,4,7.2,81.6,17,4,1.0,118.0,39.2,13.9
7,5,5,8.7,77.7,16,0,0.95,97.9,38.6,13.1
58,24,3,7.3,94.5,13,3,1.4,114.4,52.2,105.0
49,48,2,6.8,82.6,16,1,1.0,47.3,30.9,159.6
39,5,3,8.7,96.7,10,2,1.4,62.3,50.9,27.1
53,53,4,6.9,80.9,17,1,1.1,32.6,22.7,105.8
1,1,4,11.2,42.7,10,4,1.25,78.1,19.0,4.8
49,42,3,8.8,54.8,17,1,1.35,95.6,58.9,168.7
17,13,2,9.0,56.4,14,1,1.0,62.4,29.7,63.4
43,26,4,7.9,37.5,14,0,1.25,39.1,43.3,72.9
25,14,3,10.8,85.4,11,4,0.95,63.4,38.8,63.7
59,39,2,6.9,77.6,15,3,1.05,12.2,46.1,141.2
3,1,2,9.1,77.2,9,4,1.0,87.9,42.6,11.5
15,4,3,6.0,68.3,8,2,1.1,56.9,54.5,13.7
29,6,3,11.4,73.4,8,5,1.0,108.3,24.8,29.8
53,7,4,9.2,30.6,9,4,1.1,111.2,50.1,23.2
43,37,6,6.6,37.7,13,0,1.25,19.4,41.4,59.4
32,21,2,8.8,84.7,15,3,1.35,119.6,23.6,131.3
26,18,6,9.6,50.9,10,4,0.9,116.5,35.6,41.4
16,7,4,6.7,38.6,13,5,1.05,77.1,22.8,18.9
25,12,3,7.3,56.3,15,3,1.35,99.9,21.9,46.8
54,38,5,6.5,50.4,16,0,1.4,7.1,36.8,70.8
28,27,4,8.7,32.3,15,1,1.25,116.6,56.2,84.9
9,1,3,8.3,62.8,14,5,1.05,57.5,45.8,3.6
56,4,5,8.0,32.2,11,2,1.05,109.6,57.6,13.9
56,51,4,6.8,30.0,10,4,0.9,49.3,42.9,91.3
1,1,4,7.7,93.4,14,3,1.25,95.6,60.6,5.1
29,12,5,6.9,55.2,8,4,1.25,53.1,59.4,25.9
57,47,3,8.7,75.4,14,0,1.0,46.7,30.6,139.6
22,3,4,6.4,53.8,13,1,1.1,113.9,42.9,10.1
16,7,4,6.8,104.4,10,0,1.35,85.4,33.3,29.6
41,27,3,9.2,88.3,10,5,1.1,101.6,40.3,112.7
51,26,2,7.3,59.5,9,3,0.95,67.5,61.9,96.1
44,8,4,10.6,46.9,8,4,1.0,110.6,34.3,22.4
51,43,1,8.3,41.0,12,3,1.0,90.1,27.8,409.6
54,16,4,5.3,91.0,14,5,1.25,13.3,28.6,30.6
41,41,5,6.0,66.2,14,5,0.95,93.2,37.3,51.8
7,3,3,7.1,48.6,13,0,0.95,7.2,86.9,9.8
14,5,2,9.1,103.6,17,4,1.1,100.3,59.7,30.5
29,20,2,9.0,61.2,13,3,1.35,43.2,10.0,136.9
19,14,3,7.3,73.5,14,4,1.25,73.8,41.6,44.2
19,15,5,9.8,98.6,15,2,1.35,91.2,34.5,49.6
2,2,3,8.5,96.7,12,0,1.35,78.3,53.8,17.2
41,36,2,7.5,81.0,8,0,0.9,82.3,27.9,126.1
45,40,3,9.8,101.1,14,2,0.95,107.7,29.6,134.2
15,3,4,6.8,106.2,9,1,0.9,48.0,35.1,17.9
3,3,3,8.8,104.8,12,5,1.35,67.9,33.7,20.8
11,5,4,9.0,57.9,14,3,0.95,25.1,49.8,14.2
53,13,3,8.9,61.8,14,1,1.0,58.8,38.0,44.2
46,32,4,7.8,49.2,16,4,0.95,22.3,54.0,60.8
30,16,3,9.3,96.9,12,3,0.95,77.9,32.3,61.8
57,1,2,10.8,39.7,13,3,1.1,42.3,52.4,7.2
40,13,5,7.8,58.4,17,5,0.9,103.8,28.1,21.9
18,11,3,8.1,30.8,13,3,1.35,44.5,49.4,45.6
51,8,2,9.4,77.6,8,2,1.1,38.0,36.0,40.3
48,25,5,7.6,82.7,17,0,1.35,61.5,52.7,58.0
2,2,4,7.6,49.9,14,2,1.1,25.2,12.7,7.1
32,32,2,6.3,88.9,17,2,1.4,28.4,32.6,141.9
8,8,3,5.4,60.5,14,2,0.9,95.1,56.0,23.0
22,14,5,6.3,54.9,11,1,0.9,62.2,39.6,25.5
6,5,4,9.3,106.5,11,2,1.25,28.7,21.6,22.0
12,3,2,6.5,77.1,13,0,1.35,8.6,33.5,11.6
47,36,3,8.7,50.2,10,3,1.25,58.6,46.6,154.5
57,27,3,10.2,108.7,17,1,1.35,90.4,32.3,130.0
40,20,4,8.2,61.0,13,5,1.05,45.4,55.9,57.3
36,15,2,6.7,81.8,11,2,1.1,33.5,55.0,66.1
15,14,4,7.8,87.9,17,2,1.35,50.6,50.0,41.7
28,27,1,8.6,63.8,15,3,1.0,115.3,54.4,229.0
52,45,4,8.6,72.9,12,3,1.25,53.7,35.8,144.4
57,41,6,8.2,49.2,15,5,1.25,34.9,59.8,77.4
49,28,2,8.9,67.3,16,1,1.05,70.5,54.9,134.2
45,25,3,9.5,54.9,11,5,1.05,98.2,40.5,102.4
18,10,3,7.3,73.8,8,5,0.95,7.6,22.5,23.6
2,1,4,10.1,83.6,17,0,1.1,69.2,13.6,7.5
13,12,3,8.5,79.1,14,1,1.05,101.2,53.9,46.2
45,33,4,4.7,92.1,14,3,0.9,29.8,22.7,39.3
54,46,5,7.7,33.3,12,0,1.25,111.0,30.9,109.7
15,14,4,7.7,36.3,12,2,1.0,71.4,47.7,35.7
20,8,4,9.6,46.4,8,5,0.95,64.4,26.4,24.2
29,16,3,7.1,108.9,10,2,1.1,115.8,71.2,60.1
59,14,5,8.2,94.0,8,4,0.9,19.9,44.8,23.5
42,1,2,5.9,103.9,14,3,1.4,90.1,59.7,9.8
29,16,2,6.8,51.8,12,4,1.0,99.1,54.5,68.0
3,2,3,9.2,75.9,11,1,1.05,61.2,11.5,11.5
19,7,4,6.2,74.4,14,1,1.35,5.7,50.9,18.9
3,3,5,9.4,75.6,16,5,0.9,65.3,41.8,11.6
54,24,2,9.7,87.4,13,0,0.95,22.7,41.3,132.3
14,1,4,9.9,61.5,16,5,1.1,69.7,41.7,9.4
40,13,4,10.3,84.2,13,3,1.35,89.9,54.7,60.9
59,9,3,9.2,93.1,17,0,1.4,66.1,61.7,46.8
55,15,4,8.6,53.1,16,0,1.05,77.5,27.7,38.0
4,1,2,8.9,105.7,13,1,1.05,17.0,42.9,12.8
59,58,2,8.1,71.4,16,1,0.95,16.2,58.8,227.0
52,35,5,7.4,88.6,10,5,1.0,102.9,39.5,68.7
11,8,3,9.2,88.3,12,3,1.25,10.7,44.4,38.1
58,33,2,8.7,75.2,12,1,1.25,37.7,44.6,205.3
31,16,4,9.3,55.8,17,3,0.95,112.8,67.4,42.5
43,8,5,7.7,83.4,15,4,1.0,57.8,51.0,17.0
32,29,3,7.8,37.0,14,5,1.25,82.6,66.8,105.0
27,23,3,8.3,108.5,9,2,1.1,30.5,62.9,76.0
30,13,3,7.8,44.7,9,5,0.95,36.1,39.3,33.0
43,31,4,12.3,52.0,14,4,1.0,63.5,45.6,97.4
2,2,2,10.9,106.4,17,1,1.0,78.4,66.6,17.3
49,49,2,8.0,44.9,17,2,1.35,115.5,28.3,267.8
9,6,3,7.8,43.6,11,2,1.05,71.1,51.1,25.6
28,23,3,8.7,94.4,13,5,1.25,16.0,51.3,97.7
31,14,3,7.4,50.1,16,5,1.05,47.2,38.7,39.2
34,30,2,7.3,37.6,17,0,1.0,33.1,37.4,113.9
56,53,1,8.1,48.1,11,2,1.4,34.3,39.1,684.5
15,7,1,7.4,101.1,14,3,1.0,63.1,50.4,55.4
48,27,2,8.3,52.4,16,1,1.25,41.4,59.7,143.4
25,15,3,8.6,85.6,8,1,1.25,38.3,50.9,56.7
36,16,3,4.0,61.6,17,0,1.25,116.3,26.9,32.9
8,3,3,5.1,51.0,9,5,1.25,72.2,60.1,13.7
9,6,3,6.7,41.5,16,5,0.95,35.1,56.3,17.7
58,55,2,8.4,107.8,12,0,1.35,36.7,39.1,366.4
58,33,3,6.8,71.7,11,1,1.1,98.3,34.1,104.5
37,18,2,11.5,39.2,14,0,0.95,106.9,31.1,100.7
48,16,2,9.3,45.9,12,2,1.35,83.1,54.9,118.4
45,12,2,10.9,62.6,8,2,1.25,54.6,19.4,85.1
39,20,6,9.4,73.5,16,3,0.95,92.9,55.2,37.3
32,13,3,5.6,44.5,15,5,0.95,112.8,36.6,31.2
58,40,5,6.3,52.2,10,0,1.4,24.1,45.4,84.7
52,29,3,7.2,92.7,17,1,1.0,104.1,10.0,77.2
17,1,3,6.2,63.4,10,5,0.9,102.6,20.7,9.7
35,29,4,9.6,30.1,10,5,0.9,47.1,33.8,75.2
37,22,2,7.8,34.3,14,4,1.1,38.6,31.1,92.0
19,13,2,8.3,65.1,9,1,0.9,70.0,51.1,52.3
44,13,6,10.1,34.8,16,5,1.25,36.3,45.6,31.3
29,28,3,10.9,43.9,11,4,0.95,21.7,65.2,116.7
59,9,1,7.6,88.2,14,4,0.9,114.6,48.2,64.0
7,7,1,6.0,68.4,15,3,1.35,61.5,34.2,57.1
28,4,5,6.2,68.6,12,4,1.4,59.3,56.7,12.4
9,5,5,9.7,77.9,15,2,1.05,19.5,36.4,12.1
28,7,3,8.4,93.1,11,2,1.25,63.0,35.8,30.3
6,5,2,6.7,42.7,17,5,0.9,90.4,42.0,17.0
29,9,4,9.1,43.8,9,3,1.25,33.5,61.4,30.8
58,14,3,6.4,39.7,10,1,1.1,47.4,54.6,42.8
17,12,3,5.3,104.9,13,1,0.95,25.6,54.2,34.7
16,4,4,5.0,76.2,17,5,1.4,45.8,65.5,13.5
23,20,3,5.8,37.4,13,5,1.0,104.0,54.0,51.5
31,29,3,9.7,47.7,14,1,1.05,32.3,27.3,96.8
3,1,5,7.7,88.0,11,1,1.25,8.4,48.5,8.8
21,8,4,7.9,32.3,15,2,1.4,66.7,61.5,27.2
26,21,3,8.3,88.1,15,2,1.1,71.6,23.8,63.2
36,29,2,6.5,102.9,14,3,1.1,42.8,41.8,110.5
42,27,2,7.3,34.5,10,3,1.4,78.8,29.2,158.2
37,1,3,7.4,44.9,10,3,0.9,9.4,43.5,2.1
53,52,3,6.6,30.2,9,1,1.4,44.2,55.6,164.7
22,2,3,7.3,38.7,14,1,1.35,21.6,58.1,7.4
42,4,2,7.8,79.4,13,2,0.9,31.4,39.8,21.0
12,8,2,7.6,33.6,14,2,0.9,49.0,49.9,30.8
42,21,3,8.6,64.1,9,0,1.4,61.7,24.0,89.2
13,1,3,7.3,70.3,11,0,1.1,15.7,21.0,6.5
11,7,3,10.3,102.5,8,5,1.0,16.7,55.4,29.6
54,1,3,6.5,67.9,9,1,1.0,82.5,10.0,8.5
16,9,4,7.2,41.4,14,5,0.95,51.5,33.8,21.2
8,3,4,8.6,53.1,12,2,1.4,25.3,50.1,16.5
40,15,3,8.9,83.8,17,1,1.25,32.0,44.6,60.5
59,31,2,6.2,39.0,10,5,1.4,87.8,10.0,155.9
57,54,3,7.8,48.5,9,5,1.0,11.0,48.3,140.3
40,16,3,9.2,109.7,10,4,1.05,63.5,31.7,66.0
45,10,2,5.6,30.4,11,0,0.95,46.4,43.4,35.5
59,54,6,7.9,42.2,17,3,1.4,98.3,34.5,102.8
2,1,3,5.8,97.5,17,1,0.95,95.9,33.7,8.5
30,27,3,6.8,38.1,12,4,1.05,84.3,20.4,75.6
30,27,3,8.1,32.7,15,3,1.05,49.3,37.7,83.3
12,6,2,7.7,39.7,16,5,1.35,77.6,56.8,35.4
10,1,2,6.3,85.5,9,4,1.05,78.6,36.9,10.1
44,22,3,9.8,109.4,10,2,1.1,43.2,37.5,97.6
11,8,2,7.5,77.3,11,2,1.0,106.2,33.5,34.2
15,13,2,8.8,39.9,14,2,0.95,118.3,26.6,56.8
16,1,6,10.3,44.7,13,5,1.0,41.2,30.0,3.4
17,11,3,7.0,73.0,13,3,1.0,97.1,44.7,31.6
26,24,1,8.9,87.3,17,3,1.1,62.6,71.5,236.1
2,1,3,8.6,83.0,14,2,1.0,58.3,53.7,6.7
50,42,3,5.9,76.0,8,5,1.25,49.5,49.4,108.8
12,7,3,9.8,108.9,15,3,1.0,38.6,65.9,33.7
51,5,1,8.2,45.8,16,2,1.4,110.7,47.6,51.6
26,12,3,7.2,43.8,9,1,1.25,90.2,54.9,42.7
23,16,2,5.6,98.7,8,2,0.9,55.7,44.6,43.4
18,18,3,6.1,53.3,11,5,1.0,91.4,47.4,48.5
32,3,3,7.8,56.6,9,0,1.35,87.6,25.1,17.8
49,20,1,6.0,73.9,13,1,0.9,35.7,38.3,121.5
38,15,2,8.9,60.5,10,5,0.95,25.3,35.3,76.4
57,5,3,7.4,53.0,16,2,0.9,101.2,34.6,17.8
47,13,3,5.7,103.4,15,0,1.1,98.3,33.9,35.4
3,3,2,7.0,40.3,14,2,0.95,119.6,59.2,12.3
38,12,2,6.4,62.3,14,1,1.4,7.2,37.6,53.7
3,2,6,6.2,30.2,14,2,1.05,67.1,40.3,9.9
30,23,1,4.7,94.6,12,3,1.4,85.7,69.2,174.1
1,1,6,8.1,43.5,15,2,0.9,72.0,51.3,5.3
30,21,1,6.6,91.8,11,1,1.1,86.7,42.1,176.6
45,37,2,10.8,41.9,12,4,1.25,20.8,54.7,288.3
32,6,3,9.5,63.3,10,2,1.35,5.2,34.0,30.2
28,7,2,10.4,88.3,10,3,0.95,15.7,36.9,43.3
21,10,2,9.1,51.7,9,1,1.0,48.7,37.7,46.2
58,48,2,7.1,55.1,12,0,0.95,42.8,45.0,186.1
46,8,6,8.5,83.4,9,4,1.05,105.5,47.6,19.8
13,9,3,7.5,45.0,17,5,1.25,14.6,30.6,29.1
27,27,3,8.5,106.1,11,2,1.0,55.9,46.9,98.6
36,4,4,9.3,45.1,17,1,0.9,115.1,49.3,12.3
7,5,4,8.9,90.0,8,3,1.1,62.8,36.4,14.9
22,21,4,8.0,94.2,9,3,1.35,20.2,40.0,60.8
10,8,3,8.1,59.9,8,1,1.1,38.5,28.4,27.8
39,25,2,8.3,42.5,9,3,1.05,77.1,23.9,114.5
53,39,2,9.7,43.3,11,5,1.05,6.4,28.2,224.9
15,15,2,7.3,108.8,8,4,1.4,116.3,50.6,79.7
15,5,2,7.6,88.0,13,0,1.05,70.2,48.3,34.7
4,3,1,7.2,66.0,8,3,1.4,86.0,65.1,28.4
32,17,5,8.2,50.6,10,3,1.25,62.4,42.5,52.4
23,11,5,9.0,31.5,9,0,1.05,115.2,42.6,27.0
55,41,2,8.4,83.6,9,4,1.4,72.8,46.0,241.7
6,5,2,7.9,106.6,11,4,1.0,81.1,29.2,29.5
24,10,2,9.6,38.5,16,4,1.1,104.0,52.8,58.7
20,15,2,6.8,90.4,10,5,1.1,104.1,46.6,70.3
58,28,2,5.8,42.3,13,3,0.9,8.2,30.6,85.1
37,14,5,8.5,93.4,17,3,0.9,37.6,46.5,27.1
20,4,2,7.9,59.6,10,4,1.05,33.3,51.1,21.1
12,5,2,7.7,87.0,17,3,1.05,5.8,26.0,19.3
33,20,2,6.0,104.1,12,2,1.25,105.8,54.7,97.1
28,2,6,8.3,79.6,16,3,0.95,41.5,36.6,10.4
8,4,5,10.7,103.7,10,5,1.35,44.9,10.0,17.9
1,1,4,6.0,48.8,15,4,0.9,16.5,53.7,1.5
37,33,3,7.8,108.3,13,1,1.0,118.8,58.1,105.4
22,20,2,8.1,99.8,15,4,1.35,100.0,28.5,113.9
6,5,2,7.3,38.6,9,1,0.95,70.8,21.9,22.2
21,6,3,8.2,63.1,16,3,0.95,93.8,57.9,21.1
32,30,4,7.3,104.2,8,3,1.4,94.4,34.6,87.7
35,24,2,8.2,36.2,10,5,1.4,80.5,58.1,160.3
15,11,3,7.6,66.3,11,1,1.25,25.0,20.5,46.4
5,4,3,7.2,87.9,13,4,1.4,87.8,58.9,20.9
56,38,2,7.9,32.7,11,0,1.1,70.5,54.9,192.2
46,16,3,8.7,90.2,9,0,1.4,88.3,48.5,65.4
50,15,3,5.7,58.9,10,4,0.9,67.5,17.9,35.8
48,46,1,9.0,49.9,10,3,0.95,115.0,37.7,454.3
6,4,3,6.9,76.1,13,1,1.1,77.1,54.1,14.8
25,12,5,8.9,73.5,12,1,0.9,71.0,21.8,25.1
56,48,2,7.0,99.9,12,4,1.35,101.9,35.7,268.8
46,15,3,9.1,84.1,11,4,0.9,48.6,46.8,48.4
59,29,2,7.9,63.7,11,2,1.25,41.3,28.1,166.7
56,45,3,6.6,82.0,16,5,1.35,62.9,57.6,138.4
40,21,4,7.3,90.0,14,1,1.25,72.2,55.2,54.7
29,15,3,9.8,105.0,15,5,0.95,30.4,44.9,50.9
7,6,2,8.1,86.3,11,2,1.1,83.5,47.2,33.2
40,16,6,7.3,73.5,10,3,1.35,97.3,35.5,34.2
13,10,4,9.7,59.8,8,1,1.4,71.4,49.1,38.5
38,4,3,9.3,101.3,16,5,1.05,65.1,34.8,21.4
18,9,3,6.7,93.4,16,4,1.05,38.9,39.6,28.6
2,1,2,7.7,36.2,9,4,1.0,109.6,36.1,12.2
8,4,4,5.4,86.0,11,3,1.4,91.8,59.2,14.0
11,9,3,9.3,73.1,11,5,1.1,60.2,56.5,38.1
33,7,3,8.0,38.3,8,5,1.0,80.8,30.0,27.1
54,53,2,9.0,75.2,9,0,0.9,43.7,58.1,219.0
38,4,3,5.1,45.4,15,2,0.9,11.9,32.4,12.3
48,5,4,7.6,86.7,13,4,1.0,28.5,64.2,19.7
27,5,5,8.3,52.3,8,5,0.9,14.1,60.9,8.7
20,11,2,4.8,42.0,14,1,1.4,63.4,68.3,43.3
12,9,3,9.0,36.6,14,5,1.25,76.5,45.5,36.3
43,28,3,7.5,69.3,13,1,1.05,48.8,38.6,92.6
31,16,5,5.4,46.0,15,1,1.35,66.0,38.4,26.3
27,9,4,7.2,98.4,12,3,1.4,14.8,46.5,32.6
32,22,6,8.7,30.2,9,0,0.9,93.5,29.8,34.2
10,4,6,6.6,97.5,11,2,0.95,8.8,13.1,11.0
3,3,2,7.9,71.7,15,1,1.25,78.0,37.2,20.9
45,2,4,7.4,103.8,15,1,1.4,54.8,42.5,11.6
27,14,3,5.0,46.4,12,4,1.05,26.1,48.7,28.5
35,3,2,8.9,38.2,13,0,0.9,65.2,46.8,16.1
31,18,2,9.2,80.0,16,4,1.4,94.8,43.7,116.9
15,5,2,9.7,86.5,17,3,0.9,52.6,56.0,21.5
16,6,4,8.0,59.8,17,3,1.1,47.3,31.5,13.0
13,11,3,8.7,31.1,17,2,1.0,21.4,33.9,37.7
49,18,5,5.6,62.6,9,3,0.9,73.4,67.3,28.6
35,5,3,8.4,48.7,12,2,1.05,100.2,10.0,20.3
52,9,4,7.5,57.8,16,4,1.4,69.6,55.4,28.0
11,4,2,7.9,70.5,10,1,1.35,24.0,48.8,26.2
59,28,3,6.3,86.2,13,1,1.05,81.0,42.0,78.7
21,18,3,9.7,107.1,11,0,0.95,8.5,52.8,72.7
51,19,2,5.5,41.5,11,3,0.9,101.4,50.6,61.3
54,3,4,8.4,84.4,10,0,0.9,111.0,24.5,10.3
11,9,3,6.6,48.7,17,0,1.05,73.7,30.3,28.3
30,4,1,11.2,47.7,8,1,1.4,106.4,36.2,53.6
48,31,4,9.0,80.7,15,3,1.4,14.7,16.5,99.7
53,49,2,8.0,92.1,12,1,1.25,31.3,41.9,284.1
35,17,3,6.5,108.2,9,5,1.35,41.5,49.7,55.5
22,2,3,9.3,91.5,8,0,1.05,93.9,56.0,11.7
38,5,1,4.0,42.6,8,3,1.05,60.7,42.9,21.2
31,15,4,8.6,48.0,11,5,0.9,45.1,33.0,35.5
14,3,4,8.8,90.9,11,5,0.95,23.2,44.7,9.4
24,19,4,8.7,72.2,13,5,1.1,98.2,41.1,61.7
50,28,2,9.3,53.6,14,1,1.0,7.4,51.4,128.9
49,3,2,7.2,67.7,8,2,1.05,43.8,41.5,21.0
32,6,2,8.8,103.2,17,5,0.95,32.9,52.7,33.0
36,4,6,7.0,90.4,9,2,0.9,19.8,38.9,11.2
32,24,2,6.8,66.1,10,4,1.4,24.8,57.5,128.2
55,31,3,6.5,108.4,16,4,1.25,61.8,44.1,92.3
15,13,5,7.6,93.6,11,3,0.95,54.0,34.8,25.2
43,11,4,9.7,30.5,13,4,0.95,64.6,38.0,33.2
58,37,4,10.6,39.0,9,3,0.9,88.7,50.7,92.6
35,1,6,7.6,74.3,9,0,1.1,107.6,26.8,8.3
3,1,3,7.0,58.0,9,2,0.95,18.6,40.4,7.4
16,1,3,10.0,95.0,12,3,1.4,14.5,54.8,5.5
5,1,1,8.7,101.7,16,0,1.1,41.8,48.2,11.8
21,3,2,8.0,49.3,13,2,0.95,67.8,28.2,12.7
10,10,3,6.3,91.1,16,1,0.95,16.5,45.7,24.6
19,10,2,10.1,72.8,13,0,0.95,87.3,25.9,56.9
25,8,4,8.1,61.4,16,1,1.1,69.0,44.2,24.0
4,4,1,8.0,92.9,12,4,1.05,91.1,58.6,40.0
29,25,2,8.8,75.2,8,3,1.0,46.2,42.9,109.1
19,15,4,8.0,80.8,13,2,1.0,51.1,28.4,43.1
43,41,2,10.2,35.0,11,4,1.05,97.9,39.7,254.4
2,2,4,9.5,76.9,16,0,0.9,35.7,44.3,13.3
10,9,6,7.2,54.1,13,4,1.0,48.9,55.1,18.2
43,10,4,8.1,69.5,8,1,0.95,6.6,55.0,24.3
25,20,3,7.1,47.8,13,1,0.9,68.9,28.9,54.5
20,9,5,10.8,79.2,10,5,0.9,102.9,38.1,27.0
48,47,2,6.9,41.8,10,3,1.05,8.2,46.7,196.4
19,1,4,7.8,39.8,14,4,1.35,75.6,34.7,7.3
23,2,1,8.5,45.1,9,5,1.4,102.2,48.0,19.7
24,19,2,8.8,95.4,16,2,1.35,61.8,25.8,115.8
11,8,6,9.0,32.7,16,1,1.4,41.0,45.1,22.8
46,38,3,9.2,88.4,14,0,1.25,119.6,54.3,151.1
34,12,4,9.0,34.5,16,4,1.35,12.5,42.6,39.5
55,26,3,7.4,77.3,13,2,1.0,29.2,44.1,72.8
28,27,4,7.2,91.9,16,2,1.05,106.8,52.1,60.2
5,5,6,8.1,48.5,17,2,1.25,39.2,36.7,11.5
59,15,3,7.2,45.7,9,2,0.95,99.3,49.5,36.0
5,5,3,7.0,53.1,12,5,1.05,43.3,41.6,22.7
51,1,3,7.4,86.0,13,1,1.1,98.4,31.1,11.8
21,11,5,11.2,50.4,13,3,0.9,83.9,52.8,31.1
12,12,2,10.3,70.1,11,4,1.35,58.9,58.8,98.1
50,3,3,7.6,40.8,11,1,0.9,65.1,55.9,12.0
4,3,3,4.9,66.9,12,3,1.4,25.4,52.8,10.0
54,18,2,7.1,80.0,13,2,1.1,18.3,48.1,80.3
49,34,2,9.3,35.7,15,0,0.95,87.4,46.4,152.6
42,32,3,5.7,95.2,17,2,0.9,102.6,40.9,61.6
20,7,5,8.9,105.0,8,3,0.9,88.0,34.0,19.7
38,8,3,8.8,45.5,15,3,1.1,110.0,17.2,24.0
25,19,3,8.0,90.8,9,0,0.95,107.4,23.2,53.9
14,6,3,7.9,55.1,14,5,1.1,94.5,42.2,20.3
11,10,3,6.6,84.1,11,1,0.9,108.3,26.7,29.8
32,22,5,9.0,54.5,15,5,1.1,24.2,47.0,47.0
11,1,3,8.5,99.0,13,0,1.0,89.1,63.0,11.9
18,6,2,7.3,57.8,12,2,0.95,91.7,10.0,28.1
27,13,2,6.8,97.9,17,4,0.95,22.7,30.3,43.4
55,46,5,6.2,91.3,17,1,1.1,109.6,68.2,67.1
54,35,6,8.6,45.7,12,4,1.25,6.0,52.0,70.1
18,11,2,7.7,42.6,11,4,1.25,55.0,40.7,60.4
56,3,2,7.7,92.4,10,1,0.95,7.5,35.6,11.1
23,19,3,5.7,61.2,10,2,0.9,65.2,49.0,45.0
11,10,4,6.4,106.0,10,5,0.9,52.4,53.8,26.4
21,15,3,6.2,105.4,14,3,0.95,76.7,26.8,34.5
44,11,6,9.2,85.5,15,2,1.4,93.1,59.9,27.3
5,2,4,8.3,70.0,15,5,1.1,93.4,46.8,10.4
23,13,5,7.6,45.6,9,3,1.35,88.1,53.3,30.1
41,32,3,9.7,100.6,10,3,1.25,16.7,54.3,151.5
59,37,3,9.4,36.6,9,1,1.4,53.0,45.7,163.8
25,4,4,9.7,59.6,13,1,0.95,98.8,47.3,15.9
41,13,3,7.6,55.5,10,0,0.9,80.2,48.2,38.1
54,9,2,5.9,106.7,13,5,1.35,83.3,37.7,48.9
10,9,2,10.6,39.4,11,4,1.05,31.1,49.8,60.8
22,17,3,8.8,101.2,17,4,0.95,42.4,38.9,56.3
19,2,3,8.8,66.5,17,4,1.05,114.9,42.0,8.9
1,1,3,9.0,33.8,13,4,1.0,102.4,60.8,14.6
7,5,2,12.1,88.3,10,0,1.1,24.0,41.6,39.5
4,4,3,7.8,38.1,12,3,1.4,67.6,47.0,18.5
1,1,2,10.2,49.0,15,0,1.0,61.4,39.9,5.3
15,7,4,6.7,94.0,10,5,1.35,56.0,37.6,24.8
40,1,3,9.2,42.4,16,1,1.35,59.1,65.1,9.1
12,12,4,10.7,56.0,16,2,1.35,78.9,24.4,51.9
22,12,4,7.9,58.9,14,3,1.05,116.2,42.6,32.7
22,21,4,5.1,77.1,15,3,0.9,105.7,27.6,29.8
50,11,4,8.9,93.2,16,0,1.25,105.6,57.1,35.6
47,44,3,7.7,48.5,8,1,1.4,85.9,41.3,163.6
17,12,2,9.3,46.5,14,1,1.4,7.0,36.4,71.7
29,12,4,7.3,47.8,17,5,0.9,55.7,20.0,29.1
46,14,3,11.6,60.5,10,3,0.9,63.8,60.9,58.1
14,2,3,8.2,72.8,13,0,0.95,101.9,26.1,13.7
50,34,3,9.2,31.1,16,4,1.25,111.1,47.8,137.8
20,4,5,6.5,92.4,17,3,1.25,56.9,53.2,20.4
50,26,2,6.2,104.1,15,4,1.25,39.6,68.1,106.9
48,16,3,6.1,97.5,9,2,1.0,43.8,35.4,38.3
33,10,6,6.1,33.0,11,1,1.0,71.5,31.7,17.3
55,45,4,9.0,72.0,12,3,0.9,36.6,36.9,109.6
59,2,1,7.1,95.1,17,2,1.35,109.7,34.9,17.7
43,35,5,6.1,57.5,13,4,0.95,53.1,19.4,55.5
15,3,2,7.0,101.8,14,3,1.35,118.9,61.6,23.5
12,6,4,9.1,101.0,11,2,1.4,17.6,37.0,25.6
40,19,3,9.0,41.3,11,3,1.0,26.6,40.1,66.4
54,53,3,9.5,69.5,12,2,0.9,63.8,49.5,176.8
20,20,4,7.6,32.1,16,2,1.05,104.9,58.6,45.0
30,19,2,11.0,52.5,16,4,0.95,45.7,28.1,102.2
38,8,2,9.6,94.9,8,1,1.05,101.3,46.3,45.4
3,2,4,6.2,108.0,12,0,1.0,53.9,27.4,15.6
28,10,2,9.2,103.1,12,2,1.25,103.1,46.0,75.0
56,3,6,8.0,33.4,14,1,1.05,36.9,45.5,10.1
26,6,3,7.8,104.1,15,5,0.9,59.3,36.3,24.0
30,29,2,8.0,95.8,10,0,1.05,37.1,44.8,149.6
13,7,4,7.0,99.4,8,4,1.25,29.8,45.0,23.1
13,7,3,9.5,103.2,9,3,1.1,53.4,41.0,30.2
2,2,2,7.1,69.1,13,1,1.05,43.5,39.5,11.0
37,19,3,7.2,46.9,13,3,1.4,95.5,25.6,73.2
49,28,6,9.1,31.7,12,3,1.25,91.0,28.9,68.6
38,26,3,11.3,31.9,12,0,1.4,46.2,34.6,156.6
2,2,3,7.3,81.4,16,5,0.9,119.1,29.9,8.6
36,4,3,6.1,57.0,14,1,0.95,117.0,35.1,12.2
54,2,1,9.7,69.7,13,2,0.95,110.6,41.1,22.0
26,3,2,8.3,40.5,14,5,1.35,72.4,43.1,18.3
11,7,4,8.8,108.0,10,0,1.35,52.4,48.7,34.0
8,7,6,8.1,40.4,14,1,1.1,41.0,43.9,16.5
44,16,2,8.9,65.6,10,2,1.4,6.7,43.4,111.5
40,31,3,8.5,65.5,15,3,1.35,77.7,48.4,122.3
43,10,6,7.2,30.7,17,4,1.05,68.6,31.0,20.2
22,19,2,9.1,83.4,17,4,1.0,77.4,32.0,88.3
20,17,2,8.8,73.1,16,0,1.05,71.2,37.5,81.6
8,4,5,7.4,69.8,10,5,1.05,20.8,33.6,13.7
29,19,4,7.7,95.4,14,2,0.9,85.0,21.0,44.0
40,37,2,6.8,49.3,15,2,1.1,46.5,48.9,140.9
26,23,3,8.7,98.9,10,4,1.0,64.4,30.0,84.0
30,20,2,8.7,99.2,13,2,1.35,47.1,63.7,139.2
17,13,3,7.9,96.1,14,1,0.95,7.5,44.0,36.2
20,13,4,6.3,57.3,11,1,1.0,105.8,24.0,32.0
52,43,3,5.0,43.0,13,4,1.05,22.1,50.0,91.5
55,11,3,7.7,68.0,14,3,0.95,71.9,42.4,36.5
16,16,3,8.4,50.8,14,3,1.1,106.6,45.5,59.8
46,15,2,9.0,34.2,8,3,1.25,30.5,36.0,84.3
43,17,1,9.7,52.4,9,4,1.1,52.4,30.8,182.0
7,6,4,7.5,67.5,8,0,1.1,48.4,24.5,18.4
16,2,3,5.6,39.0,16,2,1.35,15.3,26.6,7.1
45,28,2,7.2,105.5,14,1,1.35,53.7,25.6,144.4
59,19,3,11.3,82.5,14,5,0.95,60.1,37.7,71.1
47,4,4,10.5,40.9,10,1,1.1,8.1,41.4,13.8
56,22,3,8.6,95.0,12,5,1.4,61.1,23.4,103.3
48,22,3,7.4,104.2,9,0,1.25,15.8,52.8,73.2
27,23,2,7.9,51.0,12,2,1.35,107.6,43.7,145.1
53,37,2,10.6,41.5,15,3,1.35,79.8,71.1,266.6
23,7,4,8.3,55.8,17,5,0.95,11.5,37.1,17.3
24,2,3,7.4,96.6,10,1,0.95,100.1,68.8,17.0
9,1,4,10.0,44.0,11,3,0.9,46.6,51.0,12.3
35,33,5,5.1,92.3,15,3,0.95,30.9,18.5,38.9
51,12,6,6.5,87.3,9,4,1.0,34.2,27.7,22.3
20,2,2,6.8,82.1,8,4,1.05,73.7,45.8,12.2
37,28,2,9.5,64.7,10,2,1.4,14.4,21.0,211.7
42,10,3,7.2,59.3,9,1,1.25,11.8,31.2,33.8
17,17,1,5.3,36.8,17,4,1.1,77.2,22.9,101.7
47,26,4,7.0,58.6,9,2,1.05,117.9,67.7,48.4
31,3,5,7.3,78.1,11,0,1.35,60.6,55.2,11.3
55,7,4,7.9,101.9,13,3,1.05,52.5,37.9,20.7
57,44,2,8.2,96.6,17,1,1.4,113.9,60.1,255.8
8,8,2,9.5,32.6,17,1,1.4,32.7,57.1,51.3
15,4,3,7.5,41.1,12,2,1.35,32.7,57.7,16.7
31,12,4,7.1,97.9,11,4,1.35,109.1,35.3,38.2
53,35,3,8.1,105.1,15,3,1.0,79.4,38.3,100.1
30,17,1,8.4,34.5,12,3,0.9,11.2,28.8,141.4
46,28,2,7.1,86.1,9,1,1.25,82.5,40.6,126.8
20,9,6,5.4,59.3,11,1,1.05,99.3,32.2,16.3
39,10,4,7.3,59.1,14,3,1.05,36.5,29.1,24.3
53,22,5,9.2,81.4,11,0,1.25,49.0,55.6,64.4
55,38,4,7.9,94.8,13,2,1.25,27.7,50.1,109.5
12,9,3,9.9,52.0,9,0,1.35,77.8,31.4,41.2
49,33,2,8.8,86.4,16,4,1.1,81.4,53.3,166.2
17,12,3,7.2,80.9,11,0,1.1,12.9,45.7,40.1
42,37,3,10.2,71.4,8,0,1.4,82.9,38.2,177.5
30,13,5,6.7,78.2,10,4,1.05,80.7,61.1,24.2
29,27,2,5.5,31.4,14,5,0.9,9.0,45.7,67.1
19,15,2,8.5,30.3,17,5,0.95,68.9,63.3,63.6
46,22,3,6.8,74.0,16,2,1.0,75.6,48.8,57.3
11,11,2,7.9,71.9,13,3,1.05,54.5,49.8,49.3
34,34,3,6.4,35.7,11,0,1.35,108.7,29.1,115.2
50,44,2,8.0,69.4,9,2,1.0,42.8,35.3,183.4
7,4,2,8.7,90.6,16,4,0.9,12.7,59.5,16.7
44,34,3,8.9,73.3,15,5,1.25,82.3,55.9,131.2
58,58,3,6.3,71.4,14,2,0.9,74.6,37.7,114.0
34,19,3,6.0,87.4,9,5,1.0,118.7,25.8,46.4
59,8,2,8.6,43.7,9,0,1.1,31.6,61.9,34.9
20,7,5,7.4,66.6,15,3,0.95,50.5,54.8,14.5
50,33,2,7.2,41.8,16,4,0.9,58.0,28.3,105.3
38,28,1,7.8,71.9,16,4,1.4,104.1,28.3,304.1
24,5,3,7.7,77.4,15,0,1.1,52.7,64.0,17.4
10,9,2,8.6,39.7,8,5,1.4,93.8,35.9,52.1
32,4,3,8.7,36.0,12,2,1.4,23.0,36.1,22.3
52,17,6,9.5,43.3,14,3,1.35,52.1,33.8,43.0
15,8,4,7.6,76.9,17,4,0.9,22.8,46.3,20.3
37,21,3,9.5,45.2,13,0,1.4,114.2,25.2,106.7
20,2,3,8.9,52.0,8,0,1.05,25.4,44.9,6.5
3,3,2,9.3,86.2,17,1,1.25,53.2,25.1,21.8
37,33,3,6.3,49.9,13,5,0.9,14.5,25.2,76.9
57,30,3,7.8,61.8,11,1,1.0,111.0,25.6,99.2
40,12,6,10.8,104.3,10,2,1.25,76.7,26.1,39.4
8,4,2,5.9,96.0,11,0,1.1,115.7,50.7,21.1
40,12,3,10.7,50.4,15,5,0.9,9.9,50.7,41.1
44,24,5,10.6,77.8,13,2,1.0,25.1,40.0,58.7
56,24,4,9.1,83.3,16,2,0.95,48.7,34.4,57.2
23,11,6,6.0,102.0,12,3,1.0,76.5,58.6,28.6
40,13,3,7.7,73.8,16,1,0.9,42.9,50.3,33.5
11,11,3,9.2,74.9,11,2,1.25,86.9,27.9,48.1
46,8,4,6.0,101.1,11,3,0.95,24.0,46.2,21.1
8,2,2,9.0,34.4,13,3,1.05,74.1,45.6,11.0
29,8,2,8.2,80.3,17,5,1.0,50.8,50.6,35.4
30,20,4,7.1,63.3,14,1,0.9,63.4,75.0,40.8
56,8,3,6.3,102.8,9,1,0.9,70.5,32.2,25.6
10,9,5,10.2,106.8,11,0,1.05,11.9,48.7,27.3
39,7,6,9.2,43.6,15,2,1.4,111.3,60.0,23.4
28,14,5,7.8,52.5,16,3,0.9,95.4,62.6,22.2
49,28,2,8.1,51.9,12,0,1.35,55.9,44.2,176.5
36,2,4,7.6,38.1,13,5,1.0,68.0,26.3,8.8
13,9,4,5.3,68.6,17,2,0.95,8.7,20.5,8.2
32,11,6,9.9,71.0,14,2,1.4,62.3,51.9,27.6
36,8,3,8.3,75.8,14,0,1.0,54.0,46.1,26.6
37,13,2,9.4,83.0,10,3,1.25,48.1,43.5,90.2
26,21,5,7.3,35.0,9,0,1.25,98.8,45.4,44.9
22,15,3,8.1,79.8,17,2,1.0,25.9,53.7,43.2
4,4,3,8.5,103.1,15,0,1.35,25.3,48.6,22.6
31,3,3,9.5,66.4,16,0,1.35,65.0,46.6,16.8
18,14,3,10.7,38.5,15,5,1.1,84.0,34.9,61.4
38,15,4,7.5,36.9,15,2,1.1,7.6,54.5,34.1
24,2,3,7.5,52.5,9,1,1.1,67.8,35.1,8.6
56,51,4,7.6,90.2,11,5,1.0,39.4,53.6,118.1
23,12,1,7.1,50.9,13,3,0.9,92.0,37.3,91.5
22,20,3,12.0,95.1,15,2,1.4,58.9,49.1,118.3
2,2,3,5.5,95.6,9,5,0.9,100.9,63.2,10.0
31,3,4,12.0,66.6,15,5,1.05,50.7,49.9,12.5
55,5,3,9.0,54.1,8,1,1.0,100.1,59.0,22.5
11,3,3,7.9,77.8,13,0,1.05,87.4,37.5,16.5
28,25,4,6.7,94.8,15,1,1.35,100.2,43.2,62.9
46,19,4,7.9,35.2,15,2,1.05,98.4,37.7,44.1
32,2,3,7.2,106.3,14,5,0.9,60.9,22.1,12.6
5,4,3,10.1,81.7,14,5,1.35,47.3,54.8,20.8
38,37,3,8.9,61.9,17,2,1.05,93.0,48.8,118.7
10,6,3,10.5,70.5,16,0,1.25,46.6,48.0,29.9
40,17,2,7.6,60.8,9,5,1.4,15.3,56.8,85.4
46,14,5,8.2,63.0,8,2,1.0,103.8,28.4,27.6
24,22,4,7.9,77.6,9,4,0.95,50.7,25.5,46.7
35,10,3,7.4,34.8,10,1,1.4,20.2,56.9,39.1
44,3,3,6.5,44.0,16,4,1.35,79.3,41.2,12.7
48,36,5,9.1,48.2,17,4,1.1,107.3,44.6,78.0
23,6,2,8.5,62.6,14,1,1.1,104.0,24.4,37.1
17,16,4,7.9,59.7,12,2,1.35,68.8,59.7,50.5
1,1,2,8.8,87.8,12,1,1.25,15.1,50.1,5.6
55,39,3,7.4,50.7,13,0,1.0,85.1,35.1,113.0
31,15,5,8.0,34.6,9,4,1.1,75.0,67.0,29.9
31,30,3,9.3,34.4,8,5,1.4,29.2,25.6,129.7
42,21,3,9.5,30.9,8,4,1.35,108.6,38.0,93.5
57,30,5,10.3,33.0,10,2,1.4,15.0,53.8,104.7
55,28,4,6.3,98.7,8,1,1.25,47.9,55.8,65.6
42,31,4,6.6,85.8,16,5,0.95,15.9,24.1,50.7
53,52,3,6.3,109.7,17,3,1.05,109.9,38.6,124.7
56,26,3,7.0,31.6,12,5,1.1,9.1,50.9,79.7
34,22,4,7.5,97.9,16,2,0.9,54.0,59.7,44.8
9,5,6,8.7,85.7,12,2,0.95,104.1,58.7,13.1
22,1,4,9.7,81.2,8,2,0.95,33.9,50.4,8.0
13,5,4,7.4,58.5,14,1,1.1,17.1,43.1,17.4
25,13,2,8.9,60.1,14,2,1.25,19.6,39.8,74.5
48,21,4,9.9,97.6,11,0,1.1,51.6,48.0,75.2
18,14,4,7.3,87.1,10,0,1.35,54.3,59.2,43.8
51,9,4,7.6,83.6,8,4,0.95,87.6,39.4,19.8
12,1,2,8.1,32.5,14,4,1.0,32.4,38.7,1.3
40,21,5,5.5,44.7,12,1,1.25,85.7,55.7,34.4
17,7,2,8.8,107.0,17,3,0.95,119.9,54.7,37.4
15,11,2,6.2,66.3,8,4,1.35,104.4,36.0,51.5
42,22,4,9.2,92.5,8,4,0.95,78.1,26.2,56.4
15,12,4,7.4,61.1,10,4,1.35,113.1,21.4,40.5
15,7,3,7.2,91.1,10,5,1.35,119.0,43.6,29.6
55,6,4,6.5,39.5,9,4,0.9,70.6,28.7,16.7
39,16,3,8.8,33.4,15,2,1.4,36.5,52.8,65.2
13,10,1,8.8,67.3,15,4,1.35,110.2,21.4,112.7
17,5,2,7.3,77.3,13,5,0.95,102.1,61.4,25.9
32,9,5,10.7,55.9,12,1,1.1,14.7,38.0,23.5
9,8,2,8.1,87.3,13,5,1.35,112.7,32.4,50.4
40,14,2,8.0,69.7,8,2,1.05,47.1,35.5,59.0
20,12,4,8.1,104.3,9,5,1.4,42.0,31.6,41.9
26,10,3,7.0,36.8,14,2,1.35,44.5,60.2,36.6
27,20,4,6.5,35.3,8,1,1.25,41.8,50.1,46.9
21,20,5,7.4,102.4,15,3,1.4,64.3,43.2,48.8
18,13,4,9.0,83.5,10,4,1.05,71.7,27.6,39.7
13,13,3,5.2,83.7,11,0,1.05,53.9,41.3,34.3
16,3,3,5.8,32.2,14,3,1.05,52.4,32.8,9.9
9,8,4,7.1,105.0,17,4,1.05,89.8,10.4,22.6
12,7,3,5.3,91.7,14,0,1.0,5.3,33.7,12.8
44,42,1,5.9,91.1,9,2,1.05,113.9,49.3,260.2
38,35,3,9.2,103.0,12,5,1.25,87.2,36.9,161.5
19,3,1,7.3,76.3,15,2,1.25,86.3,40.3,26.3
7,2,6,6.7,61.6,16,2,1.1,53.5,54.5,8.0
57,5,4,8.2,68.5,12,4,0.95,116.1,52.3,15.5
35,16,2,8.2,92.2,9,1,1.35,5.0,65.5,84.2
48,17,2,9.7,91.5,11,2,1.25,13.8,15.7,118.9
18,6,6,5.3,78.8,12,2,1.0,97.5,31.9,14.2
16,10,3,6.6,47.4,13,2,1.1,90.0,52.9,32.1
55,32,4,7.1,95.5,13,5,1.0,36.2,47.2,71.1
39,20,3,8.6,81.8,8,4,0.9,73.4,43.2,59.7
4,4,5,12.3,47.7,13,0,1.1,66.2,34.7,16.8
59,56,4,8.9,68.5,17,3,1.25,65.6,44.7,160.2
25,2,1,7.6,109.8,8,2,1.25,73.5,44.0,26.0
32,20,2,6.2,56.3,12,3,1.25,119.3,19.8,95.7
40,18,3,6.0,39.3,14,1,0.9,118.5,44.6,37.6
13,1,5,9.4,31.7,15,1,1.0,117.9,35.8,11.3
45,29,2,6.8,44.8,12,1,1.25,68.1,52.1,144.2
17,12,3,7.5,45.0,9,2,1.05,41.6,46.1,32.9
49,40,3,10.5,98.6,10,3,0.95,69.4,65.5,162.0
37,6,5,5.4,42.5,14,0,0.95,76.6,42.0,11.2
6,4,4,8.4,99.0,17,4,1.4,40.8,28.9,16.5
19,7,3,6.6,36.9,11,3,1.05,77.8,12.1,23.0
13,2,2,10.5,102.5,8,4,1.35,76.5,30.7,23.1
57,54,1,6.6,50.5,10,3,1.25,108.9,46.5,508.3
26,14,3,9.0,78.9,17,2,1.1,32.3,49.6,47.7
14,8,3,5.3,42.8,9,0,0.95,85.2,34.7,18.9
31,24,3,10.3,61.2,16,2,1.1,56.8,36.8,95.7
54,20,6,9.4,36.9,8,1,1.4,19.9,42.8,46.9
4,2,3,7.2,76.4,16,0,1.35,41.4,46.6,8.3
39,14,4,8.6,57.7,17,5,1.35,11.6,54.2,43.8
8,5,2,9.4,98.2,12,5,0.9,41.7,34.9,31.7
25,9,1,8.2,44.5,13,3,1.1,12.9,33.1,84.0
13,8,3,7.4,52.4,13,2,0.9,111.4,66.3,24.7
32,2,4,7.9,44.2,13,4,0.9,16.7,63.4,8.5
59,16,3,8.2,75.1,16,2,1.4,99.0,35.6,62.4
38,7,5,8.1,38.9,16,2,1.1,109.2,55.7,18.7
38,16,3,8.7,45.1,17,3,1.05,58.8,68.5,56.0
56,7,3,6.5,84.3,14,3,1.35,11.2,57.8,23.5
28,27,5,7.0,36.0,10,1,1.25,73.5,32.8,61.6
53,14,3,7.4,89.5,14,0,1.05,32.0,43.3,41.9
30,14,2,8.7,38.3,12,2,1.05,25.3,21.0,75.0
3,1,2,5.7,76.8,16,4,1.05,70.2,30.4,6.8
28,1,4,8.2,109.8,15,5,1.35,46.0,41.8,14.3
3,1,4,9.2,43.9,17,5,0.9,89.0,44.6,6.9
45,36,1,8.1,50.9,13,3,0.9,73.0,33.7,299.8
54,7,3,8.1,101.9,12,3,1.1,100.4,10.0,27.7
34,32,4,7.5,80.1,17,1,1.1,11.7,44.3,67.7
16,16,5,8.1,69.4,9,0,1.05,32.0,50.7,32.0
22,3,3,7.3,75.0,10,5,1.4,70.2,51.2,15.6
32,7,5,7.8,53.6,10,1,1.0,106.2,39.5,21.4
38,29,3,7.3,98.4,11,3,1.05,98.5,40.4,92.0
8,8,2,7.7,89.6,10,4,1.05,83.1,45.0,39.7
55,22,1,7.5,81.4,14,1,1.35,71.0,46.9,219.6
8,6,3,6.2,104.5,13,2,1.35,77.6,40.9,28.2
57,48,3,5.7,76.2,15,3,1.0,29.6,14.1,100.0
6,6,5,8.1,71.0,9,3,1.35,73.4,58.8,12.9
14,6,2,8.9,108.1,9,1,1.0,61.8,36.4,33.0
32,10,3,10.3,46.5,8,4,0.9,49.2,27.3,34.1
35,16,1,9.6,41.4,12,1,1.4,107.1,37.3,236.1
10,6,4,9.4,43.0,14,4,1.35,100.4,43.3,23.8
3,1,5,8.3,109.2,16,3,1.0,13.8,34.7,8.8
59,53,2,8.2,82.2,12,1,1.05,118.4,35.5,264.3
12,3,3,6.8,54.5,8,0,1.1,31.4,38.1,8.5
49,12,2,6.6,49.9,10,5,1.35,29.8,46.3,62.7
59,56,3,8.3,34.5,15,1,1.05,113.5,32.4,165.1
31,27,2,6.7,40.6,10,1,1.35,56.2,46.0,141.4
29,6,3,7.9,102.7,14,0,0.9,97.6,25.4,22.7
5,2,4,4.3,89.8,17,0,0.9,38.1,66.1,10.1
52,45,3,8.7,105.3,10,2,1.05,105.4,54.9,167.3
25,7,2,6.4,63.9,9,0,1.35,100.7,38.7,36.0
41,13,3,5.9,78.1,17,4,0.95,64.7,46.0,34.7
31,21,3,9.1,68.7,13,5,1.1,86.1,28.0,85.7
21,8,3,9.4,100.5,9,5,1.4,115.9,48.7,39.4
58,30,2,7.9,109.3,17,2,1.4,57.0,52.1,170.6
20,17,4,6.9,104.6,12,4,1.0,61.8,45.2,40.8
39,13,3,9.1,77.8,12,2,1.1,88.1,52.8,53.7
22,2,2,6.8,34.9,12,2,1.25,49.4,41.9,10.9
4,4,2,7.8,79.4,13,5,1.4,115.5,40.8,25.0
13,13,6,10.0,37.8,10,4,0.95,9.7,34.1,28.5
45,25,2,8.6,41.1,17,3,1.0,51.4,48.7,112.4
42,2,5,7.9,45.3,12,5,0.9,87.1,32.0,10.2
50,36,3,7.6,59.1,15,3,1.4,54.4,47.0,128.6
49,18,3,8.1,77.3,11,1,1.25,34.8,45.6,72.4
20,5,4,8.4,56.7,12,3,0.9,52.5,58.1,14.3
52,19,1,6.3,66.2,8,5,0.95,106.4,49.0,119.6
13,10,3,9.8,33.8,8,1,0.9,67.9,20.9,31.1
17,10,3,7.3,79.6,15,3,0.95,43.5,34.0,29.3
54,37,5,7.7,82.6,9,1,1.35,82.2,33.7,84.3
36,22,3,9.2,38.0,17,5,0.95,75.4,33.2,71.4
33,13,3,7.8,92.8,17,1,1.1,69.5,53.6,43.1
1,1,2,9.3,81.8,14,5,1.1,50.0,15.6,6.3
15,7,3,7.9,69.2,14,0,1.05,13.3,59.1,27.4
13,1,2,8.1,74.2,16,5,1.4,76.4,54.0,5.6
17,9,2,8.3,70.2,8,1,1.25,53.3,44.2,50.6
24,24,2,8.6,34.3,9,5,1.1,54.3,46.2,115.6
58,44,3,8.8,88.8,8,5,0.95,31.9,42.9,127.5
8,6,3,9.6,70.9,8,4,1.0,33.7,43.9,23.2
50,46,3,9.5,43.8,11,4,0.9,95.6,55.5,152.8
27,8,4,6.8,84.5,15,1,1.0,60.1,39.3,16.0
45,37,6,10.2,85.6,17,4,0.9,17.6,49.2,57.0
23,19,4,5.4,47.1,15,3,1.0,10.3,31.5,27.8
46,28,3,7.1,93.7,16,4,0.9,30.8,48.4,64.9
8,6,4,7.8,66.5,9,0,1.1,61.1,38.7,16.4
8,1,5,6.3,44.4,14,4,1.0,76.0,47.1,4.2
59,30,3,8.4,82.6,11,3,1.4,21.5,31.6,138.9
26,7,3,9.1,77.7,10,5,0.95,54.9,47.4,23.3
47,26,2,6.9,43.6,11,3,1.4,13.3,41.4,145.5
59,40,5,8.7,99.8,11,1,1.25,9.3,60.8,102.3
13,6,2,9.3,98.4,10,2,1.25,104.3,45.1,46.8
39,11,2,5.1,96.9,16,3,1.35,80.7,47.9,42.7
37,14,3,8.3,61.9,15,1,1.05,94.8,36.7,41.4
49,21,4,8.6,96.0,17,1,1.25,25.9,45.7,60.8
28,8,3,6.6,97.6,9,4,1.0,42.0,47.7,22.0
25,3,4,6.2,109.7,10,4,0.9,56.0,37.7,17.4
16,12,4,7.0,106.6,17,1,1.05,80.7,36.8,33.0
55,29,3,7.7,60.6,14,5,0.95,66.5,32.3,74.5
2,1,3,6.9,45.9,12,0,0.95,68.4,41.1,5.1
54,18,3,8.8,53.4,8,5,1.25,23.0,34.2,65.5
18,3,5,8.6,69.6,8,1,1.1,59.6,45.5,9.7
17,13,4,8.6,94.4,15,4,1.4,99.7,32.5,48.8
30,12,5,9.9,87.8,13,3,1.4,63.6,40.5,42.2
39,5,2,9.0,93.0,11,0,1.1,28.0,30.7,31.9
13,7,3,8.4,60.4,10,2,1.4,52.5,55.7,30.6
32,11,2,6.2,49.8,16,5,1.0,91.8,42.3,34.2
50,11,3,9.7,31.9,16,3,1.35,20.5,42.2,47.0
29,27,5,9.9,80.1,11,4,1.1,71.8,49.1,74.5
46,42,3,7.5,93.6,15,3,1.35,116.0,63.3,147.2
30,15,2,6.8,101.1,11,3,1.0,48.7,43.0,66.7
18,13,2,9.1,68.1,15,4,1.05,10.0,24.1,65.0
13,1,3,5.3,104.2,14,3,0.95,77.8,56.2,9.0
43,42,2,8.6,46.2,13,1,1.35,10.4,25.7,280.1
21,1,3,10.2,71.2,14,5,1.4,27.0,36.0,9.5
30,1,4,7.4,47.1,13,0,1.1,10.6,56.3,7.0
21,15,3,8.4,45.0,13,5,1.1,24.6,38.0,51.2
48,16,3,8.2,106.3,14,4,0.95,103.3,35.1,46.5
55,44,3,9.6,95.4,11,0,1.05,89.5,45.4,173.9
17,6,4,8.2,30.9,12,1,1.05,44.3,42.1,18.2
40,6,2,7.5,51.5,16,4,0.95,108.2,33.7,28.3
19,12,5,5.7,46.4,9,1,1.05,81.5,52.5,18.7
52,25,3,8.1,41.8,16,2,1.1,56.5,56.7,80.0
15,15,2,7.9,85.8,12,2,0.95,12.9,58.7,62.4
9,4,2,4.9,75.3,17,2,1.4,89.0,48.6,19.4
52,4,2,6.5,66.3,8,0,1.4,48.2,33.6,19.5
10,2,4,7.1,45.2,14,5,1.4,39.8,26.9,10.1
44,27,3,7.1,52.2,12,5,1.25,38.2,14.2,94.2
31,31,3,8.0,58.5,10,2,1.25,5.9,54.4,112.3
53,32,3,7.8,92.8,10,2,1.35,90.4,44.3,135.8
23,12,5,7.9,109.1,8,1,0.9,21.7,37.0,29.0
52,39,5,11.4,44.7,14,3,1.35,64.9,18.8,122.3
30,20,3,7.3,57.3,9,3,1.1,6.8,27.8,56.9
33,9,3,6.7,52.4,15,5,1.35,77.2,20.8,30.4
57,41,4,10.4,33.5,11,5,1.4,47.5,59.3,170.3
52,8,4,10.2,47.5,11,2,1.1,77.5,49.6,28.9
9,1,3,6.4,102.1,12,5,1.05,15.3,26.3,7.6
54,23,2,9.8,97.4,16,3,1.0,35.6,61.6,113.1
47,21,4,5.2,43.4,14,2,1.0,17.7,33.3,34.8
1,1,2,12.3,59.3,10,2,1.4,79.3,46.2,4.1
44,12,1,10.7,54.9,11,0,1.25,17.5,46.2,172.7
35,2,4,8.8,41.8,16,4,1.35,76.0,40.9,8.5
11,11,3,9.3,79.8,8,3,0.9,20.5,38.4,36.8
34,4,5,8.7,74.6,15,2,1.35,113.5,42.4,11.8
16,4,3,7.0,64.2,15,3,1.25,52.9,38.6,18.0
9,2,5,9.8,98.4,14,0,1.1,19.6,45.0,10.2
32,19,3,10.0,79.6,13,0,0.95,9.8,45.5,66.9
15,11,4,6.9,50.7,14,2,1.25,42.9,35.7,27.5
12,8,3,8.0,59.9,17,3,1.4,107.5,55.2,34.0
33,12,1,6.2,42.0,11,3,1.05,21.5,32.0,88.8
45,41,3,7.9,77.3,11,3,1.05,95.9,46.7,134.3
14,6,4,7.6,76.9,12,0,1.25,53.0,37.9,22.4
57,26,2,9.9,99.6,11,1,1.0,97.3,31.6,152.8
57,50,3,10.4,98.5,11,1,1.4,105.5,38.7,285.2
8,2,2,6.4,97.0,16,3,1.35,119.7,34.1,12.5
8,7,2,9.2,73.9,13,3,1.4,12.8,49.9,48.3
27,8,3,9.3,82.2,10,4,1.35,96.6,40.9,42.3
12,8,6,5.4,92.0,10,2,1.4,13.0,58.4,15.6
1,1,3,9.4,37.3,17,0,1.25,41.2,30.6,6.6
43,14,3,5.8,54.0,15,4,1.0,79.3,15.6,38.2
40,6,6,7.2,43.5,10,3,1.25,56.4,46.7,17.4
42,42,4,6.6,70.9,11,5,1.1,70.0,62.7,95.7
51,40,4,5.6,97.0,13,1,1.05,116.1,47.9,77.4
11,1,2,9.7,48.5,16,1,0.9,99.1,30.7,9.6
39,25,3,6.6,88.5,13,4,0.9,46.8,29.7,62.0
43,32,3,7.4,62.5,10,1,1.05,74.0,66.3,104.7
31,12,3,8.0,102.2,13,1,0.95,10.6,37.4,39.3
17,17,4,9.1,80.1,11,5,0.9,57.1,29.8,47.1
33,13,3,6.5,108.1,12,2,1.05,75.0,56.3,49.2
32,19,2,8.7,49.7,12,3,1.1,87.2,40.2,109.1
58,44,5,7.7,103.9,10,4,1.1,108.7,17.7,94.5
29,16,3,6.5,58.6,12,5,1.1,37.6,67.0,45.8
21,5,5,9.5,79.8,12,0,1.0,108.7,49.0,16.0
21,16,3,11.1,44.0,14,0,0.95,81.1,23.9,61.7
40,38,2,8.3,90.8,16,5,0.95,13.9,58.7,155.5
23,11,3,7.1,108.3,12,3,1.4,48.7,29.4,51.1
56,49,3,6.9,93.0,16,0,1.05,59.8,28.7,123.0
6,2,2,9.2,79.3,12,5,1.35,45.5,31.3,13.3
22,14,3,8.0,65.9,11,1,1.1,18.3,65.3,48.9
50,6,3,6.4,57.6,13,2,0.9,68.4,66.5,15.3
38,25,3,5.5,63.5,15,4,1.05,20.2,35.4,50.2
37,23,2,8.6,56.3,11,4,1.35,110.2,62.5,153.6
45,43,3,6.1,96.6,12,1,1.35,104.5,14.6,149.6
51,12,2,7.4,101.4,17,3,0.9,59.6,53.0,49.2
54,13,3,10.4,106.0,8,2,0.95,12.8,58.4,45.7
8,4,2,6.8,63.5,17,0,1.05,68.5,60.1,14.3
41,39,1,9.6,73.7,8,4,1.05,73.1,42.9,386.7
49,34,3,6.5,76.2,15,4,1.25,107.2,48.8,100.9
35,6,2,9.3,82.1,14,3,1.35,12.8,33.4,32.8
51,38,3,8.9,30.2,12,2,1.4,84.6,42.3,188.0
11,2,6,8.7,97.4,16,5,1.1,69.7,40.0,11.7
24,20,3,7.1,51.5,8,0,1.4,25.1,39.3,68.1
49,40,3,9.0,67.8,10,4,1.1,19.0,55.6,149.8
21,8,5,8.6,97.3,13,4,0.9,84.8,44.6,25.4
51,8,5,10.8,109.7,8,0,1.4,44.1,62.3,34.4
2,2,5,7.1,93.6,13,2,1.4,120.0,45.0,14.1
40,33,2,9.9,32.0,9,2,1.1,107.8,68.3,182.5
19,2,3,6.6,59.5,17,2,1.1,70.1,56.7,11.8
39,15,4,7.6,49.8,12,4,1.35,78.8,41.0,53.1
28,4,4,7.0,107.1,17,5,0.95,23.3,44.1,16.5
59,57,3,7.3,51.1,9,1,0.95,107.8,31.9,134.5
17,3,1,7.8,105.5,8,4,1.4,57.8,43.9,34.2
6,6,6,10.2,105.0,11,3,1.05,65.0,30.2,23.4
19,8,3,8.7,97.2,9,3,1.1,105.4,58.0,36.7
56,45,3,9.9,37.8,16,5,1.4,5.7,37.9,207.2
38,22,3,8.0,30.2,10,4,1.25,61.8,46.3,90.9
28,5,3,9.9,93.5,16,4,1.4,77.1,14.6,28.8
2,1,2,8.3,97.5,11,0,1.0,23.3,38.8,4.2
38,13,3,6.8,107.0,17,2,1.4,12.9,37.5,49.2
55,28,6,9.6,47.5,14,5,0.95,66.5,53.1,48.9
37,20,3,10.2,88.7,14,0,1.35,68.0,48.3,100.0
51,33,3,9.0,71.5,13,5,1.35,43.0,54.2,151.5
52,16,4,9.2,56.3,15,3,0.95,106.5,47.3,38.5
4,2,3,9.9,78.5,13,3,1.05,39.6,56.8,12.5
22,2,3,7.6,73.9,16,1,1.25,64.4,47.0,14.5
26,7,3,6.9,53.4,12,2,1.25,26.5,25.5,25.6
49,38,2,8.5,51.5,10,2,0.95,6.3,40.9,176.0
43,37,2,10.6,68.9,12,5,1.05,54.0,41.5,237.9
36,4,4,8.5,67.9,11,3,1.35,65.6,10.0,16.2
58,34,5,8.9,54.2,10,0,0.95,92.9,29.8,75.1
13,10,4,8.1,51.1,8,4,1.35,56.6,66.5,30.7
52,22,2,8.4,106.3,15,2,0.9,37.1,38.7,92.2
58,5,3,7.2,99.0,11,4,1.05,74.5,40.7,18.3
32,32,1,8.8,95.3,10,3,0.9,48.8,15.9,295.7
17,10,3,9.3,47.1,11,1,1.35,31.8,25.8,44.4
41,23,2,5.7,45.1,8,3,1.0,109.7,47.8,69.0
36,15,5,5.7,94.7,13,4,1.1,66.7,36.4,34.8
55,31,2,5.4,44.8,10,3,1.1,28.1,28.7,108.2
46,9,1,10.2,70.3,15,2,1.25,82.2,57.6,108.4
19,11,3,6.6,47.7,17,5,1.25,97.4,33.6,32.6
58,58,2,8.5,60.2,12,5,0.9,92.2,26.4,258.6
35,25,4,10.7,98.3,16,4,1.35,73.9,42.5,97.1
46,25,5,8.5,101.3,16,4,1.25,64.8,32.2,62.6
40,21,1,8.8,109.7,9,1,0.95,94.4,32.2,180.6
56,9,3,6.7,105.5,12,2,1.4,86.4,41.3,36.4
59,55,6,8.5,83.7,14,0,1.4,70.7,34.3,115.1
28,16,4,6.5,64.5,14,1,1.0,80.6,22.0,33.2
1,1,6,5.1,34.6,17,2,1.35,24.4,48.7,6.7
42,38,2,8.1,78.7,10,5,1.4,7.3,52.4,244.5
18,11,2,8.5,46.9,14,0,1.0,112.1,39.0,47.8
48,23,2,7.2,98.0,14,5,0.9,112.6,49.4,79.6
40,4,3,6.9,73.9,11,4,0.95,95.6,37.6,18.8
33,29,4,7.7,88.7,14,5,1.4,47.8,19.1,80.3
12,1,2,6.9,83.9,15,1,1.0,22.3,52.8,3.9
8,6,3,9.1,57.8,10,4,0.95,46.1,40.8,22.8
24,20,2,8.7,90.7,9,4,1.35,88.5,43.8,116.4
16,1,4,10.4,97.5,16,4,0.95,43.5,40.7,10.3
50,41,1,7.5,89.5,14,2,1.1,96.5,39.8,333.6
4,4,2,8.1,92.1,8,0,0.95,82.4,43.7,22.8
38,36,3,8.3,58.8,17,2,1.0,77.4,43.9,100.9
44,22,2,7.4,105.5,17,4,1.05,112.0,57.2,93.7
27,13,3,5.0,64.0,16,1,0.95,107.7,47.3,28.4
9,7,3,8.7,101.8,12,5,1.35,86.8,56.1,39.9
47,8,5,11.5,98.6,9,4,1.4,27.9,60.1,30.2
16,12,3,9.5,39.9,14,0,1.0,113.0,22.7,41.6
56,45,3,10.9,107.3,16,2,1.05,31.1,57.3,182.6
12,11,6,9.3,109.7,10,0,0.9,47.8,49.8,28.5
31,9,6,7.8,78.5,11,2,0.95,100.1,47.9,19.2
24,24,4,8.9,92.6,16,5,1.25,29.0,53.9,66.2
55,16,3,9.6,104.7,9,0,1.1,78.4,38.8,64.9
14,10,3,5.6,31.6,11,0,0.9,57.7,49.2,24.7
45,11,3,8.7,104.4,12,2,1.1,76.8,29.3,44.6
25,12,6,7.9,80.2,11,2,0.95,115.2,25.1,22.3
34,31,4,10.2,96.3,14,2,1.1,98.0,48.4,94.4
3,2,2,8.6,73.3,13,3,1.05,39.0,41.2,13.0
58,51,2,4.3,72.4,16,5,1.0,11.6,42.0,109.8
24,12,1,8.7,101.8,11,0,1.35,116.2,32.4,156.9
54,32,2,4.9,70.6,16,3,1.25,72.3,46.7,103.1
42,17,2,9.9,67.7,8,3,0.95,24.9,36.9,79.1
9,3,3,6.8,78.7,13,4,1.0,77.1,41.4,12.6
26,1,2,6.3,71.5,14,3,1.0,9.9,36.2,8.7
20,19,3,6.8,65.7,16,3,1.4,26.6,32.4,63.3
40,4,2,6.7,44.4,8,2,0.95,77.8,39.5,19.9
10,7,2,7.8,61.8,8,2,1.0,51.3,56.2,27.3
19,16,3,6.7,52.6,9,1,0.95,42.4,36.3,36.7
3,3,5,7.5,62.0,13,5,1.25,80.4,40.5,10.3
24,12,3,5.7,77.5,10,0,0.9,104.6,38.8,27.2
5,5,3,7.6,78.7,13,5,1.05,83.0,34.4,15.8
3,1,3,10.1,49.1,9,3,1.0,58.3,56.8,7.8
58,45,2,7.3,36.8,17,3,1.25,80.8,25.7,210.4
27,17,3,8.9,89.6,13,0,1.0,85.0,41.0,60.5
16,8,2,6.1,72.3,14,5,1.05,94.1,31.9,28.8
49,13,3,8.9,65.4,13,2,1.1,40.3,48.8,51.8
15,4,4,9.7,40.4,9,2,0.95,18.2,43.6,12.3
35,32,4,10.1,63.2,12,0,1.05,83.4,56.2,105.4
12,5,2,8.3,95.5,17,0,1.0,18.9,50.8,26.2
41,15,4,9.0,76.5,13,2,1.4,58.1,43.0,56.4
53,12,2,6.1,37.3,15,0,1.1,31.5,50.9,42.9
44,15,2,7.4,56.6,16,5,1.25,43.2,52.0,69.3
26,2,3,6.8,108.4,12,2,1.05,59.1,31.0,18.5
47,6,3,8.5,73.6,14,0,1.0,108.1,51.3,23.3
34,17,2,7.2,52.9,11,2,0.95,83.2,45.6,73.5
23,16,3,9.0,103.1,17,1,1.35,24.7,47.9,69.2
31,17,5,11.7,56.9,12,2,1.1,106.1,37.1,58.3
50,20,2,8.9,88.4,8,2,1.1,62.6,31.7,102.7
20,9,3,10.1,41.8,10,3,0.9,28.5,29.6,37.2
12,11,2,6.2,42.5,9,5,1.1,65.7,10.0,38.4
23,5,3,7.9,74.9,13,2,1.05,27.0,33.5,18.9
4,3,1,8.3,49.2,16,0,1.25,47.2,71.3,30.5
23,1,6,8.1,33.9,17,4,0.95,97.6,51.9,5.9
48,38,3,10.8,104.1,10,0,1.35,80.7,45.8,218.9
55,14,4,6.9,34.5,9,3,1.0,60.0,53.5,31.2
48,17,2,8.5,87.4,9,0,1.05,31.0,38.9,79.3
1,1,4,4.4,56.6,13,1,1.1,37.4,37.3,7.4
54,19,5,8.6,104.7,17,4,1.35,117.5,38.5,55.8
25,1,4,8.8,108.9,13,4,1.25,44.4,33.2,12.7
2,1,5,7.9,56.8,12,5,0.9,75.9,34.2,10.8
30,13,2,8.6,77.3,16,3,1.0,62.5,41.8,57.2
3,2,3,7.2,91.8,14,5,1.4,7.7,42.8,8.5
58,27,3,6.2,39.9,14,4,1.1,113.6,57.9,70.4
21,6,3,6.5,86.8,8,2,1.1,15.1,54.3,15.0
25,6,5,6.7,102.5,17,3,0.9,80.8,24.2,15.4
20,1,2,6.1,44.3,17,5,1.25,98.3,38.5,9.6
49,30,2,6.0,97.1,9,1,0.9,91.1,28.7,91.7
52,46,2,6.8,39.2,10,4,1.25,98.1,10.7,226.4
22,3,5,7.5,75.5,12,4,1.0,90.1,43.0,11.8
21,10,5,8.2,57.1,11,3,1.1,56.2,48.9,26.9
33,19,3,6.2,67.7,15,4,1.4,108.1,42.9,59.0
52,51,3,6.6,54.1,11,4,0.95,109.9,47.2,134.1
38,28,3,7.1,50.8,13,1,0.9,55.2,38.0,70.9
15,7,3,8.7,89.5,16,1,1.05,60.7,29.7,25.8
58,4,2,6.2,47.8,9,3,1.4,60.8,37.6,20.7
58,20,4,7.2,62.7,15,4,1.4,37.1,58.4,49.1
46,19,3,9.5,52.0,12,5,1.1,18.2,46.5,75.0
52,42,3,6.8,49.1,17,0,1.1,35.1,23.8,105.4
15,11,1,6.1,80.2,13,3,1.35,102.1,43.6,105.3
46,34,4,7.9,33.6,10,5,1.35,67.5,57.3,104.2
25,4,4,6.8,93.1,15,1,1.05,102.8,51.1,16.8
21,6,3,4.0,73.7,9,0,1.4,90.7,57.4,14.5
24,7,4,8.3,96.3,8,5,1.0,45.1,24.1,23.3
57,48,3,9.3,47.0,8,5,1.05,26.3,43.5,155.5
58,7,3,8.0,86.8,15,4,1.4,70.2,37.8,31.0
5,2,3,9.6,63.6,9,3,1.25,112.6,49.1,14.8
6,4,4,9.0,36.1,12,3,1.05,101.5,31.8,17.9
49,26,3,6.7,90.2,9,1,1.35,92.8,31.6,80.7
43,26,4,11.1,91.0,11,2,0.95,92.9,42.0,86.9
48,19,3,8.5,51.7,16,2,1.25,65.7,30.9,72.5
44,9,4,8.6,103.3,9,2,1.25,24.5,45.1,24.9
47,20,4,6.5,91.1,11,3,1.25,37.8,17.5,51.6
23,10,3,5.7,54.5,17,1,0.9,71.5,56.1,30.1
4,1,4,6.4,49.1,12,1,1.35,41.4,10.0,9.5
27,18,3,9.4,65.2,17,2,1.0,94.9,52.9,60.1
18,16,6,10.6,53.4,17,0,0.9,47.9,35.0,32.1
21,17,4,8.4,47.4,12,2,0.9,18.1,24.6,39.2
28,22,2,8.1,61.9,12,3,0.95,95.0,44.0,104.1
35,13,4,9.5,32.1,17,0,0.95,85.3,52.6,32.9
22,12,3,10.1,62.1,17,1,1.25,34.1,55.9,55.6
40,10,6,5.8,47.7,9,4,1.0,117.8,55.5,19.6
23,1,4,10.4,51.1,15,5,1.35,51.4,31.7,8.7
3,2,2,7.4,36.6,12,0,0.95,83.3,44.5,17.2
40,8,3,9.6,77.1,13,1,1.0,109.7,20.7,36.8
50,21,3,6.4,67.8,15,0,1.4,22.9,43.0,68.0
10,6,4,9.6,90.1,15,2,1.05,106.1,46.1,23.8
25,18,4,5.8,109.0,17,0,0.9,85.9,37.5,36.9
52,2,3,9.7,39.6,14,0,1.05,24.3,20.0,10.4
49,48,4,9.0,51.8,15,0,1.05,81.4,34.9,116.9
8,4,3,5.6,84.6,17,3,0.95,105.6,64.9,12.1
55,9,2,9.9,49.0,14,5,1.0,96.9,46.7,49.0
11,3,2,6.5,32.4,17,3,1.35,92.5,36.2,18.5
5,2,3,9.7,38.8,13,5,1.1,23.6,40.1,9.9
58,21,2,8.2,64.7,12,2,1.05,26.9,46.6,104.0
45,30,2,6.1,64.5,12,4,0.9,68.0,23.4,99.3
53,28,2,6.5,107.8,15,3,1.05,71.7,24.0,103.9
55,36,5,13.9,67.3,8,4,0.95,113.5,33.2,101.4
37,26,2,11.5,84.2,9,3,1.0,58.9,35.9,150.1
56,34,2,7.7,69.4,8,1,1.1,39.8,63.5,149.1
59,8,2,8.6,51.6,17,1,1.05,26.9,42.8,37.5
45,10,3,9.8,38.4,14,0,1.1,11.2,35.8,35.3
38,14,3,6.1,98.7,16,4,1.1,12.9,42.7,35.6
29,8,2,9.0,42.2,14,0,1.25,71.0,17.7,44.5
5,1,3,9.5,37.8,16,5,1.35,25.3,31.2,10.9
9,5,4,8.5,47.1,11,0,0.95,102.9,33.0,19.3
59,18,3,10.1,30.2,14,3,1.35,73.6,29.8,84.9
48,32,3,8.2,35.8,17,3,1.35,104.5,56.8,126.7
2,2,3,9.7,80.8,17,0,1.4,54.2,49.9,11.2
1,1,2,8.4,49.5,14,5,1.05,73.5,27.5,7.7
40,23,4,5.7,57.1,17,3,1.05,65.4,26.8,38.7
51,46,4,9.4,96.8,17,5,1.4,118.5,26.9,156.1
30,23,3,10.0,91.8,9,1,1.0,96.6,39.8,82.2
11,3,3,7.8,69.4,9,1,1.35,73.5,44.4,17.4
28,7,5,6.0,79.0,15,4,1.0,74.8,47.0,12.8
44,15,3,9.3,36.9,9,1,1.05,33.6,29.8,51.4
12,5,2,8.5,90.9,8,5,1.35,89.5,39.9,30.7
39,24,3,8.4,71.3,8,0,1.05,118.0,41.3,78.5
26,16,4,8.3,75.7,8,2,1.4,19.9,56.4,47.9
13,8,4,9.5,83.2,13,3,0.95,78.3,51.3,27.9
59,39,3,8.4,70.0,12,0,1.1,64.6,24.8,144.4
8,6,2,7.3,71.7,14,3,1.0,102.8,19.4,24.9
54,2,3,5.6,70.0,10,4,1.05,5.0,40.7,4.7
28,22,5,7.3,69.7,12,0,1.25,20.7,34.4,49.9
58,13,2,9.4,90.0,9,0,0.95,9.3,30.5,56.5
30,12,4,7.5,64.2,16,0,1.35,23.7,32.9,31.4
9,9,3,9.4,30.2,16,4,0.95,86.4,49.0,35.5
39,34,4,5.9,79.0,11,0,1.25,21.1,24.0,70.8
31,17,3,6.5,106.2,9,3,1.4,76.6,64.2,60.9
58,27,3,6.4,50.6,17,2,1.0,104.8,33.4,67.2
21,5,4,8.2,95.3,15,0,1.0,9.0,49.6,11.7
56,43,5,10.7,66.4,11,4,1.05,8.1,34.0,112.4
47,22,3,11.4,81.4,12,4,0.95,118.8,23.8,97.8
34,24,3,9.6,101.3,11,0,1.05,82.4,40.2,91.9
55,7,2,5.1,91.7,9,4,1.35,21.2,27.0,26.4
31,2,2,6.9,100.8,13,1,1.1,40.3,43.8,9.8
52,48,4,4.0,30.8,8,5,0.95,118.3,41.7,55.7
25,12,2,8.2,45.0,15,4,1.0,31.1,33.7,49.6
12,7,4,10.4,63.9,8,2,1.4,91.6,43.8,34.5
1,1,3,9.2,97.8,12,1,1.0,32.7,54.5,5.9
55,15,6,5.4,97.1,16,3,1.05,50.8,40.7,23.1
22,1,2,10.1,44.8,8,1,1.0,106.3,33.3,6.2
40,13,2,9.8,41.4,17,2,0.95,8.3,46.8,59.3
37,23,2,10.3,96.8,14,5,1.25,40.3,47.3,150.2
47,38,4,9.7,73.3,14,1,1.4,61.0,38.6,132.6
1,1,3,7.2,80.1,12,0,0.9,76.9,58.5,12.0
1,1,1,5.2,94.7,11,4,1.4,8.2,38.4,8.8
57,32,5,9.8,46.9,16,0,1.4,52.2,59.9,90.0
42,35,5,9.2,40.9,12,0,1.05,44.6,34.1,82.2
54,1,4,5.0,98.7,8,0,0.95,8.1,52.2,3.2
42,5,2,6.6,38.9,16,1,0.9,45.9,39.4,15.2
21,13,3,6.6,37.1,12,3,1.35,112.1,45.2,47.8
15,6,4,9.1,52.2,16,5,1.05,36.6,17.7,22.7
17,5,3,8.0,55.3,15,4,0.9,72.3,68.0,13.1
22,19,2,7.6,49.3,17,1,1.25,39.3,45.8,93.6
38,21,2,7.4,89.3,14,5,1.1,17.3,54.2,87.5
35,24,6,6.3,107.9,13,0,1.4,38.3,25.5,48.2
45,18,2,9.4,46.0,16,2,1.4,59.1,44.1,121.4
16,5,4,6.9,92.5,11,2,1.4,39.1,39.8,20.0
8,6,3,9.7,33.5,12,0,1.4,76.8,29.3,33.9
47,10,4,5.9,39.5,8,3,1.25,114.1,57.4,24.8
17,8,4,7.3,71.2,14,5,1.4,13.0,43.8,21.9
17,15,3,10.9,110.0,13,4,0.9,87.5,41.4,63.8
54,21,3,8.4,105.9,14,5,0.9,5.1,49.5,57.8
26,25,4,7.3,39.0,8,1,1.0,5.1,31.7,45.6
13,4,3,7.1,49.2,14,3,1.25,20.3,43.9,14.7
17,4,4,6.7,105.7,14,2,1.0,60.2,43.1,14.8
38,34,4,8.7,42.1,15,0,1.4,10.5,43.6,103.0
17,6,3,9.3,89.4,9,1,1.35,88.0,54.3,27.8
48,28,3,8.4,30.1,8,3,1.25,8.4,36.9,101.4
14,3,2,7.9,80.5,8,5,1.35,62.0,35.6,14.7
45,39,4,8.9,69.6,15,3,1.25,82.8,34.6,118.1
6,2,2,5.9,67.7,14,3,1.1,32.3,34.1,11.5
35,23,6,8.6,96.3,16,5,0.95,71.6,55.2,35.2
46,6,6,8.7,36.5,9,1,1.1,35.1,41.2,12.9
14,2,2,8.4,60.2,11,4,0.95,29.6,54.3,6.7
47,24,2,7.2,65.7,15,5,1.35,99.1,45.3,121.2
8,1,3,6.8,39.9,13,1,1.0,43.3,31.5,10.0
15,13,6,6.0,36.9,9,5,1.0,98.6,23.9,21.0
54,1,3,10.2,44.4,17,0,0.9,29.9,24.6,9.2
27,6,3,7.9,49.3,9,1,1.35,45.9,31.3,25.2
13,5,4,7.4,107.3,14,3,0.9,16.8,54.2,18.6
49,45,2,7.2,68.0,16,4,1.05,62.1,57.6,174.9
31,28,3,6.6,70.8,15,4,1.35,48.9,43.1,86.8
53,50,2,7.2,86.6,9,0,1.05,5.7,53.1,190.5
56,29,3,9.8,84.7,10,0,1.35,58.5,35.3,149.2
35,12,2,8.9,70.2,15,2,1.05,13.6,34.5,59.7
6,3,3,9.2,57.2,11,2,0.9,101.2,51.2,13.9
5,1,5,9.4,56.5,13,2,1.25,61.8,44.0,8.9
22,16,3,11.3,34.6,9,1,1.4,84.4,50.8,85.3
58,24,4,8.0,102.0,8,4,0.95,99.4,42.6,51.3
49,44,2,7.4,91.6,13,0,1.0,10.9,37.5,187.7
23,19,3,8.7,79.9,15,2,0.9,43.8,39.4,49.1
25,8,2,9.0,61.7,12,0,1.35,7.9,45.7,58.1
34,2,3,7.9,76.6,8,2,1.25,10.7,44.9,6.9
26,17,2,6.7,68.8,17,1,1.1,9.4,30.8,62.6
47,39,2,8.3,51.9,9,5,1.4,60.0,40.5,226.8
5,5,2,8.8,53.9,10,1,1.1,56.8,23.8,30.0
26,1,3,8.5,100.0,9,3,1.05,12.0,37.8,8.0
20,6,3,5.2,80.8,16,0,1.35,35.2,31.0,16.2
6,5,3,5.6,30.1,17,5,1.1,33.1,10.0,8.2
6,3,2,9.1,56.1,9,5,1.35,39.1,68.5,16.1
59,10,4,7.4,57.2,10,3,1.4,78.7,32.7,33.6
50,48,3,11.3,86.5,16,5,1.25,85.2,30.7,230.7
18,17,3,10.0,86.0,10,1,1.35,44.0,61.5,90.2
4,1,4,6.1,67.1,15,5,1.1,95.6,27.9,10.1
17,4,3,9.5,106.1,15,1,1.25,53.1,24.6,19.0
57,5,2,10.4,99.8,10,5,0.95,65.1,39.5,30.5
14,12,3,7.3,99.3,17,5,1.1,21.7,36.1,36.4
14,7,5,7.9,57.9,17,0,0.9,31.8,34.3,18.6
13,4,3,7.2,64.5,10,3,1.35,88.7,31.0,26.0
7,2,4,6.3,63.5,15,5,1.05,117.4,39.7,6.9
44,28,4,10.4,65.2,10,5,1.4,86.0,61.6,123.4
55,33,3,4.1,101.1,11,3,1.0,11.2,22.7,58.0
15,11,3,7.0,49.9,12,3,1.4,21.4,52.1,44.5
19,18,3,7.4,94.2,14,0,1.1,56.3,60.4,50.9
43,29,3,8.2,71.1,8,0,1.1,89.2,34.5,96.0
47,27,3,6.1,49.9,15,0,1.05,24.1,46.5,56.1
44,18,4,10.0,72.2,10,4,1.35,91.3,40.5,71.1
35,10,3,5.2,45.6,14,5,0.9,68.9,21.4,21.1
17,10,2,5.3,38.7,17,1,0.9,94.1,56.6,28.1
35,5,4,8.1,97.1,10,4,1.4,69.1,42.4,22.5
19,10,4,6.1,85.9,16,4,1.0,74.3,35.7,19.7
20,18,6,8.3,46.4,17,1,1.05,33.6,23.7,30.2
36,21,3,6.9,105.4,12,5,1.4,87.8,48.3,85.4
35,24,2,9.2,32.0,10,2,1.0,102.1,43.8,129.6
32,6,2,6.6,56.7,10,2,1.25,105.2,49.3,32.5
58,3,4,10.2,31.7,11,2,1.1,8.4,48.7,12.7
48,40,2,8.9,41.4,12,0,1.25,76.8,32.2,256.7
44,31,5,6.9,44.4,12,0,1.4,118.8,10.0,78.3
40,37,2,8.9,94.8,15,3,1.0,72.5,40.7,169.9
24,2,5,8.2,109.4,17,3,1.0,24.7,39.9,15.5
17,2,4,9.2,99.4,13,4,0.95,105.9,44.0,12.4
7,7,5,8.9,80.8,12,3,1.25,35.4,60.2,19.7
43,42,2,8.5,87.8,9,0,0.9,10.2,41.4,162.1
50,44,3,8.1,71.8,12,4,0.9,54.5,50.3,133.8
1,1,2,9.4,63.8,14,3,1.05,16.5,46.5,1.7
35,34,2,9.8,85.4,10,3,1.25,18.3,25.4,238.4
32,10,3,8.2,107.8,14,2,0.9,58.3,26.5,34.4
36,20,4,8.9,32.3,8,0,1.0,75.5,55.8,51.1
13,1,1,9.4,55.1,13,4,1.4,109.1,31.4,5.4
6,4,5,10.4,56.4,8,1,0.9,86.1,46.4,14.8
58,45,2,10.1,63.1,14,5,1.05,101.9,29.7,243.5
14,12,3,9.5,80.2,13,3,1.0,52.4,51.0,43.7
37,11,2,7.4,71.1,17,0,1.05,41.6,45.0,45.8
48,42,4,6.0,31.5,8,4,1.35,73.2,38.4,90.6
15,15,2,8.8,62.9,16,5,1.4,85.0,50.0,93.8
47,5,5,8.8,79.6,12,0,0.95,70.3,45.1,15.3
4,1,3,7.4,70.4,14,0,1.0,35.4,33.3,9.2
40,37,5,6.0,99.8,8,4,0.95,47.5,42.1,51.6
59,34,2,10.5,61.9,15,2,1.35,56.6,50.0,238.2
16,9,3,8.6,31.0,15,5,1.35,6.6,55.3,36.0
28,6,4,6.2,52.8,16,2,1.35,106.2,40.5,18.7
16,2,4,7.8,40.9,9,3,1.1,63.8,63.4,8.1
4,2,3,6.0,50.0,13,2,1.35,91.4,33.1,8.1
45,19,5,9.0,59.0,17,3,1.4,24.8,23.3,53.3
26,14,2,10.8,84.1,12,3,1.1,69.0,25.1,94.8
28,8,4,7.7,55.9,13,4,1.35,111.5,41.9,31.7
32,17,3,7.9,100.7,12,0,0.9,29.6,42.1,49.5
45,35,2,7.6,54.0,8,1,1.05,44.8,43.5,147.3
2,1,3,7.7,41.0,9,1,0.9,49.7,34.0,13.6
31,10,5,6.8,43.5,10,2,1.0,49.1,68.7,22.6
3,1,6,10.1,104.8,14,4,1.25,74.1,60.1,14.7
54,43,3,8.3,66.4,17,1,1.0,50.3,28.3,122.0
8,8,5,8.1,62.3,16,0,1.35,82.5,40.8,21.9
24,1,3,7.7,35.5,9,3,0.95,60.7,42.6,10.4
15,13,4,6.1,88.7,17,3,1.05,23.1,50.2,25.3
43,36,1,9.4,85.6,8,4,1.05,114.1,23.7,350.8
31,7,3,10.1,60.1,8,2,1.05,32.5,21.4,27.8
9,5,2,5.2,85.3,11,0,1.1,69.7,27.4,17.8
39,24,2,9.1,59.4,16,2,1.05,12.0,60.0,113.6
45,28,3,9.3,35.9,11,2,1.4,110.6,34.1,145.8
2,2,4,9.9,89.0,10,4,0.95,111.7,51.7,14.9
8,3,3,9.8,107.2,17,3,1.25,46.9,49.1,20.1
7,1,5,12.0,81.9,15,2,1.0,18.9,39.8,8.7
56,37,4,8.6,52.1,16,2,1.1,93.5,51.9,92.2
44,20,2,9.5,51.6,12,0,1.1,35.2,27.3,124.7
51,3,3,8.0,104.3,9,5,0.9,85.6,36.3,14.6
39,37,4,6.8,54.3,11,3,1.0,110.2,15.4,76.8
42,26,5,9.1,91.5,17,2,1.0,72.9,43.2,52.3
57,15,6,9.5,81.4,15,5,1.05,104.0,32.5,29.8
16,3,4,8.5,77.4,9,1,1.35,30.8,68.3,13.3
35,8,3,5.5,44.5,16,5,1.05,109.7,42.7,25.1
30,13,4,5.8,32.8,12,1,1.1,31.1,51.8,28.4
10,3,2,9.2,69.1,14,3,1.0,31.0,49.8,16.2
38,1,2,7.5,109.1,12,3,1.05,106.2,41.1,9.7
18,9,4,8.5,45.7,10,4,1.35,68.8,53.9,34.4
50,31,5,8.7,72.9,9,5,0.9,96.9,42.4,59.8
5,1,6,7.8,83.7,10,2,1.25,97.3,47.7,11.8
53,26,3,7.6,68.7,9,1,1.1,79.4,70.3,75.0
29,17,4,7.8,70.6,9,5,0.9,26.7,44.3,33.0
39,34,5,8.9,82.9,9,1,0.9,84.6,35.7,69.3
34,9,3,8.7,95.2,9,3,1.4,12.3,33.5,39.6
43,13,3,6.8,56.7,15,3,1.25,28.1,41.0,43.9
45,5,3,8.0,101.9,12,0,0.9,78.9,43.4,25.9
23,9,3,6.4,68.8,16,0,1.4,109.4,42.7,29.6
5,5,3,8.8,83.0,12,3,0.95,93.7,23.0,22.8
30,1,3,7.3,38.5,8,0,1.4,43.2,14.8,7.3
6,1,4,9.1,69.4,15,3,1.0,99.7,30.4,12.7
56,47,2,7.6,31.3,10,5,1.05,116.2,42.7,225.6
58,4,3,9.7,61.3,17,3,0.9,43.2,42.8,13.5
46,36,3,10.0,34.4,17,4,0.95,26.5,47.5,125.4
44,10,2,8.7,101.8,9,0,1.1,27.7,46.4,52.3
4,4,6,7.4,83.8,13,2,1.0,51.0,36.0,13.0
29,25,2,6.6,93.4,11,2,1.25,11.0,29.8,112.4
23,6,3,9.4,67.4,11,5,1.05,61.1,48.3,29.0
6,3,5,7.9,98.2,16,4,1.1,89.2,44.7,8.2
32,24,2,8.1,99.8,17,2,1.1,66.0,28.9,111.8
42,12,4,7.4,58.5,15,2,1.4,116.6,49.5,35.8
18,16,3,5.9,60.1,10,5,0.95,58.1,53.5,40.9
15,3,1,9.6,70.7,16,5,0.9,6.5,51.5,21.4
40,33,5,7.9,33.4,8,4,1.4,59.1,53.6,79.4
58,10,1,5.2,109.7,14,1,1.4,111.9,33.0,82.1
32,31,3,7.8,58.7,14,4,0.95,16.0,52.2,76.6
9,7,1,6.0,67.7,9,4,0.9,30.6,40.1,37.9
37,36,2,8.9,90.4,14,0,0.9,87.3,66.5,146.0
10,8,5,8.7,53.8,14,2,1.35,38.8,52.7,20.7
20,16,4,10.3,46.1,16,2,0.9,93.0,47.2,47.6
6,6,2,5.8,40.2,13,1,1.4,53.2,62.6,27.3
48,3,3,10.2,72.2,17,4,1.05,96.5,35.9,13.3
56,49,4,8.8,30.4,17,3,1.35,68.4,48.6,155.3
59,53,5,5.9,86.8,16,1,0.9,14.5,68.8,60.3
3,2,3,10.7,66.9,10,1,0.9,49.4,51.8,10.6
42,3,5,7.8,72.5,15,2,0.95,43.3,43.8,10.8
11,6,3,6.2,51.1,11,2,1.1,98.2,38.8,18.4
43,19,4,9.6,44.3,8,2,1.4,76.9,30.4,65.8
17,3,6,6.4,86.0,14,2,0.9,94.4,38.5,8.6
32,12,2,9.7,46.8,10,1,1.4,47.8,32.2,95.8
4,2,2,7.7,92.4,11,5,1.25,84.6,39.2,15.8
4,1,3,7.5,46.3,10,4,0.95,12.5,40.7,3.1
17,10,2,6.0,79.0,13,5,1.0,9.2,53.9,35.1
41,41,2,6.4,81.5,17,5,1.1,38.1,37.1,150.1
19,1,4,8.2,70.5,8,2,1.35,94.0,34.8,2.2
5,5,3,5.5,109.7,17,0,1.1,66.4,52.6,21.4
32,32,3,9.0,60.1,14,1,1.35,52.0,50.4,135.1
22,3,3,7.2,100.7,17,3,1.4,108.1,39.1,15.5
56,51,2,7.4,43.5,15,3,0.95,62.2,49.2,185.0
6,3,3,8.9,57.0,10,4,0.9,75.5,38.9,14.0
35,24,3,7.7,41.6,16,1,1.35,118.4,39.4,92.8
22,3,2,9.8,78.3,9,1,1.4,65.1,60.6,20.0
1,1,6,4.9,81.1,17,1,1.05,95.1,40.3,9.7
20,19,3,9.2,66.3,17,5,1.0,52.6,37.1,58.7
22,6,5,8.0,87.6,16,0,1.1,9.2,42.2,13.2
48,40,2,7.0,99.4,12,0,1.1,101.0,18.4,185.7
55,54,4,9.4,92.1,13,5,1.0,113.6,40.0,151.3
11,10,3,8.9,49.3,9,2,1.4,55.0,45.1,47.3
13,3,4,8.3,55.6,12,5,1.1,62.9,65.8,15.1
59,4,3,7.6,60.4,13,3,0.95,53.8,43.1,15.9
42,33,6,6.9,46.3,12,5,0.9,119.6,47.3,46.3
3,1,3,6.4,58.9,11,0,1.4,108.9,46.2,1.0
9,8,4,10.0,49.0,15,3,0.9,9.7,69.2,18.5
12,4,5,9.2,109.7,9,5,1.35,94.6,54.0,23.4
23,22,4,8.9,92.7,8,1,1.05,74.1,24.6,56.6
14,11,3,7.4,98.8,9,0,1.05,7.9,56.7,33.0
33,19,2,11.1,103.8,11,3,1.05,56.1,30.7,129.7
18,11,5,7.0,83.2,8,0,1.25,22.2,34.2,19.5
49,12,3,7.4,44.1,16,1,1.0,105.4,26.4,37.5
59,11,3,10.7,90.7,8,1,1.05,6.5,63.9,38.2
41,6,2,7.9,31.2,12,1,1.1,105.4,56.2,32.8
9,9,3,10.6,39.1,15,2,1.0,113.2,56.8,37.7
23,10,4,8.6,32.4,16,5,1.0,13.4,54.4,22.4
10,3,3,7.2,40.8,16,3,0.9,87.8,50.3,16.3
19,3,3,7.7,90.2,15,2,1.35,68.1,38.2,19.5
47,20,2,6.9,100.8,13,4,1.1,114.7,44.5,92.5
5,4,3,9.0,52.3,13,4,1.25,96.8,35.8,19.3
47,23,4,9.8,39.5,16,0,1.0,84.9,31.8,61.0
52,48,2,8.7,51.8,9,0,0.9,111.4,34.3,195.4
23,3,3,8.4,81.8,10,0,1.05,23.4,70.3,13.8
30,10,3,6.4,58.0,13,2,0.9,48.2,37.4,28.9
25,24,6,9.6,106.9,15,5,1.05,101.9,54.0,54.7
28,11,2,9.3,40.5,14,1,1.35,16.7,66.9,65.4
34,6,2,8.4,109.2,15,0,1.1,112.6,51.4,37.7
45,20,3,7.5,31.0,12,0,1.4,90.7,32.5,85.2
56,11,3,8.1,66.1,16,5,1.4,55.5,33.2,46.0
48,32,1,6.6,50.1,13,4,1.35,44.0,43.4,329.1
47,27,4,5.8,75.3,17,1,1.25,22.0,69.1,52.3
25,21,3,7.6,37.7,9,2,1.35,15.8,59.1,71.3
10,2,3,6.7,100.1,13,5,0.95,53.7,48.4,9.5
14,13,3,7.2,40.9,11,1,1.05,102.0,39.5,47.7
42,22,5,7.3,77.0,12,4,0.9,66.2,46.6,39.1
57,35,2,7.9,32.7,12,2,1.4,56.9,44.3,219.6
46,22,2,7.8,54.9,8,3,1.35,41.7,44.2,120.6
58,28,2,4.0,42.0,17,0,1.0,23.0,31.5,55.4
30,21,3,8.5,108.2,12,2,1.25,118.9,31.3,91.0
55,46,4,8.2,31.0,17,4,1.05,8.0,45.9,100.0
41,18,3,9.4,58.2,16,1,1.0,40.9,28.1,58.9
25,14,2,7.7,54.2,15,2,1.4,93.5,34.5,78.8
14,5,2,9.6,82.6,15,4,0.9,64.9,42.4,20.0
35,21,3,7.8,34.5,10,5,1.4,41.1,46.0,90.9
52,14,2,8.5,94.8,16,2,1.25,119.2,55.4,82.2
48,25,5,6.6,67.3,16,0,0.95,76.2,27.0,35.6
34,27,2,9.7,66.2,17,5,1.05,38.9,27.0,138.2
10,8,1,9.9,48.1,14,1,1.25,102.5,57.7,93.4
35,23,2,10.8,69.2,13,5,1.0,22.3,62.1,143.4
11,3,4,7.2,59.1,16,1,1.0,58.3,29.5,8.3
11,10,4,8.8,49.6,13,2,1.25,101.6,31.9,33.8
21,20,6,5.8,43.5,10,5,1.35,118.1,48.5,36.9
21,6,3,5.2,88.3,13,4,1.35,49.1,42.6,21.3
22,19,2,8.8,41.4,9,0,1.0,20.9,42.7,85.5
45,27,3,7.8,43.4,9,0,1.35,70.2,32.6,98.2
7,1,3,6.1,76.2,14,2,1.1,113.6,50.6,10.2
55,40,3,8.3,48.1,15,3,1.05,81.5,39.2,121.4
17,6,3,9.4,66.8,14,5,1.25,74.2,38.8,24.4
2,2,1,8.1,74.2,12,2,1.05,40.6,28.4,9.8
12,7,1,9.8,52.0,11,5,1.0,74.7,51.5,77.0
57,29,4,7.0,57.5,15,0,1.35,106.7,37.7,74.0
42,15,3,9.6,46.8,16,5,1.05,48.2,41.5,51.4
18,3,4,7.4,66.8,14,1,1.4,32.8,56.3,15.6
54,10,3,9.8,109.4,8,2,0.9,60.3,29.4,42.9
59,15,4,6.1,59.0,11,2,1.35,48.3,41.0,43.3
11,8,3,8.3,82.3,11,1,1.1,59.0,23.3,32.6
16,16,2,8.3,80.9,17,5,1.1,16.0,35.7,66.0
49,17,6,8.7,92.9,10,2,0.9,43.7,57.5,34.6
51,19,3,7.5,87.0,11,4,0.9,100.1,23.5,52.4
18,11,3,8.6,30.9,16,1,1.05,51.0,44.8,36.0
35,5,4,7.7,54.7,8,1,1.05,116.3,61.2,18.9
53,5,3,7.2,99.6,9,5,1.4,86.5,48.6,29.0
59,58,4,10.1,73.2,14,1,1.05,47.1,35.0,162.3
26,14,5,8.1,38.3,16,0,0.9,33.9,28.7,25.8
16,2,3,5.7,52.1,14,2,1.1,83.8,18.8,11.9
6,2,4,7.0,52.7,8,3,1.4,39.8,60.7,6.4
57,8,4,10.2,99.9,14,2,0.9,111.6,36.9,22.9
44,5,2,6.6,74.3,13,2,0.95,18.4,20.4,22.5
43,7,3,8.8,78.7,8,0,1.4,8.3,29.7,29.5
47,16,2,7.0,59.4,8,4,1.4,30.4,29.1,75.6
47,14,3,5.8,34.8,9,4,1.05,74.8,36.1,34.3
48,37,4,8.7,36.0,13,0,1.05,101.0,70.7,104.6
42,41,3,7.5,63.6,11,0,1.0,24.6,53.1,123.2
12,4,2,10.4,44.2,11,0,0.9,72.2,47.8,25.4
13,4,3,9.7,38.3,13,2,0.95,21.6,56.4,15.3
4,4,4,9.9,51.0,16,0,1.05,69.8,64.0,13.3
39,17,3,9.6,89.4,8,3,1.0,7.1,48.3,55.3
54,47,4,9.0,35.8,9,1,1.05,69.1,59.3,118.7
2,2,4,6.0,65.9,15,4,1.1,65.0,34.3,11.4
26,6,1,7.6,96.1,15,5,1.35,9.9,31.6,61.4
59,16,2,9.0,51.4,13,3,1.4,84.3,29.6,116.8
27,4,3,7.6,54.1,13,5,1.1,70.8,45.5,14.5
27,6,4,8.0,100.7,15,4,1.4,76.7,10.4,27.2
15,5,5,9.1,82.0,9,2,0.9,65.9,57.9,14.3
8,8,3,9.6,93.8,9,2,1.35,88.0,36.1,36.0
7,6,3,6.6,53.1,8,0,1.25,65.4,51.9,22.9
47,10,2,9.0,109.7,13,4,0.9,111.1,25.3,58.9
55,41,4,8.8,41.3,13,2,1.4,113.5,55.3,151.9
46,36,2,6.5,107.0,13,2,1.25,88.6,58.6,179.8
40,29,4,7.4,102.2,9,5,0.95,109.9,43.2,59.5
12,4,2,8.2,74.2,14,5,1.25,111.2,48.3,22.1
13,12,2,10.1,76.8,10,4,0.95,35.1,29.7,69.2
43,42,2,7.4,92.0,8,2,0.9,119.3,42.5,144.4
17,4,2,8.6,54.5,8,0,1.1,35.8,53.7,23.7
17,13,3,9.8,72.2,16,2,0.9,7.1,38.4,39.3
56,13,2,10.8,102.2,10,3,1.4,115.7,60.3,118.8
36,18,5,8.3,35.5,15,3,1.35,30.7,20.6,46.1
21,1,3,4.8,102.4,17,0,1.1,72.2,38.1,8.6
8,5,3,9.4,88.3,14,3,1.4,116.6,18.9,21.1
5,1,3,8.3,91.6,9,5,0.95,10.7,45.8,6.8
26,5,3,6.7,35.2,9,2,1.05,36.0,39.4,17.3
16,13,1,9.1,45.0,11,3,1.05,75.0,39.9,136.6
36,6,6,10.8,104.0,9,3,1.35,92.7,50.9,25.8
28,6,3,8.3,39.9,12,2,1.1,97.8,38.6,29.3
54,3,1,5.6,80.5,17,4,1.0,106.6,75.7,17.8
29,16,3,10.2,92.6,14,0,1.1,24.4,51.7,57.6
47,12,3,8.0,48.5,9,4,1.0,47.6,42.4,38.9
12,4,1,9.1,85.9,16,4,1.4,87.1,33.9,49.3
37,33,5,8.1,35.2,8,3,0.9,87.3,31.1,52.8
30,4,1,8.7,69.9,9,1,1.4,40.4,47.2,45.1
23,1,3,9.0,56.8,14,4,0.9,40.0,35.7,7.5
16,15,6,9.2,81.7,12,2,1.05,41.9,53.9,32.4
14,5,2,8.2,101.1,8,2,1.0,107.6,41.0,29.1
10,8,2,6.9,40.0,11,2,0.9,109.6,41.1,32.1
7,5,1,8.3,66.0,15,1,0.95,6.7,43.4,32.4
45,32,2,9.2,63.9,12,1,1.4,42.4,40.2,237.0
52,26,1,6.9,55.9,9,5,1.4,50.1,45.3,248.2
37,2,4,6.3,68.4,16,0,1.4,118.0,66.8,4.5
29,12,4,10.0,100.5,8,1,1.35,113.6,48.5,45.3
3,2,4,10.5,107.9,8,0,1.1,77.3,47.1,13.5
15,1,3,8.1,30.2,17,5,1.4,10.3,51.4,5.7
36,7,4,8.9,89.1,12,2,1.1,27.0,40.7,19.1
47,43,3,8.6,79.2,16,1,1.25,54.9,30.4,156.3
46,4,3,4.7,109.6,13,3,1.0,115.3,10.0,23.7
52,37,3,8.3,37.2,12,5,1.25,15.9,17.4,148.6
19,6,2,10.2,94.9,13,3,1.25,96.0,51.0,46.4
13,11,5,6.2,104.7,13,3,1.1,27.0,46.4,25.3
42,1,3,6.1,103.0,16,1,1.1,63.4,40.2,13.2
21,10,4,6.9,74.8,16,1,1.35,93.2,70.3,29.3
37,24,4,7.3,56.2,12,1,0.95,84.6,41.6,53.2
27,21,4,9.0,81.2,11,3,1.0,94.2,13.7,60.3
55,43,1,10.0,54.5,8,2,1.0,98.6,51.0,430.8
52,17,3,9.9,63.0,13,4,1.05,40.2,55.9,71.7
29,8,4,9.0,65.7,14,2,1.0,46.9,50.6,22.8
20,13,1,5.6,54.2,14,1,0.95,98.8,56.1,75.2
25,20,6,5.6,57.3,8,4,1.35,9.4,20.9,26.9
6,2,3,9.1,30.6,13,5,1.4,64.2,43.1,4.4
36,27,2,5.6,53.8,15,4,1.4,110.8,32.0,111.9
2,2,3,8.8,67.8,10,2,1.35,106.8,48.3,14.1
22,16,4,8.4,43.8,8,3,1.0,97.5,60.2,38.3
32,2,3,7.3,94.4,14,0,1.1,7.5,37.6,7.0
16,5,3,4.2,73.0,11,3,1.25,107.1,49.8,19.6
18,18,3,8.3,93.5,12,3,1.0,109.8,31.5,64.6
5,3,3,8.8,40.2,9,4,1.05,81.3,41.8,17.8
54,27,2,7.2,95.6,14,1,1.0,39.4,35.8,101.9
36,17,1,6.4,106.7,8,1,1.25,61.3,63.6,138.5
30,16,2,8.4,58.2,11,4,0.9,92.7,29.0,75.5
45,6,2,5.8,52.7,15,3,1.0,98.5,43.1,23.8
19,19,2,8.9,81.7,14,2,1.0,44.5,58.4,88.3
23,7,3,9.6,80.9,14,5,1.4,42.5,18.7,33.0
34,14,3,5.1,39.0,14,0,1.25,89.7,47.2,34.1
13,6,1,7.2,104.1,12,3,1.05,83.9,43.3,53.7
43,40,1,7.9,68.3,17,3,0.95,64.0,33.8,302.5
54,15,2,8.0,91.2,10,0,1.0,53.3,56.6,73.3
29,15,3,6.7,58.7,17,2,1.05,80.6,62.6,34.1
36,33,1,6.0,50.9,14,0,1.0,8.7,49.9,194.1
22,11,3,7.3,38.9,15,4,0.9,13.7,38.4,22.8
52,27,3,9.0,52.0,14,0,1.25,70.9,24.6,103.6
52,29,3,8.9,109.5,13,0,1.0,29.2,44.2,104.5
47,37,4,8.9,82.6,16,3,0.9,94.1,40.2,80.4
36,5,2,9.9,94.2,13,3,1.0,93.8,40.9,32.4
9,5,2,6.4,106.7,12,1,1.1,86.6,36.0,33.8
39,6,2,7.4,36.3,13,0,0.9,108.9,35.0,28.6
51,2,1,7.7,43.2,17,4,1.05,21.2,42.3,15.3
19,6,2,4.0,104.2,11,1,0.95,34.8,27.2,17.4
38,4,4,8.3,75.2,13,5,0.95,34.0,54.4,12.4
6,5,2,8.0,80.8,11,0,1.35,95.0,32.8,30.2
52,25,6,6.3,64.2,12,3,1.1,65.0,43.3,40.9
47,9,2,9.3,95.2,13,4,0.95,34.1,38.1,48.5
15,8,4,9.2,71.4,8,2,1.35,20.7,49.8,26.4
57,3,4,8.6,96.1,13,1,0.95,107.7,49.1,17.1
20,16,3,5.4,109.4,13,3,1.0,84.6,48.1,43.4
9,4,3,6.5,81.7,8,2,0.9,65.8,28.0,16.8
32,32,3,8.5,72.3,14,0,1.25,116.0,39.7,121.1
4,1,5,7.2,59.2,17,4,1.35,102.7,61.2,6.8
50,16,3,7.7,45.6,12,3,1.35,25.5,37.9,68.1
18,16,2,6.3,82.5,15,3,0.95,63.4,54.6,53.0
5,3,3,8.3,35.0,12,4,0.95,60.9,41.9,12.5
20,8,2,10.3,106.5,17,3,1.05,102.1,38.3,51.2
23,23,5,8.5,81.8,12,3,0.95,22.1,44.2,42.5
11,1,4,9.5,106.7,9,0,1.4,57.0,32.0,10.1
37,26,2,9.3,51.8,11,1,0.95,78.2,52.8,136.1
22,21,2,7.5,105.7,11,2,1.0,113.7,31.8,97.6
58,58,2,7.7,79.0,17,5,0.9,108.4,48.6,209.2
4,1,4,10.2,94.8,17,4,0.95,66.4,54.9,7.8
29,28,5,9.1,44.3,15,2,1.1,74.8,47.1,62.1
44,44,2,9.4,70.0,10,4,0.9,103.0,35.2,218.2
34,22,3,8.2,75.5,8,5,1.25,90.6,44.2,76.5
13,8,5,7.4,61.4,14,4,0.9,106.1,33.2,18.7
42,42,2,7.6,50.3,16,3,1.1,108.0,39.5,180.5
9,7,2,10.1,102.4,13,5,1.0,100.7,35.7,41.3
42,19,3,8.0,36.8,9,5,1.05,6.1,32.9,47.7
31,25,1,9.9,42.3,9,0,1.1,40.8,49.6,266.2
7,6,1,10.1,55.6,8,4,1.05,51.4,53.8,63.3
4,1,6,9.4,103.6,13,5,1.05,83.0,54.6,18.2
19,19,3,9.2,75.1,15,2,1.1,40.3,44.9,62.9
42,2,3,10.5,59.9,8,1,1.1,42.2,59.6,14.7
30,14,3,6.7,62.2,8,2,1.4,51.0,33.9,50.9
31,21,4,7.4,97.0,8,5,0.95,114.9,57.4,43.9
35,32,3,6.1,32.1,17,0,1.05,55.3,52.9,78.3
57,42,2,5.8,30.9,12,1,1.0,21.2,42.5,142.4
21,16,2,7.9,33.7,14,3,0.95,5.7,44.7,59.4
31,7,4,8.4,67.5,11,2,0.95,32.2,54.4,15.6
19,8,2,8.8,76.5,8,2,0.95,113.0,49.9,37.9
31,10,2,7.0,80.0,8,5,1.4,114.8,45.1,52.5
53,47,3,7.4,88.5,17,4,1.05,65.8,36.6,132.0
32,8,1,9.3,45.2,10,4,0.9,79.3,30.9,72.7
2,1,6,5.8,51.0,12,1,1.0,96.5,43.3,6.0
59,12,3,8.0,49.5,12,3,1.0,11.4,28.3,37.1
52,8,2,10.0,41.9,16,4,0.95,48.0,50.8,46.8
10,10,2,7.6,49.6,16,5,1.05,78.9,20.7,40.9
2,2,3,7.4,79.1,16,2,0.9,108.3,45.7,13.9
2,1,3,9.9,59.3,15,1,0.9,88.6,38.7,4.2
24,19,4,5.9,91.4,16,4,1.1,45.3,36.7,37.4
17,14,3,6.8,72.9,15,4,1.05,109.6,38.7,39.6
32,27,3,6.9,47.0,15,0,1.05,81.4,10.0,68.5
16,2,6,9.0,67.4,15,1,1.0,100.5,36.7,11.6
16,13,3,5.6,77.5,15,1,1.35,49.3,31.6,35.3
46,36,3,9.9,99.3,12,5,1.25,5.2,31.7,166.8
39,27,4,8.0,96.7,17,3,0.95,24.1,79.5,55.9
53,9,4,9.6,64.1,10,4,1.05,111.6,25.3,29.3
31,23,3,9.9,81.8,11,1,1.1,8.8,46.8,96.2
43,39,4,6.8,53.8,16,5,1.0,73.5,32.5,71.9
24,1,3,8.0,80.6,14,3,0.95,52.0,31.1,11.1
1,1,3,7.7,103.0,16,4,0.9,54.4,25.8,9.7
11,7,2,7.9,80.0,14,2,0.9,51.1,55.5,29.1
55,26,4,7.1,54.3,15,0,0.95,12.8,56.5,44.2
21,7,2,9.7,81.5,10,3,1.25,19.1,34.6,46.0
4,4,1,7.7,102.2,15,0,1.0,12.2,52.9,28.6
7,7,5,7.5,41.0,11,2,1.4,11.2,29.6,22.0
26,8,3,9.7,68.6,13,1,1.1,14.8,37.2,31.7
47,16,2,9.3,55.7,8,4,1.0,85.1,50.1,75.8
50,3,2,8.4,49.3,9,1,1.4,18.1,30.0,17.9
12,10,3,7.4,61.7,14,0,0.9,35.1,33.1,24.7
31,18,3,10.2,61.5,13,1,0.9,80.5,42.3,71.3
17,7,2,6.4,46.8,17,1,1.4,17.9,42.4,37.1
33,21,2,9.6,62.3,12,3,1.4,109.7,29.1,160.9
11,5,2,8.9,80.7,14,5,1.25,59.9,68.8,31.9
28,5,2,6.1,32.1,9,3,0.95,115.8,31.9,18.0
32,31,2,8.1,109.1,17,2,1.0,27.1,53.4,131.6
1,1,3,6.0,53.7,11,3,0.9,8.5,49.2,5.8
47,23,2,7.5,79.9,12,3,1.1,72.9,32.3,112.2
28,25,1,8.4,52.7,15,3,0.9,42.8,47.6,189.1
53,27,5,6.5,61.5,13,3,1.0,70.8,31.9,49.2
42,22,5,4.5,73.9,13,5,0.95,59.5,42.9,30.7
7,7,2,7.8,78.9,12,2,1.4,57.6,51.9,45.2
2,1,2,8.3,91.6,17,3,1.25,102.9,35.3,7.2
42,27,3,7.4,93.3,12,3,1.35,27.1,46.9,106.9
24,22,3,8.0,71.5,8,0,0.95,62.5,35.1,58.0
4,1,6,7.7,36.1,11,3,0.9,52.8,44.1,9.1
44,4,3,6.5,74.6,16,2,0.95,82.5,43.3,13.6
19,16,3,10.9,68.2,9,5,1.25,10.8,37.6,69.9
26,19,5,8.5,47.2,13,2,0.95,65.9,20.0,44.3
11,10,3,7.4,30.8,9,1,1.4,60.0,51.4,38.3
40,3,2,6.8,55.3,16,3,1.05,117.0,65.9,13.8
50,27,3,7.4,50.8,12,4,1.0,91.9,43.7,84.8
43,3,2,7.5,68.6,16,1,0.9,22.8,34.6,15.6
11,1,1,8.1,90.9,17,2,1.0,63.6,44.5,3.0
45,31,4,9.7,65.1,12,1,1.1,95.1,55.8,103.2
3,2,2,6.8,106.1,16,4,1.0,65.3,57.4,15.4
12,1,1,8.3,47.7,9,0,1.35,46.0,52.9,9.4
3,2,5,9.2,47.7,14,4,1.05,48.3,47.3,8.8
42,30,3,7.0,78.4,15,5,1.4,47.2,50.1,102.5
27,17,2,7.0,101.7,10,5,1.4,7.3,43.4,95.9
49,21,2,5.7,83.7,8,1,1.1,89.0,30.5,73.7
54,36,2,10.5,83.9,9,3,1.35,75.3,37.5,254.7
2,1,2,8.8,94.5,17,0,1.0,35.9,38.1,10.2
49,23,4,7.1,83.5,12,5,1.05,77.5,45.5,55.7
16,6,2,7.1,90.7,16,4,1.4,40.5,20.8,33.6
2,2,3,6.5,99.3,12,3,1.4,33.0,48.1,9.6
54,25,2,8.2,30.6,8,4,1.4,90.2,17.8,147.5
30,22,5,7.5,100.8,8,2,1.4,98.0,46.9,56.3
20,20,3,6.6,47.2,9,3,1.25,77.0,56.0,64.9
38,7,5,6.8,103.0,8,2,1.35,95.2,52.7,24.3
28,16,3,9.1,51.3,15,0,0.9,47.1,31.3,46.4
25,13,4,7.4,66.4,9,0,1.25,13.3,49.5,31.1
32,3,5,6.2,104.7,15,0,1.4,74.6,50.5,16.8
10,2,4,8.1,38.8,12,0,1.35,34.4,62.5,8.2
42,16,2,7.0,89.6,8,2,1.05,94.4,46.4,61.8
40,30,1,9.0,61.4,11,2,1.0,46.2,54.3,303.9
33,6,2,10.3,31.9,9,5,1.25,82.1,36.8,40.4
13,13,2,5.1,105.1,13,1,0.95,68.6,31.8,45.4
56,7,4,6.9,39.4,12,1,0.95,99.0,52.4,18.8
41,5,3,8.2,91.9,16,2,0.95,100.7,52.5,23.4
54,7,3,7.9,60.7,10,0,1.1,12.9,34.4,26.1
42,34,2,9.9,94.8,12,1,0.9,38.9,27.5,180.9
47,32,2,8.0,90.0,17,3,0.95,105.2,43.5,126.1
37,13,2,8.3,80.7,14,2,1.0,51.5,42.5,55.1
54,30,3,8.6,105.1,16,3,1.25,64.2,44.8,113.3
16,9,4,7.0,37.9,10,0,0.9,26.1,52.6,20.1
45,21,2,8.8,93.9,11,5,1.35,68.6,54.3,146.7
22,21,4,8.6,83.7,8,2,1.05,35.4,42.1,50.9
57,28,3,8.2,55.2,9,1,1.35,100.4,30.1,109.5
20,16,5,5.1,73.7,10,5,1.25,28.0,33.3,31.7
50,20,2,6.9,81.6,17,1,1.1,46.4,34.8,76.6
43,34,3,8.3,88.9,14,3,1.4,15.9,40.6,129.8
27,5,2,7.9,45.0,14,2,1.1,72.6,35.8,27.4
41,18,3,9.1,38.2,8,5,1.4,113.3,39.1,81.6
16,12,3,9.1,38.2,16,0,0.9,24.9,42.9,36.8
34,11,4,8.5,53.5,10,4,1.25,7.3,34.3,36.2
32,22,2,9.1,42.3,10,4,1.25,53.6,45.9,141.3
26,17,2,8.8,72.9,9,5,1.1,91.1,63.9,86.2
25,16,3,7.2,65.0,10,0,1.0,117.1,40.0,50.5
2,1,3,8.0,101.4,13,1,0.9,10.9,33.8,8.5
12,6,3,6.4,87.4,17,4,1.05,95.4,45.7,17.0
40,37,4,10.2,46.5,11,0,1.4,47.4,32.5,155.6
9,4,3,6.1,33.7,9,5,1.35,22.7,40.2,12.7
12,12,4,4.9,86.7,15,5,0.9,27.1,33.9,20.7
26,22,4,11.2,97.7,8,5,1.35,111.2,29.2,89.4
9,6,4,7.9,86.1,17,3,1.05,98.1,31.5,17.1
10,6,3,9.3,81.5,15,1,1.1,40.8,34.1,21.4
32,2,2,9.1,49.9,9,0,1.05,113.1,29.5,15.5
57,14,3,9.6,69.6,16,5,0.95,17.1,57.3,47.1
34,23,6,8.9,88.0,11,3,1.25,42.1,47.2,58.4
48,20,2,8.9,45.5,11,2,1.4,80.1,53.3,143.2
20,13,3,4.5,68.1,14,4,1.4,119.9,25.7,31.2
39,32,4,6.6,39.4,10,4,0.95,58.5,38.5,62.5
2,2,3,4.1,72.5,17,4,1.05,98.2,47.0,8.0
1,1,3,6.8,75.9,10,0,1.4,110.3,61.8,6.9
51,50,2,7.2,72.8,11,2,1.4,6.1,33.0,288.7
36,14,3,7.8,67.6,17,0,0.9,38.2,26.6,39.9
24,20,2,6.6,77.0,10,5,0.9,16.5,44.3,70.9
54,36,6,7.5,109.7,17,0,1.05,94.2,33.9,59.2
27,8,4,7.2,79.8,15,2,1.35,70.2,62.5,26.8
2,2,4,8.5,90.2,16,5,1.35,16.0,48.5,7.5
31,22,3,9.1,45.4,12,5,1.1,53.4,38.6,91.7
57,22,2,8.3,72.4,10,3,1.05,64.1,38.6,120.5
14,11,2,8.9,30.6,14,5,1.05,85.2,40.5,53.4
2,2,2,8.3,32.5,10,1,1.35,94.6,20.1,17.7
29,28,3,9.8,55.8,13,4,1.25,15.1,42.5,134.6
15,13,3,10.8,67.3,11,2,1.05,61.1,36.2,60.9
12,12,3,4.3,76.1,14,3,1.05,23.5,49.6,25.6
37,10,3,9.7,101.0,13,5,1.25,91.6,31.2,53.6
28,25,6,6.1,91.7,14,2,0.9,80.6,50.2,31.8
20,17,2,8.3,54.0,11,1,1.1,88.1,48.5,92.1
39,33,3,8.4,89.5,13,2,1.35,13.6,43.9,144.2
24,18,2,8.9,74.0,17,2,1.0,63.7,57.0,84.9
21,10,3,7.9,92.3,14,3,1.05,101.7,19.4,34.9
10,10,2,8.0,62.9,17,4,0.95,87.0,47.3,39.6
46,21,3,8.5,37.4,15,4,1.05,104.1,41.5,69.3
14,4,2,7.5,79.5,17,3,1.05,28.7,41.1,17.3
37,1,1,5.2,74.6,16,3,1.4,38.0,30.2,5.2
18,4,4,8.0,106.3,10,0,1.05,55.7,25.0,21.0
24,4,2,6.9,43.0,12,0,1.25,65.2,52.7,20.0
14,10,3,6.7,82.5,17,1,1.4,34.0,51.5,34.1
34,4,3,6.6,67.9,10,0,1.25,48.8,63.6,13.9
58,49,3,5.0,60.3,12,0,1.05,84.0,65.6,104.4
12,9,4,7.4,93.6,9,2,1.0,79.2,23.4,29.6
22,19,3,8.0,94.9,10,2,1.35,17.7,40.1,79.1
56,45,2,9.2,87.2,14,3,1.05,118.4,45.0,219.6
6,4,2,7.1,36.7,15,5,1.25,69.7,53.5,24.5
36,5,4,10.4,57.6,12,4,1.05,60.6,59.1,21.0
45,45,3,8.9,33.7,10,1,1.0,116.2,29.7,157.9
36,23,5,6.3,57.5,11,0,1.25,21.1,35.5,43.8
22,16,3,7.3,81.8,10,2,0.9,67.5,58.5,46.9
14,6,4,11.0,71.5,10,4,1.4,97.6,21.9,29.7
16,5,5,9.1,86.2,16,0,1.1,50.9,29.1,20.6
36,8,4,7.2,74.1,11,5,0.95,89.7,47.3,21.2
56,48,3,9.3,74.5,13,4,1.1,108.4,66.7,197.8
25,1,3,6.1,70.9,10,2,1.25,35.1,21.9,8.6
32,23,3,7.2,59.1,15,3,1.1,32.8,42.7,66.4
33,16,3,4.5,65.7,11,5,1.05,46.5,48.7,33.8
45,5,2,8.9,39.0,15,5,1.4,53.1,59.6,31.0
36,16,4,6.3,96.8,9,0,0.95,17.8,47.4,28.6
20,7,2,7.9,101.1,16,0,0.9,31.6,19.9,32.9
18,1,1,5.7,91.3,9,1,0.9,105.4,26.6,10.0
38,9,3,8.3,76.7,10,0,1.0,70.2,58.5,28.5
3,2,2,7.9,75.5,10,2,1.1,35.8,47.3,8.3
23,13,4,5.8,67.6,12,4,1.05,113.5,28.5,29.2
32,26,5,7.3,48.5,10,5,0.95,94.0,47.9,49.3
45,3,5,8.2,60.7,15,4,1.4,46.7,45.7,11.0
59,24,4,8.7,109.2,17,3,1.1,93.0,12.1,66.5
16,12,3,10.4,41.7,14,5,1.4,73.5,16.8,58.6
59,10,3,9.8,73.4,8,5,1.35,83.6,45.7,50.1
5,1,3,7.0,99.3,13,3,1.0,42.0,66.4,9.3
4,1,2,6.9,66.2,9,2,1.35,29.1,45.2,10.3
21,16,3,5.9,78.4,15,4,1.05,34.2,12.6,33.9
40,35,4,6.5,96.2,17,5,1.35,14.6,22.7,82.7
51,23,2,9.3,73.8,15,3,1.1,59.2,49.5,121.2
14,1,2,5.6,88.5,14,5,1.35,51.7,50.8,9.3
39,7,4,7.8,57.8,15,3,0.9,5.3,39.7,15.9
31,20,2,7.5,88.6,8,1,1.0,103.5,36.2,78.8
14,5,2,6.9,33.3,15,1,1.05,83.4,51.5,21.9
6,4,1,6.0,42.2,8,2,1.35,56.4,55.3,32.2
12,4,4,5.2,81.0,10,2,1.1,116.2,50.3,11.0
16,8,3,6.1,65.9,11,2,0.9,113.2,30.6,25.7
17,15,4,7.9,96.3,10,2,0.9,15.9,52.8,29.0
45,5,2,8.9,57.4,9,4,1.4,75.7,37.8,29.8
23,13,4,10.4,91.4,10,0,0.9,99.0,34.8,36.8
14,6,3,8.5,41.1,16,2,1.25,24.9,34.3,26.3
7,4,3,8.9,104.4,9,1,1.35,19.7,42.3,21.6
46,5,3,10.4,63.5,12,5,1.1,34.9,48.8,22.7
32,17,3,8.5,48.5,10,0,1.1,37.2,17.8,64.2
15,7,3,9.5,93.1,16,0,1.4,116.0,33.2,36.5
44,38,3,7.4,105.8,14,4,0.95,94.8,36.5,96.1
17,2,2,9.1,103.4,17,3,0.9,11.9,54.4,12.4
41,39,3,8.3,49.0,10,5,1.4,95.4,31.6,181.3
54,54,3,7.6,83.8,9,5,1.25,24.5,38.0,178.4
47,21,3,10.3,73.7,9,0,1.4,46.1,51.7,105.4
44,40,3,6.2,88.0,12,4,1.1,41.6,42.5,109.3
34,18,5,6.7,69.0,16,4,0.95,36.3,60.4,30.5
5,4,4,9.8,67.6,9,4,1.05,40.5,40.2,16.2
45,17,3,9.5,100.6,9,2,1.05,91.7,64.6,61.0
27,5,4,8.0,99.7,15,5,0.95,35.7,66.8,14.2
52,46,1,8.5,93.0,10,3,1.4,97.1,47.5,627.1
23,6,4,8.8,86.4,10,2,0.95,15.5,47.0,15.4
40,15,3,8.5,84.3,13,1,1.1,73.4,48.7,55.7
59,7,3,8.4,34.5,13,3,1.0,104.2,51.8,30.8
14,14,2,6.7,90.0,13,2,1.25,14.1,43.5,68.0
15,2,2,9.9,81.0,12,3,0.95,78.0,56.0,13.1
43,1,1,7.7,54.2,11,1,1.35,63.8,48.0,4.5
33,3,2,6.5,95.6,16,2,1.25,43.2,58.6,15.2
53,37,1,8.2,96.6,11,3,1.1,16.6,24.6,379.4
31,12,4,8.5,104.6,8,1,1.05,82.8,44.6,33.9
35,31,2,8.6,63.5,15,5,1.0,40.6,54.2,132.6
17,11,3,9.5,74.1,15,4,0.9,44.0,28.3,39.6
28,13,4,7.4,102.5,10,3,1.4,87.5,47.2,50.6
19,16,2,7.9,55.3,16,1,0.95,113.7,49.3,64.6
46,18,4,6.7,93.7,14,5,0.95,43.4,62.7,31.6
54,17,3,8.4,109.4,14,4,1.35,90.9,37.9,68.8
23,17,3,6.7,82.2,12,1,1.35,115.0,44.5,63.0
32,29,2,7.1,108.7,10,5,0.9,16.3,35.3,107.3
40,11,2,9.5,71.3,17,5,1.35,65.9,40.3,70.4
13,4,3,8.2,42.2,12,5,1.0,6.3,61.4,8.0
59,10,2,10.1,44.0,10,0,1.25,99.9,41.6,73.6
20,16,2,9.8,88.5,10,1,0.9,38.0,33.5,82.9
35,34,2,8.3,30.1,8,2,1.0,43.3,39.8,143.7
5,1,3,8.5,83.0,11,2,1.25,84.0,35.8,13.4
9,6,2,7.6,42.1,16,2,1.05,95.8,36.7,27.8
29,20,4,9.6,108.7,13,2,0.9,51.0,35.5,63.2
6,2,2,8.5,43.1,13,5,1.35,81.5,36.0,15.3
25,13,4,9.4,74.2,13,5,1.05,115.0,27.8,47.5
31,12,2,7.0,83.6,12,0,1.25,107.0,42.8,59.6
22,15,4,6.0,95.6,9,0,1.1,85.6,30.3,29.7
2,1,3,8.8,66.7,12,0,1.35,113.5,55.7,7.8
45,27,3,9.1,104.7,17,4,1.25,105.7,38.3,114.2
5,5,1,8.1,68.4,10,3,1.25,88.8,46.9,54.1
27,26,3,8.9,50.2,17,2,0.95,110.5,46.9,77.0
25,13,2,6.7,77.4,9,3,1.35,99.0,20.0,64.3
8,4,3,9.4,82.6,11,2,1.0,62.8,38.8,20.6
55,44,2,9.8,70.6,17,2,1.0,62.8,62.6,215.3
1,1,3,9.5,88.7,16,2,1.4,6.0,32.7,1.8
20,2,2,8.2,63.7,14,0,1.35,8.5,69.3,13.8
44,37,2,9.8,30.3,17,5,1.0,90.8,48.5,187.3
23,2,3,6.3,51.2,16,4,0.95,68.8,48.2,13.4
32,23,6,8.9,105.7,10,2,1.1,92.5,44.9,55.5
11,10,3,9.1,91.1,9,2,1.1,114.2,54.6,36.6
39,29,4,8.8,45.2,16,2,0.95,57.0,55.2,65.4
47,35,3,6.6,35.3,13,1,1.05,15.2,41.8,92.5
54,11,3,8.3,58.1,17,2,1.25,77.1,36.8,45.0
24,16,2,7.6,96.9,11,0,1.0,16.5,24.9,71.2
11,1,2,5.1,38.5,11,0,1.35,76.4,51.8,3.6
29,19,5,6.2,73.5,17,3,1.35,65.7,42.8,38.1
54,11,3,9.7,52.0,17,5,1.35,86.9,31.9,54.7
26,9,3,7.4,88.1,13,5,1.4,45.4,35.0,35.2
16,14,3,9.6,30.0,14,0,1.0,21.5,41.2,46.8
35,9,3,9.7,52.2,17,3,0.95,32.2,30.2,29.5
20,7,3,8.8,84.3,12,4,1.35,83.6,42.6,37.9
46,3,3,7.1,73.7,15,1,1.4,60.0,22.6,8.9
3,1,2,9.4,92.3,17,0,1.25,67.2,35.6,11.0
1,1,3,8.3,42.6,8,2,1.35,42.1,28.1,5.0
58,19,3,8.1,72.5,8,4,1.35,101.2,44.4,73.3
53,36,6,6.6,45.7,11,2,1.05,119.9,30.3,57.5
47,32,3,7.2,81.1,15,3,1.05,40.9,35.3,89.1
1,1,3,6.7,40.5,15,3,1.1,87.6,69.1,8.2
17,7,2,9.4,41.9,13,1,0.95,24.7,52.4,35.0
2,1,2,10.3,56.3,12,4,1.0,90.4,49.2,6.8
29,28,5,9.4,62.2,17,3,1.0,54.5,57.6,60.8
20,12,4,8.3,69.9,17,2,1.1,74.6,48.1,30.7
6,6,3,7.5,76.5,9,5,1.1,32.3,25.1,21.0
8,2,3,8.7,67.5,12,0,1.05,102.9,26.2,11.9
29,28,2,7.4,33.7,12,0,1.05,24.9,10.0,128.0
48,5,4,8.0,57.5,9,5,0.95,111.8,44.4,16.1
51,23,2,6.8,34.9,15,4,0.95,12.0,29.3,74.3
33,22,4,9.0,39.4,17,4,0.95,38.1,35.2,50.1
3,2,3,9.1,37.4,12,3,1.05,69.7,38.2,10.0
35,12,2,9.4,42.6,12,0,0.9,103.7,34.7,58.2
5,3,5,8.8,95.0,8,5,0.9,71.4,41.6,13.4
27,15,6,8.7,80.2,8,1,0.95,29.9,38.6,26.1
44,1,2,6.4,70.5,8,5,0.9,103.8,37.4,4.7
12,3,4,6.4,88.6,15,1,1.1,73.6,23.4,10.3
20,18,4,8.5,106.9,17,5,0.95,31.7,44.9,44.1
45,30,4,9.7,63.4,9,5,0.9,69.6,68.1,69.2
20,2,6,7.6,59.4,15,5,1.0,82.7,45.3,8.9
9,5,3,8.0,108.2,13,5,1.1,83.3,69.2,25.8
39,29,4,8.0,91.7,12,5,1.0,88.3,35.2,75.3
4,1,4,5.2,92.2,13,5,1.1,108.0,39.0,9.0
51,42,3,8.4,78.0,11,1,1.35,99.9,41.8,187.2
54,20,3,7.2,70.6,10,1,1.25,74.9,40.0,69.6
19,10,3,8.9,74.0,11,3,1.0,8.7,56.0,32.2
38,5,4,8.0,82.2,16,5,0.95,91.2,15.7,12.3
27,18,4,7.7,60.1,15,2,1.35,117.1,36.5,52.0
45,21,3,7.8,92.6,15,1,1.1,40.1,62.0,64.4
43,15,3,7.5,102.7,8,3,1.4,74.8,36.0,64.2
13,4,2,6.0,75.7,12,1,1.1,93.4,53.1,17.4
13,8,1,9.4,60.5,13,1,1.25,78.5,49.2,104.9
57,49,3,7.0,85.6,16,5,1.1,111.1,41.1,130.5
22,12,3,7.3,44.6,17,2,1.25,59.4,45.8,40.9
28,21,4,8.1,107.5,17,1,0.95,66.2,41.0,50.1
52,30,3,6.3,82.6,13,3,0.9,9.4,16.5,65.2
47,27,5,7.3,35.4,8,5,1.0,108.5,47.5,44.0
53,44,2,10.9,72.4,8,3,1.25,35.2,34.6,302.7
45,26,6,8.5,90.0,14,0,1.4,117.5,25.5,56.9
22,1,2,6.7,52.2,10,4,1.0,28.2,46.6,8.6
43,26,3,4.9,34.1,14,1,1.1,34.1,45.9,52.8
19,4,3,9.5,69.1,12,5,1.1,60.7,53.8,17.9
8,8,3,6.5,96.7,8,1,1.25,81.0,38.9,28.5
52,1,2,7.2,50.1,15,3,1.35,55.7,52.3,7.6
8,3,2,7.4,87.4,16,1,1.4,45.5,42.3,18.5
42,15,4,6.6,62.6,13,5,1.25,67.1,46.1,39.9
26,18,3,7.9,34.8,9,3,1.35,115.2,47.1,65.1
48,1,6,7.2,54.3,16,0,1.4,115.6,26.0,6.8
51,11,3,8.9,55.1,9,5,1.05,42.7,46.5,40.9
26,23,6,8.2,102.4,13,1,1.25,83.2,43.2,54.3
23,2,2,10.1,108.5,17,5,0.9,88.0,38.7,16.2
43,1,2,10.2,46.8,11,5,0.95,80.1,43.4,4.2
13,12,3,6.6,64.4,13,0,0.9,18.0,72.6,33.3
28,16,5,7.5,108.1,11,0,0.9,67.0,19.0,34.9
9,6,3,11.2,62.6,10,4,1.25,92.8,40.4,37.8
20,10,2,6.3,57.9,15,3,1.35,28.1,51.7,45.8
56,18,2,9.2,38.8,12,0,1.0,45.0,27.0,98.8
19,15,3,8.8,90.3,8,3,1.1,28.4,46.5,55.6
48,17,3,6.7,65.8,15,4,1.0,107.0,45.6,44.6
39,30,3,6.8,81.1,10,3,1.1,103.7,22.9,91.2
51,10,4,10.8,70.8,11,5,1.4,24.5,35.0,48.7
12,3,3,10.7,44.0,16,4,0.9,92.5,63.4,16.7
15,10,5,8.6,44.1,10,1,0.9,46.9,22.9,21.3
31,30,3,5.9,105.2,12,4,1.1,83.9,36.7,86.8
55,21,3,9.9,101.2,15,4,0.95,61.7,40.0,76.6
14,6,6,5.9,78.9,13,4,0.9,59.3,42.1,6.7
11,3,3,9.1,30.1,10,2,1.0,106.3,37.0,12.3
26,9,3,5.6,64.7,15,0,1.25,78.3,43.0,24.4
42,21,4,8.0,72.4,12,3,0.9,32.1,41.6,49.6
27,13,2,9.3,66.0,13,5,1.05,17.7,50.5,74.8
11,2,3,4.0,104.0,10,3,1.35,112.3,52.1,15.4
38,24,2,7.2,33.3,15,2,1.35,22.6,47.3,119.8
34,27,2,8.2,82.4,11,1,0.9,89.4,44.8,116.1
43,4,1,7.5,55.1,16,5,1.05,62.0,23.2,28.0
19,8,1,7.0,74.8,12,0,1.4,21.1,43.4,87.5
6,5,3,7.8,82.5,8,0,1.25,94.3,55.4,21.5
46,10,4,9.6,65.3,16,0,1.1,109.0,22.7,35.1
52,2,3,10.1,41.9,15,0,0.95,19.0,26.2,6.8
38,6,3,9.1,71.5,12,2,1.25,12.7,59.9,23.8
49,48,3,10.3,104.6,10,3,1.25,102.7,24.0,241.5
42,18,4,7.2,72.9,16,1,1.1,62.6,40.8,43.1
28,17,5,8.9,39.8,14,5,1.25,82.6,35.4,46.4
1,1,4,6.5,95.9,15,5,1.4,55.8,59.2,10.1
35,23,4,12.4,47.7,10,1,1.05,52.4,45.6,88.3
40,30,2,8.2,59.6,13,1,0.95,39.5,51.5,137.4
8,2,3,9.2,64.3,11,2,1.0,69.7,42.7,12.7
59,21,3,5.4,57.2,10,2,0.95,23.4,65.9,39.7
52,10,3,9.2,62.4,11,4,1.25,87.5,33.1,46.7
54,43,3,8.2,93.6,9,2,1.0,68.2,46.1,123.6
47,13,2,8.7,47.9,12,0,1.4,102.5,57.1,95.1
56,12,2,8.0,67.6,15,3,1.4,110.9,59.8,70.0
7,1,5,7.8,31.6,12,1,1.35,108.6,38.8,8.8
11,4,3,7.5,70.6,9,2,1.35,74.1,17.7,17.8
39,39,2,7.9,38.9,14,3,1.25,41.7,37.4,194.2
4,4,2,10.2,52.6,15,0,0.9,46.1,62.9,17.3
25,22,3,7.4,56.0,11,2,1.25,80.0,32.8,81.4
12,2,3,11.4,36.6,10,2,1.0,86.9,45.5,6.8
26,7,3,8.1,58.8,15,3,1.4,23.5,38.3,27.3
38,5,2,10.1,69.8,17,5,1.0,119.8,41.1,30.1
46,15,2,9.7,64.5,9,5,1.0,17.4,57.7,71.3
12,2,3,5.7,52.4,14,0,1.35,74.8,45.1,9.7
43,4,4,6.0,53.6,17,2,0.95,66.1,66.5,12.8
51,51,1,7.0,80.7,15,3,1.1,73.0,53.7,398.6
53,52,3,5.7,87.5,12,0,1.4,66.4,43.6,163.0
37,8,4,7.4,76.1,14,2,1.4,11.7,40.9,24.4
46,45,4,8.0,108.1,16,5,1.0,119.5,46.0,101.1
53,24,2,9.0,105.6,15,2,0.95,117.8,27.2,111.4
24,21,4,8.3,37.9,12,1,1.05,65.3,29.3,57.4
16,12,6,8.0,50.9,11,4,1.4,29.0,51.1,28.7
57,55,5,9.5,99.5,10,0,1.05,26.0,53.0,132.2
13,11,4,9.3,32.4,13,3,1.05,11.6,26.1,35.9
25,1,4,10.9,77.4,11,1,1.25,75.4,52.3,8.5
54,34,2,8.3,106.4,11,2,1.1,60.0,39.9,181.3
54,17,3,4.4,84.3,14,3,1.25,52.9,32.0,35.3
57,37,3,8.6,37.4,17,1,0.95,65.4,38.2,103.8
52,38,3,11.4,89.8,12,1,1.35,105.4,52.7,229.1
54,26,3,9.5,60.1,8,5,0.9,13.1,49.3,74.4
4,1,4,9.9,103.7,12,5,0.9,67.6,45.6,13.2
11,8,6,8.1,52.9,13,4,1.05,85.6,46.5,21.9
32,7,2,9.4,67.9,8,5,1.0,116.6,28.3,37.1
49,21,2,10.0,89.7,10,1,1.05,90.1,48.6,129.8
7,6,3,7.5,50.6,13,0,0.9,68.0,36.5,19.3
46,13,2,7.2,44.5,14,4,0.95,93.2,66.3,51.6
58,37,3,8.7,30.2,14,4,1.25,119.7,37.4,135.8
11,3,2,9.5,69.0,14,2,0.9,107.2,68.7,15.8
28,3,3,4.0,104.3,16,2,0.95,15.2,40.1,10.4
54,19,3,7.7,52.5,9,0,1.0,71.1,40.9,56.4
41,14,2,5.1,33.5,10,3,1.4,95.4,38.5,65.5
23,16,2,7.8,79.6,14,5,1.1,82.3,26.9,71.3
45,22,3,10.5,34.5,13,5,0.95,53.0,57.9,87.5
23,17,3,7.1,70.6,8,0,1.0,42.1,43.2,41.5
50,4,4,7.6,60.5,17,4,1.0,77.1,49.5,13.3
28,13,3,9.0,68.0,14,2,1.0,52.4,61.4,45.9
43,40,3,9.5,43.0,9,0,1.25,50.1,40.4,156.8
47,19,3,9.4,37.2,11,2,1.4,101.2,40.9,99.5
57,37,1,8.1,89.9,14,0,1.0,41.3,43.7,298.6
26,2,4,8.9,49.7,11,5,1.4,79.2,26.6,11.6
25,15,1,8.8,94.0,13,0,1.05,105.4,20.1,157.5
54,2,4,6.9,90.7,16,1,1.35,76.5,24.0,12.5
29,11,3,5.4,45.9,12,0,1.35,61.7,56.9,33.2
19,13,3,6.7,102.7,10,2,1.0,9.1,38.1,36.0
33,23,4,10.2,42.9,13,0,1.25,83.4,51.4,83.7
36,10,5,11.3,93.8,11,3,0.95,119.7,38.9,32.6
14,3,5,7.9,63.6,16,5,1.0,98.0,23.1,12.0
14,5,3,10.1,44.6,9,5,1.35,78.0,52.4,24.6
35,3,2,7.6,105.0,17,1,1.05,59.0,31.3,16.8
30,6,5,8.5,107.1,12,0,0.9,30.8,49.0,19.2
28,13,1,7.1,70.9,16,3,1.25,84.6,53.1,114.4
17,10,4,9.5,67.5,17,2,1.35,25.4,41.5,31.8
3,3,4,7.0,102.1,14,3,1.0,107.0,47.7,10.1
16,8,5,6.7,77.7,12,5,1.0,45.7,24.9,13.3
46,35,5,8.1,51.3,15,1,1.0,51.0,77.1,58.4
30,24,2,9.2,64.0,9,2,0.9,29.8,47.3,98.6
52,24,3,8.2,96.9,11,0,0.95,60.4,51.4,78.0
29,17,2,7.3,98.8,13,0,0.9,83.3,53.2,70.8
45,40,2,6.7,105.1,14,3,1.35,39.8,40.3,185.1
15,10,3,5.5,53.1,15,0,0.95,85.7,42.9,24.5
46,2,2,7.3,84.4,11,2,1.0,76.4,55.0,13.0
56,44,4,7.8,35.5,16,5,1.35,47.8,37.6,120.6
25,23,6,8.8,88.1,14,2,0.9,41.0,46.7,36.1
51,6,3,6.2,75.1,9,0,1.0,104.1,47.6,16.2
38,2,2,9.0,50.0,16,3,0.9,6.4,33.2,4.3
42,21,4,7.1,82.4,14,0,1.4,87.3,47.3,56.4
59,55,5,7.2,40.8,12,5,1.05,53.0,21.7,104.3
47,35,4,9.9,56.7,10,4,1.35,87.5,53.0,144.2
53,49,3,4.3,62.1,16,0,0.95,63.4,60.8,74.0
54,29,5,6.2,92.2,14,1,1.0,14.6,52.9,40.9
52,7,2,8.1,54.7,10,0,1.05,117.9,60.0,40.5
58,29,5,8.0,33.9,12,5,1.0,14.9,32.9,60.2
38,37,5,5.4,44.5,10,4,1.1,23.2,39.3,53.0
23,23,5,7.3,78.6,10,1,1.1,53.3,43.5,54.9
25,1,2,9.4,31.2,14,3,1.25,113.6,43.5,12.5
42,8,5,6.3,93.4,16,1,1.4,38.7,36.8,16.3
7,4,3,9.6,102.1,12,2,0.95,70.4,31.0,18.7
22,14,3,6.9,69.6,11,5,0.95,65.0,62.7,47.4
17,16,4,5.2,86.6,11,4,1.4,43.0,32.0,40.7
18,10,1,9.2,67.0,10,2,1.25,85.1,61.9,125.9
49,15,3,8.4,54.7,15,2,1.1,62.7,47.9,50.7
41,24,4,5.8,43.2,17,1,1.35,71.5,44.4,54.6
10,10,4,7.2,71.5,8,1,1.25,29.2,48.5,28.6
10,10,4,10.6,104.4,10,2,1.1,111.6,60.3,45.7
57,53,2,9.0,101.2,9,5,1.35,17.7,10.5,324.1
7,4,4,9.7,103.6,14,3,1.0,84.4,46.3,19.4
48,39,2,6.3,107.3,13,0,0.95,106.9,43.8,142.5
50,3,4,9.8,43.2,8,0,1.05,14.7,44.2,7.8
38,2,2,5.9,41.7,10,4,1.25,8.3,53.3,5.8
27,6,4,5.9,64.2,11,1,0.9,43.3,34.7,14.1
52,21,3,9.3,85.1,17,0,1.05,95.8,28.2,73.9
33,9,6,6.0,65.2,14,3,1.1,87.5,25.4,13.2
1,1,3,10.3,101.4,10,4,1.0,99.5,31.1,16.3
44,10,3,6.1,87.4,11,5,1.35,50.7,50.2,33.9
53,36,3,6.5,80.7,14,1,0.9,119.3,48.1,75.2
34,3,4,9.7,35.7,11,0,0.9,47.1,52.6,11.9
4,1,3,7.1,44.0,16,2,1.35,97.6,36.5,2.3
17,17,1,9.2,64.3,13,3,1.4,45.3,37.0,244.6
4,2,3,6.3,108.1,9,3,1.1,30.1,61.8,10.6
43,42,4,7.6,56.8,8,1,1.0,43.7,54.2,79.8
54,45,2,9.1,80.4,15,5,1.1,27.2,51.0,226.9
26,12,2,6.7,109.1,10,3,1.0,19.8,20.1,53.2
4,3,3,9.5,51.1,14,1,0.95,46.9,65.5,17.9
1,1,4,7.5,43.3,11,3,1.35,21.9,40.9,6.1
7,1,2,8.2,73.7,10,0,1.05,62.8,44.1,7.9
30,28,5,6.5,74.2,16,5,1.1,9.1,47.4,42.8
50,22,5,6.8,103.8,13,1,1.05,54.6,44.0,38.9
9,3,2,6.7,32.1,13,3,0.95,115.2,39.9,16.1
35,19,2,7.1,62.6,13,0,0.95,46.3,43.7,76.5
8,6,4,10.3,55.0,10,5,0.9,20.8,49.6,18.5
24,13,6,9.7,75.7,13,0,1.4,40.1,52.2,35.8
19,19,4,8.7,30.7,11,0,1.35,96.0,56.6,70.3
36,13,3,7.0,86.9,9,5,1.05,41.1,28.8,33.7
50,26,2,6.7,68.8,10,1,0.95,49.1,35.4,100.8
52,22,3,6.5,86.1,11,1,1.35,95.7,52.2,80.3
59,21,3,7.5,65.8,8,3,1.25,35.0,23.2,72.8
43,36,3,8.4,67.9,14,5,1.1,60.0,43.9,114.3
27,24,3,8.9,101.6,12,5,0.9,12.3,32.6,81.7
32,2,2,8.0,46.9,16,5,1.35,25.0,48.6,11.8
14,12,3,8.8,47.4,13,2,1.25,29.1,31.9,52.6
57,30,2,9.4,74.8,15,2,1.05,58.3,37.7,148.4
18,7,1,7.4,82.8,16,4,1.25,99.4,38.5,65.1
28,20,5,9.6,58.4,13,2,1.25,45.8,45.0,58.4
29,18,2,6.5,71.6,14,5,1.05,48.8,53.5,65.2
16,15,3,8.9,48.2,13,2,0.9,39.6,54.4,51.5
35,23,2,8.0,40.9,13,3,1.05,41.9,44.5,113.6
47,13,2,8.3,49.1,9,1,1.0,51.4,28.7,57.5
59,17,3,7.4,103.3,12,2,1.25,108.4,73.0,72.7
59,4,2,9.9,94.1,13,4,1.4,7.8,41.0,30.2
31,25,1,7.1,41.2,17,3,1.35,76.8,45.3,236.0
4,2,5,10.1,33.7,12,0,1.0,107.1,44.9,9.7
37,20,1,10.1,37.5,11,0,0.9,53.0,46.2,206.0
17,13,2,8.7,53.5,13,4,0.95,79.9,31.8,70.1
39,3,4,7.5,94.9,13,1,1.25,72.4,47.3,11.0
48,26,2,6.7,55.7,15,5,0.9,43.9,63.9,83.2
46,26,4,5.0,44.9,15,0,0.9,20.8,17.9,37.1
26,18,2,8.8,61.7,17,1,1.25,30.3,42.4,101.3
48,32,2,6.3,39.9,8,2,0.9,11.6,28.5,92.6
39,14,3,6.5,67.6,9,2,1.35,92.9,53.9,42.2
41,3,6,8.8,84.0,8,2,1.35,66.3,55.7,15.3
4,1,2,7.4,59.5,17,0,1.4,95.3,40.5,7.0
30,26,3,8.3,43.9,14,0,1.4,38.4,42.7,101.4
30,24,1,8.7,66.3,15,1,0.95,97.5,31.4,198.8
22,17,2,10.4,91.0,10,1,1.1,40.6,13.7,115.8
11,3,5,8.3,36.1,10,5,1.35,19.0,38.8,11.6
2,2,2,7.2,35.7,14,4,1.25,66.4,39.4,11.2
44,3,5,7.9,55.4,15,5,1.25,113.7,42.5,13.1
12,2,2,7.1,63.2,13,2,1.35,52.7,10.0,13.0
30,14,5,10.8,47.3,15,3,1.25,64.3,21.3,41.5
36,21,3,8.6,32.2,9,3,1.1,56.9,24.2,70.2
18,3,5,8.9,47.6,14,2,1.05,57.6,43.0,9.0
26,19,2,10.0,64.8,12,4,0.95,29.7,49.0,102.3
53,40,4,6.7,36.4,13,5,0.95,53.6,28.0,80.3
7,4,4,5.9,87.3,14,1,1.4,62.1,38.7,12.6
1,1,3,8.0,74.2,16,0,1.4,90.7,35.1,8.1
58,36,4,5.9,64.8,14,4,1.25,21.1,66.4,67.8
26,19,3,7.4,71.5,8,4,0.9,70.7,37.4,46.1
23,11,5,4.7,82.5,12,2,1.0,81.2,36.9,17.6
26,1,3,6.0,109.6,11,1,1.0,49.0,32.2,10.5
45,40,3,9.8,92.0,15,3,1.25,68.2,19.2,166.9
6,1,5,8.6,73.2,14,3,1.25,86.7,49.8,8.5
6,5,2,10.7,91.6,11,5,1.4,58.5,38.8,45.7
44,11,3,8.0,68.0,10,5,1.35,43.3,37.3,49.9
8,3,6,7.9,54.9,13,3,1.4,99.8,44.2,11.7
24,14,3,8.3,51.0,15,4,0.9,118.7,23.1,39.5
22,22,2,13.4,62.0,10,5,1.4,29.9,63.2,228.0
19,16,3,9.6,30.2,12,0,1.0,107.3,20.2,61.8
37,12,5,6.7,44.2,17,1,1.35,67.7,63.3,24.9
18,17,6,8.6,40.1,8,0,1.0,56.5,41.8,30.4
31,14,6,8.2,106.8,17,3,1.4,107.7,37.4,41.8
37,10,4,9.1,35.2,17,0,1.0,109.7,50.1,27.9
30,24,3,10.8,70.1,15,4,1.05,36.4,37.8,89.9
57,46,2,8.9,103.6,14,2,1.0,46.2,53.2,209.7
42,18,2,7.4,78.6,15,0,1.0,103.0,45.7,70.5
33,22,2,10.8,69.6,9,5,0.95,61.4,50.6,118.3
10,9,1,6.0,89.4,14,0,1.0,38.1,54.5,50.2
37,17,5,7.6,58.3,11,0,1.1,115.7,39.9,36.8
12,6,4,9.4,45.5,9,5,1.25,30.0,53.6,22.7
54,40,3,6.8,97.8,16,3,1.35,75.2,48.2,125.4
30,26,6,7.9,34.5,12,0,0.9,54.2,58.0,42.8
27,13,6,6.9,94.6,14,1,1.1,56.9,37.6,22.1
39,37,4,7.9,38.3,11,4,1.35,17.2,58.4,118.8
9,6,3,7.0,80.0,17,1,0.9,34.6,32.7,16.7
54,21,2,8.1,68.2,11,1,1.1,24.2,17.9,108.1
21,19,3,7.5,109.9,10,3,0.95,91.2,25.6,63.8
12,4,2,10.0,61.0,8,0,1.1,85.2,38.0,24.6
55,7,3,8.6,106.6,9,4,0.9,96.3,45.2,24.7
29,4,5,9.1,62.3,16,4,1.25,85.4,42.2,13.6
33,25,3,8.2,84.5,8,4,1.35,19.8,51.4,90.1
43,11,2,7.3,81.5,12,0,1.4,117.5,27.6,65.6
53,44,3,8.5,36.9,9,4,1.1,26.7,62.7,134.7
15,14,3,8.3,89.5,11,4,1.35,45.3,58.1,68.6
2,1,2,4.4,46.7,14,2,1.35,86.3,53.2,8.0
52,29,2,8.1,61.1,12,2,1.25,21.2,57.2,168.9
39,10,6,9.0,92.6,8,4,1.4,24.6,23.4,23.3
53,50,2,6.9,105.5,10,5,1.35,105.8,50.4,277.0
44,5,4,9.3,74.8,17,1,0.9,43.2,50.9,17.1
54,8,3,8.5,71.6,16,5,1.1,81.5,53.6,32.2
18,14,3,7.4,70.4,8,0,1.4,103.8,52.2,53.1
3,1,2,8.8,95.3,17,1,1.25,116.9,47.3,12.5
7,2,4,7.4,109.4,11,1,1.35,29.2,46.9,12.4
43,24,5,8.4,80.7,12,0,0.95,19.1,56.3,48.6
18,8,2,7.6,60.3,17,0,1.4,90.2,34.5,45.5
44,26,2,8.8,47.5,10,3,0.95,26.6,46.4,123.5
38,6,2,10.0,45.9,10,3,0.95,71.7,35.4,30.5
37,16,4,7.3,98.5,8,3,0.9,66.3,40.2,33.7
58,36,3,9.4,109.4,13,4,1.4,69.4,10.0,187.5
33,12,2,7.6,85.8,11,5,1.0,79.7,31.6,55.0
44,11,3,7.6,106.5,15,4,1.1,102.9,36.8,42.8
59,3,3,7.4,58.0,13,4,1.25,36.3,36.9,17.1
31,31,5,5.5,80.2,10,5,1.05,68.9,38.0,48.9
58,44,3,8.8,70.9,14,3,0.95,43.7,27.8,127.5
11,5,2,8.4,68.6,10,5,1.25,41.7,38.0,30.8
4,2,2,8.2,80.6,16,0,0.95,7.3,55.0,8.2
59,19,3,10.3,54.8,15,4,1.1,73.9,38.4,77.0
18,18,2,10.5,81.2,10,0,1.1,116.8,57.6,121.8
4,4,4,10.0,83.8,9,5,1.0,92.5,56.8,17.1
49,23,3,7.6,96.9,10,3,1.0,32.9,35.0,72.7
34,9,3,7.6,88.4,11,0,1.25,87.4,48.8,35.9
29,3,3,6.5,55.6,10,4,1.05,39.2,26.2,12.5
24,8,4,8.1,66.1,16,0,1.4,91.7,29.4,27.4
22,6,3,8.0,39.6,17,3,1.05,103.3,43.3,26.0
2,2,4,8.8,50.6,9,4,1.1,43.4,48.1,8.2
44,12,3,6.4,71.7,15,4,1.0,5.3,61.4,33.9
6,4,4,7.4,38.1,14,3,0.95,40.1,40.0,16.1
42,31,4,5.5,75.6,8,1,1.0,28.7,44.1,44.2
25,25,2,6.9,61.2,13,2,1.0,76.1,43.2,106.5
